event_a,event_b,shared_scenarios_count,shared_scenarios,jaccard_similarity,total_scenarios_a,total_scenarios_b
CSMoveUnitPacket,PingPacket,14,"buy_chick,combat_basic_melee,combat_basic_ranged,dismount_horse,harvest_chicken,human_potato_plant,mount_horse,pick_potato,place_chick,quest_accept_and_turnin,sell_items,summon_dismiss_pet,talk_npc,use_bag_consumable",1.0,14,14
CSMoveUnitPacket,PongPacket,14,"buy_chick,combat_basic_melee,combat_basic_ranged,dismount_horse,harvest_chicken,human_potato_plant,mount_horse,pick_potato,place_chick,quest_accept_and_turnin,sell_items,summon_dismiss_pet,talk_npc,use_bag_consumable",1.0,14,14
CSMoveUnitPacket,SCChatMessagePacket,14,"buy_chick,combat_basic_melee,combat_basic_ranged,dismount_horse,harvest_chicken,human_potato_plant,mount_horse,pick_potato,place_chick,quest_accept_and_turnin,sell_items,summon_dismiss_pet,talk_npc,use_bag_consumable",1.0,14,14
CSMoveUnitPacket,SCOneUnitMovementPacket,14,"buy_chick,combat_basic_melee,combat_basic_ranged,dismount_horse,harvest_chicken,human_potato_plant,mount_horse,pick_potato,place_chick,quest_accept_and_turnin,sell_items,summon_dismiss_pet,talk_npc,use_bag_consumable",1.0,14,14
CSMoveUnitPacket,SCUnitModelPostureChangedPacket,14,"buy_chick,combat_basic_melee,combat_basic_ranged,dismount_horse,harvest_chicken,human_potato_plant,mount_horse,pick_potato,place_chick,quest_accept_and_turnin,sell_items,summon_dismiss_pet,talk_npc,use_bag_consumable",1.0,14,14
CSMoveUnitPacket,lifecycle:trace_started,14,"buy_chick,combat_basic_melee,combat_basic_ranged,dismount_horse,harvest_chicken,human_potato_plant,mount_horse,pick_potato,place_chick,quest_accept_and_turnin,sell_items,summon_dismiss_pet,talk_npc,use_bag_consumable",1.0,14,14
CSMoveUnitPacket,packet:packet_in,14,"buy_chick,combat_basic_melee,combat_basic_ranged,dismount_horse,harvest_chicken,human_potato_plant,mount_horse,pick_potato,place_chick,quest_accept_and_turnin,sell_items,summon_dismiss_pet,talk_npc,use_bag_consumable",1.0,14,14
CSMoveUnitPacket,packet:packet_out,14,"buy_chick,combat_basic_melee,combat_basic_ranged,dismount_horse,harvest_chicken,human_potato_plant,mount_horse,pick_potato,place_chick,quest_accept_and_turnin,sell_items,summon_dismiss_pet,talk_npc,use_bag_consumable",1.0,14,14
PingPacket,PongPacket,14,"buy_chick,combat_basic_melee,combat_basic_ranged,dismount_horse,harvest_chicken,human_potato_plant,mount_horse,pick_potato,place_chick,quest_accept_and_turnin,sell_items,summon_dismiss_pet,talk_npc,use_bag_consumable",1.0,14,14
PingPacket,SCChatMessagePacket,14,"buy_chick,combat_basic_melee,combat_basic_ranged,dismount_horse,harvest_chicken,human_potato_plant,mount_horse,pick_potato,place_chick,quest_accept_and_turnin,sell_items,summon_dismiss_pet,talk_npc,use_bag_consumable",1.0,14,14
PingPacket,SCOneUnitMovementPacket,14,"buy_chick,combat_basic_melee,combat_basic_ranged,dismount_horse,harvest_chicken,human_potato_plant,mount_horse,pick_potato,place_chick,quest_accept_and_turnin,sell_items,summon_dismiss_pet,talk_npc,use_bag_consumable",1.0,14,14
PingPacket,SCUnitModelPostureChangedPacket,14,"buy_chick,combat_basic_melee,combat_basic_ranged,dismount_horse,harvest_chicken,human_potato_plant,mount_horse,pick_potato,place_chick,quest_accept_and_turnin,sell_items,summon_dismiss_pet,talk_npc,use_bag_consumable",1.0,14,14
PingPacket,lifecycle:trace_started,14,"buy_chick,combat_basic_melee,combat_basic_ranged,dismount_horse,harvest_chicken,human_potato_plant,mount_horse,pick_potato,place_chick,quest_accept_and_turnin,sell_items,summon_dismiss_pet,talk_npc,use_bag_consumable",1.0,14,14
PingPacket,packet:packet_in,14,"buy_chick,combat_basic_melee,combat_basic_ranged,dismount_horse,harvest_chicken,human_potato_plant,mount_horse,pick_potato,place_chick,quest_accept_and_turnin,sell_items,summon_dismiss_pet,talk_npc,use_bag_consumable",1.0,14,14
PingPacket,packet:packet_out,14,"buy_chick,combat_basic_melee,combat_basic_ranged,dismount_horse,harvest_chicken,human_potato_plant,mount_horse,pick_potato,place_chick,quest_accept_and_turnin,sell_items,summon_dismiss_pet,talk_npc,use_bag_consumable",1.0,14,14
PongPacket,SCChatMessagePacket,14,"buy_chick,combat_basic_melee,combat_basic_ranged,dismount_horse,harvest_chicken,human_potato_plant,mount_horse,pick_potato,place_chick,quest_accept_and_turnin,sell_items,summon_dismiss_pet,talk_npc,use_bag_consumable",1.0,14,14
PongPacket,SCOneUnitMovementPacket,14,"buy_chick,combat_basic_melee,combat_basic_ranged,dismount_horse,harvest_chicken,human_potato_plant,mount_horse,pick_potato,place_chick,quest_accept_and_turnin,sell_items,summon_dismiss_pet,talk_npc,use_bag_consumable",1.0,14,14
PongPacket,SCUnitModelPostureChangedPacket,14,"buy_chick,combat_basic_melee,combat_basic_ranged,dismount_horse,harvest_chicken,human_potato_plant,mount_horse,pick_potato,place_chick,quest_accept_and_turnin,sell_items,summon_dismiss_pet,talk_npc,use_bag_consumable",1.0,14,14
PongPacket,lifecycle:trace_started,14,"buy_chick,combat_basic_melee,combat_basic_ranged,dismount_horse,harvest_chicken,human_potato_plant,mount_horse,pick_potato,place_chick,quest_accept_and_turnin,sell_items,summon_dismiss_pet,talk_npc,use_bag_consumable",1.0,14,14
PongPacket,packet:packet_in,14,"buy_chick,combat_basic_melee,combat_basic_ranged,dismount_horse,harvest_chicken,human_potato_plant,mount_horse,pick_potato,place_chick,quest_accept_and_turnin,sell_items,summon_dismiss_pet,talk_npc,use_bag_consumable",1.0,14,14
PongPacket,packet:packet_out,14,"buy_chick,combat_basic_melee,combat_basic_ranged,dismount_horse,harvest_chicken,human_potato_plant,mount_horse,pick_potato,place_chick,quest_accept_and_turnin,sell_items,summon_dismiss_pet,talk_npc,use_bag_consumable",1.0,14,14
SCChatMessagePacket,SCOneUnitMovementPacket,14,"buy_chick,combat_basic_melee,combat_basic_ranged,dismount_horse,harvest_chicken,human_potato_plant,mount_horse,pick_potato,place_chick,quest_accept_and_turnin,sell_items,summon_dismiss_pet,talk_npc,use_bag_consumable",1.0,14,14
SCChatMessagePacket,SCUnitModelPostureChangedPacket,14,"buy_chick,combat_basic_melee,combat_basic_ranged,dismount_horse,harvest_chicken,human_potato_plant,mount_horse,pick_potato,place_chick,quest_accept_and_turnin,sell_items,summon_dismiss_pet,talk_npc,use_bag_consumable",1.0,14,14
SCChatMessagePacket,lifecycle:trace_started,14,"buy_chick,combat_basic_melee,combat_basic_ranged,dismount_horse,harvest_chicken,human_potato_plant,mount_horse,pick_potato,place_chick,quest_accept_and_turnin,sell_items,summon_dismiss_pet,talk_npc,use_bag_consumable",1.0,14,14
SCChatMessagePacket,packet:packet_in,14,"buy_chick,combat_basic_melee,combat_basic_ranged,dismount_horse,harvest_chicken,human_potato_plant,mount_horse,pick_potato,place_chick,quest_accept_and_turnin,sell_items,summon_dismiss_pet,talk_npc,use_bag_consumable",1.0,14,14
SCChatMessagePacket,packet:packet_out,14,"buy_chick,combat_basic_melee,combat_basic_ranged,dismount_horse,harvest_chicken,human_potato_plant,mount_horse,pick_potato,place_chick,quest_accept_and_turnin,sell_items,summon_dismiss_pet,talk_npc,use_bag_consumable",1.0,14,14
SCOneUnitMovementPacket,SCUnitModelPostureChangedPacket,14,"buy_chick,combat_basic_melee,combat_basic_ranged,dismount_horse,harvest_chicken,human_potato_plant,mount_horse,pick_potato,place_chick,quest_accept_and_turnin,sell_items,summon_dismiss_pet,talk_npc,use_bag_consumable",1.0,14,14
SCOneUnitMovementPacket,lifecycle:trace_started,14,"buy_chick,combat_basic_melee,combat_basic_ranged,dismount_horse,harvest_chicken,human_potato_plant,mount_horse,pick_potato,place_chick,quest_accept_and_turnin,sell_items,summon_dismiss_pet,talk_npc,use_bag_consumable",1.0,14,14
SCOneUnitMovementPacket,packet:packet_in,14,"buy_chick,combat_basic_melee,combat_basic_ranged,dismount_horse,harvest_chicken,human_potato_plant,mount_horse,pick_potato,place_chick,quest_accept_and_turnin,sell_items,summon_dismiss_pet,talk_npc,use_bag_consumable",1.0,14,14
SCOneUnitMovementPacket,packet:packet_out,14,"buy_chick,combat_basic_melee,combat_basic_ranged,dismount_horse,harvest_chicken,human_potato_plant,mount_horse,pick_potato,place_chick,quest_accept_and_turnin,sell_items,summon_dismiss_pet,talk_npc,use_bag_consumable",1.0,14,14
SCUnitModelPostureChangedPacket,lifecycle:trace_started,14,"buy_chick,combat_basic_melee,combat_basic_ranged,dismount_horse,harvest_chicken,human_potato_plant,mount_horse,pick_potato,place_chick,quest_accept_and_turnin,sell_items,summon_dismiss_pet,talk_npc,use_bag_consumable",1.0,14,14
SCUnitModelPostureChangedPacket,packet:packet_in,14,"buy_chick,combat_basic_melee,combat_basic_ranged,dismount_horse,harvest_chicken,human_potato_plant,mount_horse,pick_potato,place_chick,quest_accept_and_turnin,sell_items,summon_dismiss_pet,talk_npc,use_bag_consumable",1.0,14,14
SCUnitModelPostureChangedPacket,packet:packet_out,14,"buy_chick,combat_basic_melee,combat_basic_ranged,dismount_horse,harvest_chicken,human_potato_plant,mount_horse,pick_potato,place_chick,quest_accept_and_turnin,sell_items,summon_dismiss_pet,talk_npc,use_bag_consumable",1.0,14,14
lifecycle:trace_started,packet:packet_in,14,"buy_chick,combat_basic_melee,combat_basic_ranged,dismount_horse,harvest_chicken,human_potato_plant,mount_horse,pick_potato,place_chick,quest_accept_and_turnin,sell_items,summon_dismiss_pet,talk_npc,use_bag_consumable",1.0,14,14
lifecycle:trace_started,packet:packet_out,14,"buy_chick,combat_basic_melee,combat_basic_ranged,dismount_horse,harvest_chicken,human_potato_plant,mount_horse,pick_potato,place_chick,quest_accept_and_turnin,sell_items,summon_dismiss_pet,talk_npc,use_bag_consumable",1.0,14,14
packet:packet_in,packet:packet_out,14,"buy_chick,combat_basic_melee,combat_basic_ranged,dismount_horse,harvest_chicken,human_potato_plant,mount_horse,pick_potato,place_chick,quest_accept_and_turnin,sell_items,summon_dismiss_pet,talk_npc,use_bag_consumable",1.0,14,14
CSMoveUnitPacket,SCTimeOfDayPacket,13,"buy_chick,combat_basic_melee,combat_basic_ranged,dismount_horse,harvest_chicken,human_potato_plant,mount_horse,pick_potato,quest_accept_and_turnin,sell_items,summon_dismiss_pet,talk_npc,use_bag_consumable",0.9286,14,13
CSMoveUnitPacket,lifecycle:trace_stopped,13,"buy_chick,combat_basic_melee,combat_basic_ranged,dismount_horse,harvest_chicken,mount_horse,pick_potato,place_chick,quest_accept_and_turnin,sell_items,summon_dismiss_pet,talk_npc,use_bag_consumable",0.9286,14,13
PingPacket,SCTimeOfDayPacket,13,"buy_chick,combat_basic_melee,combat_basic_ranged,dismount_horse,harvest_chicken,human_potato_plant,mount_horse,pick_potato,quest_accept_and_turnin,sell_items,summon_dismiss_pet,talk_npc,use_bag_consumable",0.9286,14,13
PingPacket,lifecycle:trace_stopped,13,"buy_chick,combat_basic_melee,combat_basic_ranged,dismount_horse,harvest_chicken,mount_horse,pick_potato,place_chick,quest_accept_and_turnin,sell_items,summon_dismiss_pet,talk_npc,use_bag_consumable",0.9286,14,13
PongPacket,SCTimeOfDayPacket,13,"buy_chick,combat_basic_melee,combat_basic_ranged,dismount_horse,harvest_chicken,human_potato_plant,mount_horse,pick_potato,quest_accept_and_turnin,sell_items,summon_dismiss_pet,talk_npc,use_bag_consumable",0.9286,14,13
PongPacket,lifecycle:trace_stopped,13,"buy_chick,combat_basic_melee,combat_basic_ranged,dismount_horse,harvest_chicken,mount_horse,pick_potato,place_chick,quest_accept_and_turnin,sell_items,summon_dismiss_pet,talk_npc,use_bag_consumable",0.9286,14,13
SCChatMessagePacket,SCTimeOfDayPacket,13,"buy_chick,combat_basic_melee,combat_basic_ranged,dismount_horse,harvest_chicken,human_potato_plant,mount_horse,pick_potato,quest_accept_and_turnin,sell_items,summon_dismiss_pet,talk_npc,use_bag_consumable",0.9286,14,13
SCChatMessagePacket,lifecycle:trace_stopped,13,"buy_chick,combat_basic_melee,combat_basic_ranged,dismount_horse,harvest_chicken,mount_horse,pick_potato,place_chick,quest_accept_and_turnin,sell_items,summon_dismiss_pet,talk_npc,use_bag_consumable",0.9286,14,13
SCOneUnitMovementPacket,SCTimeOfDayPacket,13,"buy_chick,combat_basic_melee,combat_basic_ranged,dismount_horse,harvest_chicken,human_potato_plant,mount_horse,pick_potato,quest_accept_and_turnin,sell_items,summon_dismiss_pet,talk_npc,use_bag_consumable",0.9286,14,13
SCOneUnitMovementPacket,lifecycle:trace_stopped,13,"buy_chick,combat_basic_melee,combat_basic_ranged,dismount_horse,harvest_chicken,mount_horse,pick_potato,place_chick,quest_accept_and_turnin,sell_items,summon_dismiss_pet,talk_npc,use_bag_consumable",0.9286,14,13
SCTimeOfDayPacket,SCUnitModelPostureChangedPacket,13,"buy_chick,combat_basic_melee,combat_basic_ranged,dismount_horse,harvest_chicken,human_potato_plant,mount_horse,pick_potato,quest_accept_and_turnin,sell_items,summon_dismiss_pet,talk_npc,use_bag_consumable",0.9286,13,14
SCTimeOfDayPacket,lifecycle:trace_started,13,"buy_chick,combat_basic_melee,combat_basic_ranged,dismount_horse,harvest_chicken,human_potato_plant,mount_horse,pick_potato,quest_accept_and_turnin,sell_items,summon_dismiss_pet,talk_npc,use_bag_consumable",0.9286,13,14
SCTimeOfDayPacket,packet:packet_in,13,"buy_chick,combat_basic_melee,combat_basic_ranged,dismount_horse,harvest_chicken,human_potato_plant,mount_horse,pick_potato,quest_accept_and_turnin,sell_items,summon_dismiss_pet,talk_npc,use_bag_consumable",0.9286,13,14
SCTimeOfDayPacket,packet:packet_out,13,"buy_chick,combat_basic_melee,combat_basic_ranged,dismount_horse,harvest_chicken,human_potato_plant,mount_horse,pick_potato,quest_accept_and_turnin,sell_items,summon_dismiss_pet,talk_npc,use_bag_consumable",0.9286,13,14
SCUnitModelPostureChangedPacket,lifecycle:trace_stopped,13,"buy_chick,combat_basic_melee,combat_basic_ranged,dismount_horse,harvest_chicken,mount_horse,pick_potato,place_chick,quest_accept_and_turnin,sell_items,summon_dismiss_pet,talk_npc,use_bag_consumable",0.9286,14,13
lifecycle:trace_started,lifecycle:trace_stopped,13,"buy_chick,combat_basic_melee,combat_basic_ranged,dismount_horse,harvest_chicken,mount_horse,pick_potato,place_chick,quest_accept_and_turnin,sell_items,summon_dismiss_pet,talk_npc,use_bag_consumable",0.9286,14,13
lifecycle:trace_stopped,packet:packet_in,13,"buy_chick,combat_basic_melee,combat_basic_ranged,dismount_horse,harvest_chicken,mount_horse,pick_potato,place_chick,quest_accept_and_turnin,sell_items,summon_dismiss_pet,talk_npc,use_bag_consumable",0.9286,13,14
lifecycle:trace_stopped,packet:packet_out,13,"buy_chick,combat_basic_melee,combat_basic_ranged,dismount_horse,harvest_chicken,mount_horse,pick_potato,place_chick,quest_accept_and_turnin,sell_items,summon_dismiss_pet,talk_npc,use_bag_consumable",0.9286,13,14
CSMoveUnitPacket,SCTargetChangedPacket,12,"combat_basic_melee,combat_basic_ranged,dismount_horse,harvest_chicken,human_potato_plant,mount_horse,pick_potato,quest_accept_and_turnin,sell_items,summon_dismiss_pet,talk_npc,use_bag_consumable",0.8571,14,12
PingPacket,SCTargetChangedPacket,12,"combat_basic_melee,combat_basic_ranged,dismount_horse,harvest_chicken,human_potato_plant,mount_horse,pick_potato,quest_accept_and_turnin,sell_items,summon_dismiss_pet,talk_npc,use_bag_consumable",0.8571,14,12
PongPacket,SCTargetChangedPacket,12,"combat_basic_melee,combat_basic_ranged,dismount_horse,harvest_chicken,human_potato_plant,mount_horse,pick_potato,quest_accept_and_turnin,sell_items,summon_dismiss_pet,talk_npc,use_bag_consumable",0.8571,14,12
SCChatMessagePacket,SCTargetChangedPacket,12,"combat_basic_melee,combat_basic_ranged,dismount_horse,harvest_chicken,human_potato_plant,mount_horse,pick_potato,quest_accept_and_turnin,sell_items,summon_dismiss_pet,talk_npc,use_bag_consumable",0.8571,14,12
SCOneUnitMovementPacket,SCTargetChangedPacket,12,"combat_basic_melee,combat_basic_ranged,dismount_horse,harvest_chicken,human_potato_plant,mount_horse,pick_potato,quest_accept_and_turnin,sell_items,summon_dismiss_pet,talk_npc,use_bag_consumable",0.8571,14,12
SCTargetChangedPacket,SCTimeOfDayPacket,12,"combat_basic_melee,combat_basic_ranged,dismount_horse,harvest_chicken,human_potato_plant,mount_horse,pick_potato,quest_accept_and_turnin,sell_items,summon_dismiss_pet,talk_npc,use_bag_consumable",0.9231,12,13
SCTargetChangedPacket,SCUnitModelPostureChangedPacket,12,"combat_basic_melee,combat_basic_ranged,dismount_horse,harvest_chicken,human_potato_plant,mount_horse,pick_potato,quest_accept_and_turnin,sell_items,summon_dismiss_pet,talk_npc,use_bag_consumable",0.8571,12,14
SCTargetChangedPacket,lifecycle:trace_started,12,"combat_basic_melee,combat_basic_ranged,dismount_horse,harvest_chicken,human_potato_plant,mount_horse,pick_potato,quest_accept_and_turnin,sell_items,summon_dismiss_pet,talk_npc,use_bag_consumable",0.8571,12,14
SCTargetChangedPacket,packet:packet_in,12,"combat_basic_melee,combat_basic_ranged,dismount_horse,harvest_chicken,human_potato_plant,mount_horse,pick_potato,quest_accept_and_turnin,sell_items,summon_dismiss_pet,talk_npc,use_bag_consumable",0.8571,12,14
SCTargetChangedPacket,packet:packet_out,12,"combat_basic_melee,combat_basic_ranged,dismount_horse,harvest_chicken,human_potato_plant,mount_horse,pick_potato,quest_accept_and_turnin,sell_items,summon_dismiss_pet,talk_npc,use_bag_consumable",0.8571,12,14
SCTimeOfDayPacket,lifecycle:trace_stopped,12,"buy_chick,combat_basic_melee,combat_basic_ranged,dismount_horse,harvest_chicken,mount_horse,pick_potato,quest_accept_and_turnin,sell_items,summon_dismiss_pet,talk_npc,use_bag_consumable",0.8571,13,13
SCTargetChangedPacket,lifecycle:trace_stopped,11,"combat_basic_melee,combat_basic_ranged,dismount_horse,harvest_chicken,mount_horse,pick_potato,quest_accept_and_turnin,sell_items,summon_dismiss_pet,talk_npc,use_bag_consumable",0.7857,12,13
CSMoveUnitPacket,CSSendChatMessagePacket,10,"buy_chick,dismount_horse,harvest_chicken,human_potato_plant,mount_horse,pick_potato,place_chick,sell_items,summon_dismiss_pet,talk_npc",0.7143,14,10
CSMoveUnitPacket,SCItemTaskSuccessPacket,10,"buy_chick,harvest_chicken,human_potato_plant,mount_horse,pick_potato,place_chick,quest_accept_and_turnin,sell_items,summon_dismiss_pet,use_bag_consumable",0.7143,14,10
CSMoveUnitPacket,SCSkillEndedPacket,10,"combat_basic_melee,combat_basic_ranged,dismount_horse,harvest_chicken,human_potato_plant,mount_horse,pick_potato,quest_accept_and_turnin,summon_dismiss_pet,use_bag_consumable",0.7143,14,10
CSMoveUnitPacket,SCSkillFiredPacket,10,"combat_basic_melee,combat_basic_ranged,dismount_horse,harvest_chicken,human_potato_plant,mount_horse,pick_potato,quest_accept_and_turnin,summon_dismiss_pet,use_bag_consumable",0.7143,14,10
CSMoveUnitPacket,SCUnitPointsPacket,10,"combat_basic_melee,combat_basic_ranged,dismount_horse,harvest_chicken,human_potato_plant,mount_horse,pick_potato,quest_accept_and_turnin,summon_dismiss_pet,use_bag_consumable",0.7143,14,10
CSSendChatMessagePacket,PingPacket,10,"buy_chick,dismount_horse,harvest_chicken,human_potato_plant,mount_horse,pick_potato,place_chick,sell_items,summon_dismiss_pet,talk_npc",0.7143,10,14
CSSendChatMessagePacket,PongPacket,10,"buy_chick,dismount_horse,harvest_chicken,human_potato_plant,mount_horse,pick_potato,place_chick,sell_items,summon_dismiss_pet,talk_npc",0.7143,10,14
CSSendChatMessagePacket,SCChatMessagePacket,10,"buy_chick,dismount_horse,harvest_chicken,human_potato_plant,mount_horse,pick_potato,place_chick,sell_items,summon_dismiss_pet,talk_npc",0.7143,10,14
CSSendChatMessagePacket,SCOneUnitMovementPacket,10,"buy_chick,dismount_horse,harvest_chicken,human_potato_plant,mount_horse,pick_potato,place_chick,sell_items,summon_dismiss_pet,talk_npc",0.7143,10,14
CSSendChatMessagePacket,SCUnitModelPostureChangedPacket,10,"buy_chick,dismount_horse,harvest_chicken,human_potato_plant,mount_horse,pick_potato,place_chick,sell_items,summon_dismiss_pet,talk_npc",0.7143,10,14
CSSendChatMessagePacket,lifecycle:trace_started,10,"buy_chick,dismount_horse,harvest_chicken,human_potato_plant,mount_horse,pick_potato,place_chick,sell_items,summon_dismiss_pet,talk_npc",0.7143,10,14
CSSendChatMessagePacket,packet:packet_in,10,"buy_chick,dismount_horse,harvest_chicken,human_potato_plant,mount_horse,pick_potato,place_chick,sell_items,summon_dismiss_pet,talk_npc",0.7143,10,14
CSSendChatMessagePacket,packet:packet_out,10,"buy_chick,dismount_horse,harvest_chicken,human_potato_plant,mount_horse,pick_potato,place_chick,sell_items,summon_dismiss_pet,talk_npc",0.7143,10,14
PingPacket,SCItemTaskSuccessPacket,10,"buy_chick,harvest_chicken,human_potato_plant,mount_horse,pick_potato,place_chick,quest_accept_and_turnin,sell_items,summon_dismiss_pet,use_bag_consumable",0.7143,14,10
PingPacket,SCSkillEndedPacket,10,"combat_basic_melee,combat_basic_ranged,dismount_horse,harvest_chicken,human_potato_plant,mount_horse,pick_potato,quest_accept_and_turnin,summon_dismiss_pet,use_bag_consumable",0.7143,14,10
PingPacket,SCSkillFiredPacket,10,"combat_basic_melee,combat_basic_ranged,dismount_horse,harvest_chicken,human_potato_plant,mount_horse,pick_potato,quest_accept_and_turnin,summon_dismiss_pet,use_bag_consumable",0.7143,14,10
PingPacket,SCUnitPointsPacket,10,"combat_basic_melee,combat_basic_ranged,dismount_horse,harvest_chicken,human_potato_plant,mount_horse,pick_potato,quest_accept_and_turnin,summon_dismiss_pet,use_bag_consumable",0.7143,14,10
PongPacket,SCItemTaskSuccessPacket,10,"buy_chick,harvest_chicken,human_potato_plant,mount_horse,pick_potato,place_chick,quest_accept_and_turnin,sell_items,summon_dismiss_pet,use_bag_consumable",0.7143,14,10
PongPacket,SCSkillEndedPacket,10,"combat_basic_melee,combat_basic_ranged,dismount_horse,harvest_chicken,human_potato_plant,mount_horse,pick_potato,quest_accept_and_turnin,summon_dismiss_pet,use_bag_consumable",0.7143,14,10
PongPacket,SCSkillFiredPacket,10,"combat_basic_melee,combat_basic_ranged,dismount_horse,harvest_chicken,human_potato_plant,mount_horse,pick_potato,quest_accept_and_turnin,summon_dismiss_pet,use_bag_consumable",0.7143,14,10
PongPacket,SCUnitPointsPacket,10,"combat_basic_melee,combat_basic_ranged,dismount_horse,harvest_chicken,human_potato_plant,mount_horse,pick_potato,quest_accept_and_turnin,summon_dismiss_pet,use_bag_consumable",0.7143,14,10
SCChatMessagePacket,SCItemTaskSuccessPacket,10,"buy_chick,harvest_chicken,human_potato_plant,mount_horse,pick_potato,place_chick,quest_accept_and_turnin,sell_items,summon_dismiss_pet,use_bag_consumable",0.7143,14,10
SCChatMessagePacket,SCSkillEndedPacket,10,"combat_basic_melee,combat_basic_ranged,dismount_horse,harvest_chicken,human_potato_plant,mount_horse,pick_potato,quest_accept_and_turnin,summon_dismiss_pet,use_bag_consumable",0.7143,14,10
SCChatMessagePacket,SCSkillFiredPacket,10,"combat_basic_melee,combat_basic_ranged,dismount_horse,harvest_chicken,human_potato_plant,mount_horse,pick_potato,quest_accept_and_turnin,summon_dismiss_pet,use_bag_consumable",0.7143,14,10
SCChatMessagePacket,SCUnitPointsPacket,10,"combat_basic_melee,combat_basic_ranged,dismount_horse,harvest_chicken,human_potato_plant,mount_horse,pick_potato,quest_accept_and_turnin,summon_dismiss_pet,use_bag_consumable",0.7143,14,10
SCItemTaskSuccessPacket,SCOneUnitMovementPacket,10,"buy_chick,harvest_chicken,human_potato_plant,mount_horse,pick_potato,place_chick,quest_accept_and_turnin,sell_items,summon_dismiss_pet,use_bag_consumable",0.7143,10,14
SCItemTaskSuccessPacket,SCUnitModelPostureChangedPacket,10,"buy_chick,harvest_chicken,human_potato_plant,mount_horse,pick_potato,place_chick,quest_accept_and_turnin,sell_items,summon_dismiss_pet,use_bag_consumable",0.7143,10,14
SCItemTaskSuccessPacket,lifecycle:trace_started,10,"buy_chick,harvest_chicken,human_potato_plant,mount_horse,pick_potato,place_chick,quest_accept_and_turnin,sell_items,summon_dismiss_pet,use_bag_consumable",0.7143,10,14
SCItemTaskSuccessPacket,packet:packet_in,10,"buy_chick,harvest_chicken,human_potato_plant,mount_horse,pick_potato,place_chick,quest_accept_and_turnin,sell_items,summon_dismiss_pet,use_bag_consumable",0.7143,10,14
SCItemTaskSuccessPacket,packet:packet_out,10,"buy_chick,harvest_chicken,human_potato_plant,mount_horse,pick_potato,place_chick,quest_accept_and_turnin,sell_items,summon_dismiss_pet,use_bag_consumable",0.7143,10,14
SCOneUnitMovementPacket,SCSkillEndedPacket,10,"combat_basic_melee,combat_basic_ranged,dismount_horse,harvest_chicken,human_potato_plant,mount_horse,pick_potato,quest_accept_and_turnin,summon_dismiss_pet,use_bag_consumable",0.7143,14,10
SCOneUnitMovementPacket,SCSkillFiredPacket,10,"combat_basic_melee,combat_basic_ranged,dismount_horse,harvest_chicken,human_potato_plant,mount_horse,pick_potato,quest_accept_and_turnin,summon_dismiss_pet,use_bag_consumable",0.7143,14,10
SCOneUnitMovementPacket,SCUnitPointsPacket,10,"combat_basic_melee,combat_basic_ranged,dismount_horse,harvest_chicken,human_potato_plant,mount_horse,pick_potato,quest_accept_and_turnin,summon_dismiss_pet,use_bag_consumable",0.7143,14,10
SCSkillEndedPacket,SCSkillFiredPacket,10,"combat_basic_melee,combat_basic_ranged,dismount_horse,harvest_chicken,human_potato_plant,mount_horse,pick_potato,quest_accept_and_turnin,summon_dismiss_pet,use_bag_consumable",1.0,10,10
SCSkillEndedPacket,SCTargetChangedPacket,10,"combat_basic_melee,combat_basic_ranged,dismount_horse,harvest_chicken,human_potato_plant,mount_horse,pick_potato,quest_accept_and_turnin,summon_dismiss_pet,use_bag_consumable",0.8333,10,12
SCSkillEndedPacket,SCTimeOfDayPacket,10,"combat_basic_melee,combat_basic_ranged,dismount_horse,harvest_chicken,human_potato_plant,mount_horse,pick_potato,quest_accept_and_turnin,summon_dismiss_pet,use_bag_consumable",0.7692,10,13
SCSkillEndedPacket,SCUnitModelPostureChangedPacket,10,"combat_basic_melee,combat_basic_ranged,dismount_horse,harvest_chicken,human_potato_plant,mount_horse,pick_potato,quest_accept_and_turnin,summon_dismiss_pet,use_bag_consumable",0.7143,10,14
SCSkillEndedPacket,SCUnitPointsPacket,10,"combat_basic_melee,combat_basic_ranged,dismount_horse,harvest_chicken,human_potato_plant,mount_horse,pick_potato,quest_accept_and_turnin,summon_dismiss_pet,use_bag_consumable",1.0,10,10
SCSkillEndedPacket,lifecycle:trace_started,10,"combat_basic_melee,combat_basic_ranged,dismount_horse,harvest_chicken,human_potato_plant,mount_horse,pick_potato,quest_accept_and_turnin,summon_dismiss_pet,use_bag_consumable",0.7143,10,14
SCSkillEndedPacket,packet:packet_in,10,"combat_basic_melee,combat_basic_ranged,dismount_horse,harvest_chicken,human_potato_plant,mount_horse,pick_potato,quest_accept_and_turnin,summon_dismiss_pet,use_bag_consumable",0.7143,10,14
SCSkillEndedPacket,packet:packet_out,10,"combat_basic_melee,combat_basic_ranged,dismount_horse,harvest_chicken,human_potato_plant,mount_horse,pick_potato,quest_accept_and_turnin,summon_dismiss_pet,use_bag_consumable",0.7143,10,14
SCSkillFiredPacket,SCTargetChangedPacket,10,"combat_basic_melee,combat_basic_ranged,dismount_horse,harvest_chicken,human_potato_plant,mount_horse,pick_potato,quest_accept_and_turnin,summon_dismiss_pet,use_bag_consumable",0.8333,10,12
SCSkillFiredPacket,SCTimeOfDayPacket,10,"combat_basic_melee,combat_basic_ranged,dismount_horse,harvest_chicken,human_potato_plant,mount_horse,pick_potato,quest_accept_and_turnin,summon_dismiss_pet,use_bag_consumable",0.7692,10,13
SCSkillFiredPacket,SCUnitModelPostureChangedPacket,10,"combat_basic_melee,combat_basic_ranged,dismount_horse,harvest_chicken,human_potato_plant,mount_horse,pick_potato,quest_accept_and_turnin,summon_dismiss_pet,use_bag_consumable",0.7143,10,14
SCSkillFiredPacket,SCUnitPointsPacket,10,"combat_basic_melee,combat_basic_ranged,dismount_horse,harvest_chicken,human_potato_plant,mount_horse,pick_potato,quest_accept_and_turnin,summon_dismiss_pet,use_bag_consumable",1.0,10,10
SCSkillFiredPacket,lifecycle:trace_started,10,"combat_basic_melee,combat_basic_ranged,dismount_horse,harvest_chicken,human_potato_plant,mount_horse,pick_potato,quest_accept_and_turnin,summon_dismiss_pet,use_bag_consumable",0.7143,10,14
SCSkillFiredPacket,packet:packet_in,10,"combat_basic_melee,combat_basic_ranged,dismount_horse,harvest_chicken,human_potato_plant,mount_horse,pick_potato,quest_accept_and_turnin,summon_dismiss_pet,use_bag_consumable",0.7143,10,14
SCSkillFiredPacket,packet:packet_out,10,"combat_basic_melee,combat_basic_ranged,dismount_horse,harvest_chicken,human_potato_plant,mount_horse,pick_potato,quest_accept_and_turnin,summon_dismiss_pet,use_bag_consumable",0.7143,10,14
SCTargetChangedPacket,SCUnitPointsPacket,10,"combat_basic_melee,combat_basic_ranged,dismount_horse,harvest_chicken,human_potato_plant,mount_horse,pick_potato,quest_accept_and_turnin,summon_dismiss_pet,use_bag_consumable",0.8333,12,10
SCTimeOfDayPacket,SCUnitPointsPacket,10,"combat_basic_melee,combat_basic_ranged,dismount_horse,harvest_chicken,human_potato_plant,mount_horse,pick_potato,quest_accept_and_turnin,summon_dismiss_pet,use_bag_consumable",0.7692,13,10
SCUnitModelPostureChangedPacket,SCUnitPointsPacket,10,"combat_basic_melee,combat_basic_ranged,dismount_horse,harvest_chicken,human_potato_plant,mount_horse,pick_potato,quest_accept_and_turnin,summon_dismiss_pet,use_bag_consumable",0.7143,14,10
SCUnitPointsPacket,lifecycle:trace_started,10,"combat_basic_melee,combat_basic_ranged,dismount_horse,harvest_chicken,human_potato_plant,mount_horse,pick_potato,quest_accept_and_turnin,summon_dismiss_pet,use_bag_consumable",0.7143,10,14
SCUnitPointsPacket,packet:packet_in,10,"combat_basic_melee,combat_basic_ranged,dismount_horse,harvest_chicken,human_potato_plant,mount_horse,pick_potato,quest_accept_and_turnin,summon_dismiss_pet,use_bag_consumable",0.7143,10,14
SCUnitPointsPacket,packet:packet_out,10,"combat_basic_melee,combat_basic_ranged,dismount_horse,harvest_chicken,human_potato_plant,mount_horse,pick_potato,quest_accept_and_turnin,summon_dismiss_pet,use_bag_consumable",0.7143,10,14
CSMoveUnitPacket,CSStartSkillPacket,9,"combat_basic_melee,combat_basic_ranged,harvest_chicken,human_potato_plant,mount_horse,pick_potato,quest_accept_and_turnin,summon_dismiss_pet,use_bag_consumable",0.6429,14,9
CSMoveUnitPacket,movement:move_begin,9,"combat_basic_melee,dismount_horse,harvest_chicken,human_potato_plant,pick_potato,quest_accept_and_turnin,sell_items,summon_dismiss_pet,talk_npc",0.6429,14,9
CSMoveUnitPacket,movement:move_stop,9,"combat_basic_melee,dismount_horse,harvest_chicken,human_potato_plant,pick_potato,quest_accept_and_turnin,sell_items,summon_dismiss_pet,talk_npc",0.6429,14,9
CSMoveUnitPacket,skill:skill_requested,9,"combat_basic_melee,combat_basic_ranged,harvest_chicken,human_potato_plant,mount_horse,pick_potato,quest_accept_and_turnin,summon_dismiss_pet,use_bag_consumable",0.6429,14,9
CSSendChatMessagePacket,SCTimeOfDayPacket,9,"buy_chick,dismount_horse,harvest_chicken,human_potato_plant,mount_horse,pick_potato,sell_items,summon_dismiss_pet,talk_npc",0.6429,10,13
CSSendChatMessagePacket,lifecycle:trace_stopped,9,"buy_chick,dismount_horse,harvest_chicken,mount_horse,pick_potato,place_chick,sell_items,summon_dismiss_pet,talk_npc",0.6429,10,13
CSStartSkillPacket,PingPacket,9,"combat_basic_melee,combat_basic_ranged,harvest_chicken,human_potato_plant,mount_horse,pick_potato,quest_accept_and_turnin,summon_dismiss_pet,use_bag_consumable",0.6429,9,14
CSStartSkillPacket,PongPacket,9,"combat_basic_melee,combat_basic_ranged,harvest_chicken,human_potato_plant,mount_horse,pick_potato,quest_accept_and_turnin,summon_dismiss_pet,use_bag_consumable",0.6429,9,14
CSStartSkillPacket,SCChatMessagePacket,9,"combat_basic_melee,combat_basic_ranged,harvest_chicken,human_potato_plant,mount_horse,pick_potato,quest_accept_and_turnin,summon_dismiss_pet,use_bag_consumable",0.6429,9,14
CSStartSkillPacket,SCOneUnitMovementPacket,9,"combat_basic_melee,combat_basic_ranged,harvest_chicken,human_potato_plant,mount_horse,pick_potato,quest_accept_and_turnin,summon_dismiss_pet,use_bag_consumable",0.6429,9,14
CSStartSkillPacket,SCSkillEndedPacket,9,"combat_basic_melee,combat_basic_ranged,harvest_chicken,human_potato_plant,mount_horse,pick_potato,quest_accept_and_turnin,summon_dismiss_pet,use_bag_consumable",0.9,9,10
CSStartSkillPacket,SCSkillFiredPacket,9,"combat_basic_melee,combat_basic_ranged,harvest_chicken,human_potato_plant,mount_horse,pick_potato,quest_accept_and_turnin,summon_dismiss_pet,use_bag_consumable",0.9,9,10
CSStartSkillPacket,SCTargetChangedPacket,9,"combat_basic_melee,combat_basic_ranged,harvest_chicken,human_potato_plant,mount_horse,pick_potato,quest_accept_and_turnin,summon_dismiss_pet,use_bag_consumable",0.75,9,12
CSStartSkillPacket,SCTimeOfDayPacket,9,"combat_basic_melee,combat_basic_ranged,harvest_chicken,human_potato_plant,mount_horse,pick_potato,quest_accept_and_turnin,summon_dismiss_pet,use_bag_consumable",0.6923,9,13
CSStartSkillPacket,SCUnitModelPostureChangedPacket,9,"combat_basic_melee,combat_basic_ranged,harvest_chicken,human_potato_plant,mount_horse,pick_potato,quest_accept_and_turnin,summon_dismiss_pet,use_bag_consumable",0.6429,9,14
CSStartSkillPacket,SCUnitPointsPacket,9,"combat_basic_melee,combat_basic_ranged,harvest_chicken,human_potato_plant,mount_horse,pick_potato,quest_accept_and_turnin,summon_dismiss_pet,use_bag_consumable",0.9,9,10
CSStartSkillPacket,lifecycle:trace_started,9,"combat_basic_melee,combat_basic_ranged,harvest_chicken,human_potato_plant,mount_horse,pick_potato,quest_accept_and_turnin,summon_dismiss_pet,use_bag_consumable",0.6429,9,14
CSStartSkillPacket,packet:packet_in,9,"combat_basic_melee,combat_basic_ranged,harvest_chicken,human_potato_plant,mount_horse,pick_potato,quest_accept_and_turnin,summon_dismiss_pet,use_bag_consumable",0.6429,9,14
CSStartSkillPacket,packet:packet_out,9,"combat_basic_melee,combat_basic_ranged,harvest_chicken,human_potato_plant,mount_horse,pick_potato,quest_accept_and_turnin,summon_dismiss_pet,use_bag_consumable",0.6429,9,14
CSStartSkillPacket,skill:skill_requested,9,"combat_basic_melee,combat_basic_ranged,harvest_chicken,human_potato_plant,mount_horse,pick_potato,quest_accept_and_turnin,summon_dismiss_pet,use_bag_consumable",1.0,9,9
PingPacket,movement:move_begin,9,"combat_basic_melee,dismount_horse,harvest_chicken,human_potato_plant,pick_potato,quest_accept_and_turnin,sell_items,summon_dismiss_pet,talk_npc",0.6429,14,9
PingPacket,movement:move_stop,9,"combat_basic_melee,dismount_horse,harvest_chicken,human_potato_plant,pick_potato,quest_accept_and_turnin,sell_items,summon_dismiss_pet,talk_npc",0.6429,14,9
PingPacket,skill:skill_requested,9,"combat_basic_melee,combat_basic_ranged,harvest_chicken,human_potato_plant,mount_horse,pick_potato,quest_accept_and_turnin,summon_dismiss_pet,use_bag_consumable",0.6429,14,9
PongPacket,movement:move_begin,9,"combat_basic_melee,dismount_horse,harvest_chicken,human_potato_plant,pick_potato,quest_accept_and_turnin,sell_items,summon_dismiss_pet,talk_npc",0.6429,14,9
PongPacket,movement:move_stop,9,"combat_basic_melee,dismount_horse,harvest_chicken,human_potato_plant,pick_potato,quest_accept_and_turnin,sell_items,summon_dismiss_pet,talk_npc",0.6429,14,9
PongPacket,skill:skill_requested,9,"combat_basic_melee,combat_basic_ranged,harvest_chicken,human_potato_plant,mount_horse,pick_potato,quest_accept_and_turnin,summon_dismiss_pet,use_bag_consumable",0.6429,14,9
SCChatMessagePacket,movement:move_begin,9,"combat_basic_melee,dismount_horse,harvest_chicken,human_potato_plant,pick_potato,quest_accept_and_turnin,sell_items,summon_dismiss_pet,talk_npc",0.6429,14,9
SCChatMessagePacket,movement:move_stop,9,"combat_basic_melee,dismount_horse,harvest_chicken,human_potato_plant,pick_potato,quest_accept_and_turnin,sell_items,summon_dismiss_pet,talk_npc",0.6429,14,9
SCChatMessagePacket,skill:skill_requested,9,"combat_basic_melee,combat_basic_ranged,harvest_chicken,human_potato_plant,mount_horse,pick_potato,quest_accept_and_turnin,summon_dismiss_pet,use_bag_consumable",0.6429,14,9
SCItemTaskSuccessPacket,SCTimeOfDayPacket,9,"buy_chick,harvest_chicken,human_potato_plant,mount_horse,pick_potato,quest_accept_and_turnin,sell_items,summon_dismiss_pet,use_bag_consumable",0.6429,10,13
SCItemTaskSuccessPacket,lifecycle:trace_stopped,9,"buy_chick,harvest_chicken,mount_horse,pick_potato,place_chick,quest_accept_and_turnin,sell_items,summon_dismiss_pet,use_bag_consumable",0.6429,10,13
SCOneUnitMovementPacket,movement:move_begin,9,"combat_basic_melee,dismount_horse,harvest_chicken,human_potato_plant,pick_potato,quest_accept_and_turnin,sell_items,summon_dismiss_pet,talk_npc",0.6429,14,9
SCOneUnitMovementPacket,movement:move_stop,9,"combat_basic_melee,dismount_horse,harvest_chicken,human_potato_plant,pick_potato,quest_accept_and_turnin,sell_items,summon_dismiss_pet,talk_npc",0.6429,14,9
SCOneUnitMovementPacket,skill:skill_requested,9,"combat_basic_melee,combat_basic_ranged,harvest_chicken,human_potato_plant,mount_horse,pick_potato,quest_accept_and_turnin,summon_dismiss_pet,use_bag_consumable",0.6429,14,9
SCSkillEndedPacket,lifecycle:trace_stopped,9,"combat_basic_melee,combat_basic_ranged,dismount_horse,harvest_chicken,mount_horse,pick_potato,quest_accept_and_turnin,summon_dismiss_pet,use_bag_consumable",0.6429,10,13
SCSkillEndedPacket,skill:skill_requested,9,"combat_basic_melee,combat_basic_ranged,harvest_chicken,human_potato_plant,mount_horse,pick_potato,quest_accept_and_turnin,summon_dismiss_pet,use_bag_consumable",0.9,10,9
SCSkillFiredPacket,lifecycle:trace_stopped,9,"combat_basic_melee,combat_basic_ranged,dismount_horse,harvest_chicken,mount_horse,pick_potato,quest_accept_and_turnin,summon_dismiss_pet,use_bag_consumable",0.6429,10,13
SCSkillFiredPacket,skill:skill_requested,9,"combat_basic_melee,combat_basic_ranged,harvest_chicken,human_potato_plant,mount_horse,pick_potato,quest_accept_and_turnin,summon_dismiss_pet,use_bag_consumable",0.9,10,9
SCTargetChangedPacket,movement:move_begin,9,"combat_basic_melee,dismount_horse,harvest_chicken,human_potato_plant,pick_potato,quest_accept_and_turnin,sell_items,summon_dismiss_pet,talk_npc",0.75,12,9
SCTargetChangedPacket,movement:move_stop,9,"combat_basic_melee,dismount_horse,harvest_chicken,human_potato_plant,pick_potato,quest_accept_and_turnin,sell_items,summon_dismiss_pet,talk_npc",0.75,12,9
SCTargetChangedPacket,skill:skill_requested,9,"combat_basic_melee,combat_basic_ranged,harvest_chicken,human_potato_plant,mount_horse,pick_potato,quest_accept_and_turnin,summon_dismiss_pet,use_bag_consumable",0.75,12,9
SCTimeOfDayPacket,movement:move_begin,9,"combat_basic_melee,dismount_horse,harvest_chicken,human_potato_plant,pick_potato,quest_accept_and_turnin,sell_items,summon_dismiss_pet,talk_npc",0.6923,13,9
SCTimeOfDayPacket,movement:move_stop,9,"combat_basic_melee,dismount_horse,harvest_chicken,human_potato_plant,pick_potato,quest_accept_and_turnin,sell_items,summon_dismiss_pet,talk_npc",0.6923,13,9
SCTimeOfDayPacket,skill:skill_requested,9,"combat_basic_melee,combat_basic_ranged,harvest_chicken,human_potato_plant,mount_horse,pick_potato,quest_accept_and_turnin,summon_dismiss_pet,use_bag_consumable",0.6923,13,9
SCUnitModelPostureChangedPacket,movement:move_begin,9,"combat_basic_melee,dismount_horse,harvest_chicken,human_potato_plant,pick_potato,quest_accept_and_turnin,sell_items,summon_dismiss_pet,talk_npc",0.6429,14,9
SCUnitModelPostureChangedPacket,movement:move_stop,9,"combat_basic_melee,dismount_horse,harvest_chicken,human_potato_plant,pick_potato,quest_accept_and_turnin,sell_items,summon_dismiss_pet,talk_npc",0.6429,14,9
SCUnitModelPostureChangedPacket,skill:skill_requested,9,"combat_basic_melee,combat_basic_ranged,harvest_chicken,human_potato_plant,mount_horse,pick_potato,quest_accept_and_turnin,summon_dismiss_pet,use_bag_consumable",0.6429,14,9
SCUnitPointsPacket,lifecycle:trace_stopped,9,"combat_basic_melee,combat_basic_ranged,dismount_horse,harvest_chicken,mount_horse,pick_potato,quest_accept_and_turnin,summon_dismiss_pet,use_bag_consumable",0.6429,10,13
SCUnitPointsPacket,skill:skill_requested,9,"combat_basic_melee,combat_basic_ranged,harvest_chicken,human_potato_plant,mount_horse,pick_potato,quest_accept_and_turnin,summon_dismiss_pet,use_bag_consumable",0.9,10,9
lifecycle:trace_started,movement:move_begin,9,"combat_basic_melee,dismount_horse,harvest_chicken,human_potato_plant,pick_potato,quest_accept_and_turnin,sell_items,summon_dismiss_pet,talk_npc",0.6429,14,9
lifecycle:trace_started,movement:move_stop,9,"combat_basic_melee,dismount_horse,harvest_chicken,human_potato_plant,pick_potato,quest_accept_and_turnin,sell_items,summon_dismiss_pet,talk_npc",0.6429,14,9
lifecycle:trace_started,skill:skill_requested,9,"combat_basic_melee,combat_basic_ranged,harvest_chicken,human_potato_plant,mount_horse,pick_potato,quest_accept_and_turnin,summon_dismiss_pet,use_bag_consumable",0.6429,14,9
movement:move_begin,movement:move_stop,9,"combat_basic_melee,dismount_horse,harvest_chicken,human_potato_plant,pick_potato,quest_accept_and_turnin,sell_items,summon_dismiss_pet,talk_npc",1.0,9,9
movement:move_begin,packet:packet_in,9,"combat_basic_melee,dismount_horse,harvest_chicken,human_potato_plant,pick_potato,quest_accept_and_turnin,sell_items,summon_dismiss_pet,talk_npc",0.6429,9,14
movement:move_begin,packet:packet_out,9,"combat_basic_melee,dismount_horse,harvest_chicken,human_potato_plant,pick_potato,quest_accept_and_turnin,sell_items,summon_dismiss_pet,talk_npc",0.6429,9,14
movement:move_stop,packet:packet_in,9,"combat_basic_melee,dismount_horse,harvest_chicken,human_potato_plant,pick_potato,quest_accept_and_turnin,sell_items,summon_dismiss_pet,talk_npc",0.6429,9,14
movement:move_stop,packet:packet_out,9,"combat_basic_melee,dismount_horse,harvest_chicken,human_potato_plant,pick_potato,quest_accept_and_turnin,sell_items,summon_dismiss_pet,talk_npc",0.6429,9,14
packet:packet_in,skill:skill_requested,9,"combat_basic_melee,combat_basic_ranged,harvest_chicken,human_potato_plant,mount_horse,pick_potato,quest_accept_and_turnin,summon_dismiss_pet,use_bag_consumable",0.6429,14,9
packet:packet_out,skill:skill_requested,9,"combat_basic_melee,combat_basic_ranged,harvest_chicken,human_potato_plant,mount_horse,pick_potato,quest_accept_and_turnin,summon_dismiss_pet,use_bag_consumable",0.6429,14,9
CSChangeTargetPacket,CSMoveUnitPacket,9,"combat_basic_melee,combat_basic_ranged,harvest_chicken,human_potato_plant,mount_horse,pick_potato,quest_accept_and_turnin,sell_items,talk_npc",0.6429,9,14
CSChangeTargetPacket,PingPacket,9,"combat_basic_melee,combat_basic_ranged,harvest_chicken,human_potato_plant,mount_horse,pick_potato,quest_accept_and_turnin,sell_items,talk_npc",0.6429,9,14
CSChangeTargetPacket,PongPacket,9,"combat_basic_melee,combat_basic_ranged,harvest_chicken,human_potato_plant,mount_horse,pick_potato,quest_accept_and_turnin,sell_items,talk_npc",0.6429,9,14
CSChangeTargetPacket,SCChatMessagePacket,9,"combat_basic_melee,combat_basic_ranged,harvest_chicken,human_potato_plant,mount_horse,pick_potato,quest_accept_and_turnin,sell_items,talk_npc",0.6429,9,14
CSChangeTargetPacket,SCOneUnitMovementPacket,9,"combat_basic_melee,combat_basic_ranged,harvest_chicken,human_potato_plant,mount_horse,pick_potato,quest_accept_and_turnin,sell_items,talk_npc",0.6429,9,14
CSChangeTargetPacket,SCTargetChangedPacket,9,"combat_basic_melee,combat_basic_ranged,harvest_chicken,human_potato_plant,mount_horse,pick_potato,quest_accept_and_turnin,sell_items,talk_npc",0.75,9,12
CSChangeTargetPacket,SCTimeOfDayPacket,9,"combat_basic_melee,combat_basic_ranged,harvest_chicken,human_potato_plant,mount_horse,pick_potato,quest_accept_and_turnin,sell_items,talk_npc",0.6923,9,13
CSChangeTargetPacket,SCUnitModelPostureChangedPacket,9,"combat_basic_melee,combat_basic_ranged,harvest_chicken,human_potato_plant,mount_horse,pick_potato,quest_accept_and_turnin,sell_items,talk_npc",0.6429,9,14
CSChangeTargetPacket,lifecycle:trace_started,9,"combat_basic_melee,combat_basic_ranged,harvest_chicken,human_potato_plant,mount_horse,pick_potato,quest_accept_and_turnin,sell_items,talk_npc",0.6429,9,14
CSChangeTargetPacket,packet:packet_in,9,"combat_basic_melee,combat_basic_ranged,harvest_chicken,human_potato_plant,mount_horse,pick_potato,quest_accept_and_turnin,sell_items,talk_npc",0.6429,9,14
CSChangeTargetPacket,packet:packet_out,9,"combat_basic_melee,combat_basic_ranged,harvest_chicken,human_potato_plant,mount_horse,pick_potato,quest_accept_and_turnin,sell_items,talk_npc",0.6429,9,14
CSSendChatMessagePacket,SCItemTaskSuccessPacket,8,"buy_chick,harvest_chicken,human_potato_plant,mount_horse,pick_potato,place_chick,sell_items,summon_dismiss_pet",0.6667,10,10
CSSendChatMessagePacket,SCTargetChangedPacket,8,"dismount_horse,harvest_chicken,human_potato_plant,mount_horse,pick_potato,sell_items,summon_dismiss_pet,talk_npc",0.5714,10,12
CSStartSkillPacket,lifecycle:trace_stopped,8,"combat_basic_melee,combat_basic_ranged,harvest_chicken,mount_horse,pick_potato,quest_accept_and_turnin,summon_dismiss_pet,use_bag_consumable",0.5714,9,13
SCItemTaskSuccessPacket,SCTargetChangedPacket,8,"harvest_chicken,human_potato_plant,mount_horse,pick_potato,quest_accept_and_turnin,sell_items,summon_dismiss_pet,use_bag_consumable",0.5714,10,12
lifecycle:trace_stopped,movement:move_begin,8,"combat_basic_melee,dismount_horse,harvest_chicken,pick_potato,quest_accept_and_turnin,sell_items,summon_dismiss_pet,talk_npc",0.5714,13,9
lifecycle:trace_stopped,movement:move_stop,8,"combat_basic_melee,dismount_horse,harvest_chicken,pick_potato,quest_accept_and_turnin,sell_items,summon_dismiss_pet,talk_npc",0.5714,13,9
lifecycle:trace_stopped,skill:skill_requested,8,"combat_basic_melee,combat_basic_ranged,harvest_chicken,mount_horse,pick_potato,quest_accept_and_turnin,summon_dismiss_pet,use_bag_consumable",0.5714,13,9
CSChangeTargetPacket,lifecycle:trace_stopped,8,"combat_basic_melee,combat_basic_ranged,harvest_chicken,mount_horse,pick_potato,quest_accept_and_turnin,sell_items,talk_npc",0.5714,9,13
CSSendChatMessagePacket,movement:move_begin,7,"dismount_horse,harvest_chicken,human_potato_plant,pick_potato,sell_items,summon_dismiss_pet,talk_npc",0.5833,10,9
CSSendChatMessagePacket,movement:move_stop,7,"dismount_horse,harvest_chicken,human_potato_plant,pick_potato,sell_items,summon_dismiss_pet,talk_npc",0.5833,10,9
CSStartSkillPacket,SCItemTaskSuccessPacket,7,"harvest_chicken,human_potato_plant,mount_horse,pick_potato,quest_accept_and_turnin,summon_dismiss_pet,use_bag_consumable",0.5833,9,10
SCItemTaskSuccessPacket,SCSkillEndedPacket,7,"harvest_chicken,human_potato_plant,mount_horse,pick_potato,quest_accept_and_turnin,summon_dismiss_pet,use_bag_consumable",0.5385,10,10
SCItemTaskSuccessPacket,SCSkillFiredPacket,7,"harvest_chicken,human_potato_plant,mount_horse,pick_potato,quest_accept_and_turnin,summon_dismiss_pet,use_bag_consumable",0.5385,10,10
SCItemTaskSuccessPacket,SCUnitPointsPacket,7,"harvest_chicken,human_potato_plant,mount_horse,pick_potato,quest_accept_and_turnin,summon_dismiss_pet,use_bag_consumable",0.5385,10,10
SCItemTaskSuccessPacket,skill:skill_requested,7,"harvest_chicken,human_potato_plant,mount_horse,pick_potato,quest_accept_and_turnin,summon_dismiss_pet,use_bag_consumable",0.5833,10,9
SCSkillEndedPacket,movement:move_begin,7,"combat_basic_melee,dismount_horse,harvest_chicken,human_potato_plant,pick_potato,quest_accept_and_turnin,summon_dismiss_pet",0.5833,10,9
SCSkillEndedPacket,movement:move_stop,7,"combat_basic_melee,dismount_horse,harvest_chicken,human_potato_plant,pick_potato,quest_accept_and_turnin,summon_dismiss_pet",0.5833,10,9
SCSkillFiredPacket,movement:move_begin,7,"combat_basic_melee,dismount_horse,harvest_chicken,human_potato_plant,pick_potato,quest_accept_and_turnin,summon_dismiss_pet",0.5833,10,9
SCSkillFiredPacket,movement:move_stop,7,"combat_basic_melee,dismount_horse,harvest_chicken,human_potato_plant,pick_potato,quest_accept_and_turnin,summon_dismiss_pet",0.5833,10,9
SCUnitPointsPacket,movement:move_begin,7,"combat_basic_melee,dismount_horse,harvest_chicken,human_potato_plant,pick_potato,quest_accept_and_turnin,summon_dismiss_pet",0.5833,10,9
SCUnitPointsPacket,movement:move_stop,7,"combat_basic_melee,dismount_horse,harvest_chicken,human_potato_plant,pick_potato,quest_accept_and_turnin,summon_dismiss_pet",0.5833,10,9
CSChangeTargetPacket,CSStartSkillPacket,7,"combat_basic_melee,combat_basic_ranged,harvest_chicken,human_potato_plant,mount_horse,pick_potato,quest_accept_and_turnin",0.6364,9,9
CSChangeTargetPacket,SCSkillEndedPacket,7,"combat_basic_melee,combat_basic_ranged,harvest_chicken,human_potato_plant,mount_horse,pick_potato,quest_accept_and_turnin",0.5833,9,10
CSChangeTargetPacket,SCSkillFiredPacket,7,"combat_basic_melee,combat_basic_ranged,harvest_chicken,human_potato_plant,mount_horse,pick_potato,quest_accept_and_turnin",0.5833,9,10
CSChangeTargetPacket,SCUnitPointsPacket,7,"combat_basic_melee,combat_basic_ranged,harvest_chicken,human_potato_plant,mount_horse,pick_potato,quest_accept_and_turnin",0.5833,9,10
CSChangeTargetPacket,movement:move_begin,7,"combat_basic_melee,harvest_chicken,human_potato_plant,pick_potato,quest_accept_and_turnin,sell_items,talk_npc",0.6364,9,9
CSChangeTargetPacket,movement:move_stop,7,"combat_basic_melee,harvest_chicken,human_potato_plant,pick_potato,quest_accept_and_turnin,sell_items,talk_npc",0.6364,9,9
CSChangeTargetPacket,skill:skill_requested,7,"combat_basic_melee,combat_basic_ranged,harvest_chicken,human_potato_plant,mount_horse,pick_potato,quest_accept_and_turnin",0.6364,9,9
CSMoveUnitPacket,SCAiAggroPacket,7,"buy_chick,combat_basic_melee,combat_basic_ranged,human_potato_plant,quest_accept_and_turnin,sell_items,talk_npc",0.5,14,7
PingPacket,SCAiAggroPacket,7,"buy_chick,combat_basic_melee,combat_basic_ranged,human_potato_plant,quest_accept_and_turnin,sell_items,talk_npc",0.5,14,7
PongPacket,SCAiAggroPacket,7,"buy_chick,combat_basic_melee,combat_basic_ranged,human_potato_plant,quest_accept_and_turnin,sell_items,talk_npc",0.5,14,7
SCAiAggroPacket,SCChatMessagePacket,7,"buy_chick,combat_basic_melee,combat_basic_ranged,human_potato_plant,quest_accept_and_turnin,sell_items,talk_npc",0.5,7,14
SCAiAggroPacket,SCOneUnitMovementPacket,7,"buy_chick,combat_basic_melee,combat_basic_ranged,human_potato_plant,quest_accept_and_turnin,sell_items,talk_npc",0.5,7,14
SCAiAggroPacket,SCTimeOfDayPacket,7,"buy_chick,combat_basic_melee,combat_basic_ranged,human_potato_plant,quest_accept_and_turnin,sell_items,talk_npc",0.5385,7,13
SCAiAggroPacket,SCUnitModelPostureChangedPacket,7,"buy_chick,combat_basic_melee,combat_basic_ranged,human_potato_plant,quest_accept_and_turnin,sell_items,talk_npc",0.5,7,14
SCAiAggroPacket,lifecycle:trace_started,7,"buy_chick,combat_basic_melee,combat_basic_ranged,human_potato_plant,quest_accept_and_turnin,sell_items,talk_npc",0.5,7,14
SCAiAggroPacket,packet:packet_in,7,"buy_chick,combat_basic_melee,combat_basic_ranged,human_potato_plant,quest_accept_and_turnin,sell_items,talk_npc",0.5,7,14
SCAiAggroPacket,packet:packet_out,7,"buy_chick,combat_basic_melee,combat_basic_ranged,human_potato_plant,quest_accept_and_turnin,sell_items,talk_npc",0.5,7,14
CSMoveUnitPacket,skill:instant_cast,6,"combat_basic_melee,combat_basic_ranged,mount_horse,quest_accept_and_turnin,summon_dismiss_pet,use_bag_consumable",0.4286,14,6
CSSendChatMessagePacket,SCSkillEndedPacket,6,"dismount_horse,harvest_chicken,human_potato_plant,mount_horse,pick_potato,summon_dismiss_pet",0.4286,10,10
CSSendChatMessagePacket,SCSkillFiredPacket,6,"dismount_horse,harvest_chicken,human_potato_plant,mount_horse,pick_potato,summon_dismiss_pet",0.4286,10,10
CSSendChatMessagePacket,SCUnitPointsPacket,6,"dismount_horse,harvest_chicken,human_potato_plant,mount_horse,pick_potato,summon_dismiss_pet",0.4286,10,10
CSStartSkillPacket,movement:move_begin,6,"combat_basic_melee,harvest_chicken,human_potato_plant,pick_potato,quest_accept_and_turnin,summon_dismiss_pet",0.5,9,9
CSStartSkillPacket,movement:move_stop,6,"combat_basic_melee,harvest_chicken,human_potato_plant,pick_potato,quest_accept_and_turnin,summon_dismiss_pet",0.5,9,9
CSStartSkillPacket,skill:instant_cast,6,"combat_basic_melee,combat_basic_ranged,mount_horse,quest_accept_and_turnin,summon_dismiss_pet,use_bag_consumable",0.6667,9,6
PingPacket,skill:instant_cast,6,"combat_basic_melee,combat_basic_ranged,mount_horse,quest_accept_and_turnin,summon_dismiss_pet,use_bag_consumable",0.4286,14,6
PongPacket,skill:instant_cast,6,"combat_basic_melee,combat_basic_ranged,mount_horse,quest_accept_and_turnin,summon_dismiss_pet,use_bag_consumable",0.4286,14,6
SCChatMessagePacket,skill:instant_cast,6,"combat_basic_melee,combat_basic_ranged,mount_horse,quest_accept_and_turnin,summon_dismiss_pet,use_bag_consumable",0.4286,14,6
SCItemTaskSuccessPacket,movement:move_begin,6,"harvest_chicken,human_potato_plant,pick_potato,quest_accept_and_turnin,sell_items,summon_dismiss_pet",0.4615,10,9
SCItemTaskSuccessPacket,movement:move_stop,6,"harvest_chicken,human_potato_plant,pick_potato,quest_accept_and_turnin,sell_items,summon_dismiss_pet",0.4615,10,9
SCOneUnitMovementPacket,skill:instant_cast,6,"combat_basic_melee,combat_basic_ranged,mount_horse,quest_accept_and_turnin,summon_dismiss_pet,use_bag_consumable",0.4286,14,6
SCSkillEndedPacket,skill:instant_cast,6,"combat_basic_melee,combat_basic_ranged,mount_horse,quest_accept_and_turnin,summon_dismiss_pet,use_bag_consumable",0.6,10,6
SCSkillFiredPacket,skill:instant_cast,6,"combat_basic_melee,combat_basic_ranged,mount_horse,quest_accept_and_turnin,summon_dismiss_pet,use_bag_consumable",0.6,10,6
SCTargetChangedPacket,skill:instant_cast,6,"combat_basic_melee,combat_basic_ranged,mount_horse,quest_accept_and_turnin,summon_dismiss_pet,use_bag_consumable",0.5,12,6
SCTimeOfDayPacket,skill:instant_cast,6,"combat_basic_melee,combat_basic_ranged,mount_horse,quest_accept_and_turnin,summon_dismiss_pet,use_bag_consumable",0.4615,13,6
SCUnitModelPostureChangedPacket,skill:instant_cast,6,"combat_basic_melee,combat_basic_ranged,mount_horse,quest_accept_and_turnin,summon_dismiss_pet,use_bag_consumable",0.4286,14,6
SCUnitPointsPacket,skill:instant_cast,6,"combat_basic_melee,combat_basic_ranged,mount_horse,quest_accept_and_turnin,summon_dismiss_pet,use_bag_consumable",0.6,10,6
lifecycle:trace_started,skill:instant_cast,6,"combat_basic_melee,combat_basic_ranged,mount_horse,quest_accept_and_turnin,summon_dismiss_pet,use_bag_consumable",0.4286,14,6
lifecycle:trace_stopped,skill:instant_cast,6,"combat_basic_melee,combat_basic_ranged,mount_horse,quest_accept_and_turnin,summon_dismiss_pet,use_bag_consumable",0.4615,13,6
movement:move_begin,skill:skill_requested,6,"combat_basic_melee,harvest_chicken,human_potato_plant,pick_potato,quest_accept_and_turnin,summon_dismiss_pet",0.5,9,9
movement:move_stop,skill:skill_requested,6,"combat_basic_melee,harvest_chicken,human_potato_plant,pick_potato,quest_accept_and_turnin,summon_dismiss_pet",0.5,9,9
packet:packet_in,skill:instant_cast,6,"combat_basic_melee,combat_basic_ranged,mount_horse,quest_accept_and_turnin,summon_dismiss_pet,use_bag_consumable",0.4286,14,6
packet:packet_out,skill:instant_cast,6,"combat_basic_melee,combat_basic_ranged,mount_horse,quest_accept_and_turnin,summon_dismiss_pet,use_bag_consumable",0.4286,14,6
skill:instant_cast,skill:skill_requested,6,"combat_basic_melee,combat_basic_ranged,mount_horse,quest_accept_and_turnin,summon_dismiss_pet,use_bag_consumable",0.6667,6,9
CSChangeTargetPacket,CSSendChatMessagePacket,6,"harvest_chicken,human_potato_plant,mount_horse,pick_potato,sell_items,talk_npc",0.4615,9,10
CSChangeTargetPacket,SCAiAggroPacket,6,"combat_basic_melee,combat_basic_ranged,human_potato_plant,quest_accept_and_turnin,sell_items,talk_npc",0.6,9,7
CSChangeTargetPacket,SCItemTaskSuccessPacket,6,"harvest_chicken,human_potato_plant,mount_horse,pick_potato,quest_accept_and_turnin,sell_items",0.4615,9,10
CSInteractNPCPacket,CSMoveUnitPacket,6,"buy_chick,combat_basic_melee,human_potato_plant,quest_accept_and_turnin,sell_items,talk_npc",0.4286,6,14
CSInteractNPCPacket,CSStartInteractionPacket,6,"buy_chick,combat_basic_melee,human_potato_plant,quest_accept_and_turnin,sell_items,talk_npc",1.0,6,6
CSInteractNPCPacket,PingPacket,6,"buy_chick,combat_basic_melee,human_potato_plant,quest_accept_and_turnin,sell_items,talk_npc",0.4286,6,14
CSInteractNPCPacket,PongPacket,6,"buy_chick,combat_basic_melee,human_potato_plant,quest_accept_and_turnin,sell_items,talk_npc",0.4286,6,14
CSInteractNPCPacket,SCAiAggroPacket,6,"buy_chick,combat_basic_melee,human_potato_plant,quest_accept_and_turnin,sell_items,talk_npc",0.8571,6,7
CSInteractNPCPacket,SCChatMessagePacket,6,"buy_chick,combat_basic_melee,human_potato_plant,quest_accept_and_turnin,sell_items,talk_npc",0.4286,6,14
CSInteractNPCPacket,SCNpcInteractionSkillListPacket,6,"buy_chick,combat_basic_melee,human_potato_plant,quest_accept_and_turnin,sell_items,talk_npc",1.0,6,6
CSInteractNPCPacket,SCOneUnitMovementPacket,6,"buy_chick,combat_basic_melee,human_potato_plant,quest_accept_and_turnin,sell_items,talk_npc",0.4286,6,14
CSInteractNPCPacket,SCTimeOfDayPacket,6,"buy_chick,combat_basic_melee,human_potato_plant,quest_accept_and_turnin,sell_items,talk_npc",0.4615,6,13
CSInteractNPCPacket,SCUnitModelPostureChangedPacket,6,"buy_chick,combat_basic_melee,human_potato_plant,quest_accept_and_turnin,sell_items,talk_npc",0.4286,6,14
CSInteractNPCPacket,lifecycle:trace_started,6,"buy_chick,combat_basic_melee,human_potato_plant,quest_accept_and_turnin,sell_items,talk_npc",0.4286,6,14
CSInteractNPCPacket,packet:packet_in,6,"buy_chick,combat_basic_melee,human_potato_plant,quest_accept_and_turnin,sell_items,talk_npc",0.4286,6,14
CSInteractNPCPacket,packet:packet_out,6,"buy_chick,combat_basic_melee,human_potato_plant,quest_accept_and_turnin,sell_items,talk_npc",0.4286,6,14
CSMoveUnitPacket,CSStartInteractionPacket,6,"buy_chick,combat_basic_melee,human_potato_plant,quest_accept_and_turnin,sell_items,talk_npc",0.4286,14,6
CSMoveUnitPacket,SCNpcInteractionSkillListPacket,6,"buy_chick,combat_basic_melee,human_potato_plant,quest_accept_and_turnin,sell_items,talk_npc",0.4286,14,6
CSStartInteractionPacket,PingPacket,6,"buy_chick,combat_basic_melee,human_potato_plant,quest_accept_and_turnin,sell_items,talk_npc",0.4286,6,14
CSStartInteractionPacket,PongPacket,6,"buy_chick,combat_basic_melee,human_potato_plant,quest_accept_and_turnin,sell_items,talk_npc",0.4286,6,14
CSStartInteractionPacket,SCAiAggroPacket,6,"buy_chick,combat_basic_melee,human_potato_plant,quest_accept_and_turnin,sell_items,talk_npc",0.8571,6,7
CSStartInteractionPacket,SCChatMessagePacket,6,"buy_chick,combat_basic_melee,human_potato_plant,quest_accept_and_turnin,sell_items,talk_npc",0.4286,6,14
CSStartInteractionPacket,SCNpcInteractionSkillListPacket,6,"buy_chick,combat_basic_melee,human_potato_plant,quest_accept_and_turnin,sell_items,talk_npc",1.0,6,6
CSStartInteractionPacket,SCOneUnitMovementPacket,6,"buy_chick,combat_basic_melee,human_potato_plant,quest_accept_and_turnin,sell_items,talk_npc",0.4286,6,14
CSStartInteractionPacket,SCTimeOfDayPacket,6,"buy_chick,combat_basic_melee,human_potato_plant,quest_accept_and_turnin,sell_items,talk_npc",0.4615,6,13
CSStartInteractionPacket,SCUnitModelPostureChangedPacket,6,"buy_chick,combat_basic_melee,human_potato_plant,quest_accept_and_turnin,sell_items,talk_npc",0.4286,6,14
CSStartInteractionPacket,lifecycle:trace_started,6,"buy_chick,combat_basic_melee,human_potato_plant,quest_accept_and_turnin,sell_items,talk_npc",0.4286,6,14
CSStartInteractionPacket,packet:packet_in,6,"buy_chick,combat_basic_melee,human_potato_plant,quest_accept_and_turnin,sell_items,talk_npc",0.4286,6,14
CSStartInteractionPacket,packet:packet_out,6,"buy_chick,combat_basic_melee,human_potato_plant,quest_accept_and_turnin,sell_items,talk_npc",0.4286,6,14
PingPacket,SCNpcInteractionSkillListPacket,6,"buy_chick,combat_basic_melee,human_potato_plant,quest_accept_and_turnin,sell_items,talk_npc",0.4286,14,6
PongPacket,SCNpcInteractionSkillListPacket,6,"buy_chick,combat_basic_melee,human_potato_plant,quest_accept_and_turnin,sell_items,talk_npc",0.4286,14,6
SCAiAggroPacket,SCNpcInteractionSkillListPacket,6,"buy_chick,combat_basic_melee,human_potato_plant,quest_accept_and_turnin,sell_items,talk_npc",0.8571,7,6
SCAiAggroPacket,SCTargetChangedPacket,6,"combat_basic_melee,combat_basic_ranged,human_potato_plant,quest_accept_and_turnin,sell_items,talk_npc",0.4615,7,12
SCChatMessagePacket,SCNpcInteractionSkillListPacket,6,"buy_chick,combat_basic_melee,human_potato_plant,quest_accept_and_turnin,sell_items,talk_npc",0.4286,14,6
SCNpcInteractionSkillListPacket,SCOneUnitMovementPacket,6,"buy_chick,combat_basic_melee,human_potato_plant,quest_accept_and_turnin,sell_items,talk_npc",0.4286,6,14
SCNpcInteractionSkillListPacket,SCTimeOfDayPacket,6,"buy_chick,combat_basic_melee,human_potato_plant,quest_accept_and_turnin,sell_items,talk_npc",0.4615,6,13
SCNpcInteractionSkillListPacket,SCUnitModelPostureChangedPacket,6,"buy_chick,combat_basic_melee,human_potato_plant,quest_accept_and_turnin,sell_items,talk_npc",0.4286,6,14
SCNpcInteractionSkillListPacket,lifecycle:trace_started,6,"buy_chick,combat_basic_melee,human_potato_plant,quest_accept_and_turnin,sell_items,talk_npc",0.4286,6,14
SCNpcInteractionSkillListPacket,packet:packet_in,6,"buy_chick,combat_basic_melee,human_potato_plant,quest_accept_and_turnin,sell_items,talk_npc",0.4286,6,14
SCNpcInteractionSkillListPacket,packet:packet_out,6,"buy_chick,combat_basic_melee,human_potato_plant,quest_accept_and_turnin,sell_items,talk_npc",0.4286,6,14
SCAiAggroPacket,lifecycle:trace_stopped,6,"buy_chick,combat_basic_melee,combat_basic_ranged,quest_accept_and_turnin,sell_items,talk_npc",0.4286,7,13
CSSendChatMessagePacket,CSStartSkillPacket,5,"harvest_chicken,human_potato_plant,mount_horse,pick_potato,summon_dismiss_pet",0.3571,10,9
CSSendChatMessagePacket,skill:skill_requested,5,"harvest_chicken,human_potato_plant,mount_horse,pick_potato,summon_dismiss_pet",0.3571,10,9
CSChangeTargetPacket,CSInteractNPCPacket,5,"combat_basic_melee,human_potato_plant,quest_accept_and_turnin,sell_items,talk_npc",0.5,9,6
CSChangeTargetPacket,CSStartInteractionPacket,5,"combat_basic_melee,human_potato_plant,quest_accept_and_turnin,sell_items,talk_npc",0.5,9,6
CSChangeTargetPacket,SCNpcInteractionSkillListPacket,5,"combat_basic_melee,human_potato_plant,quest_accept_and_turnin,sell_items,talk_npc",0.5,9,6
CSInteractNPCPacket,SCTargetChangedPacket,5,"combat_basic_melee,human_potato_plant,quest_accept_and_turnin,sell_items,talk_npc",0.3846,6,12
CSInteractNPCPacket,movement:move_begin,5,"combat_basic_melee,human_potato_plant,quest_accept_and_turnin,sell_items,talk_npc",0.5,6,9
CSInteractNPCPacket,movement:move_stop,5,"combat_basic_melee,human_potato_plant,quest_accept_and_turnin,sell_items,talk_npc",0.5,6,9
CSMoveUnitPacket,movement:movement_update,5,"combat_basic_melee,dismount_horse,human_potato_plant,pick_potato,quest_accept_and_turnin",0.3571,14,5
CSStartInteractionPacket,SCTargetChangedPacket,5,"combat_basic_melee,human_potato_plant,quest_accept_and_turnin,sell_items,talk_npc",0.3846,6,12
CSStartInteractionPacket,movement:move_begin,5,"combat_basic_melee,human_potato_plant,quest_accept_and_turnin,sell_items,talk_npc",0.5,6,9
CSStartInteractionPacket,movement:move_stop,5,"combat_basic_melee,human_potato_plant,quest_accept_and_turnin,sell_items,talk_npc",0.5,6,9
PingPacket,movement:movement_update,5,"combat_basic_melee,dismount_horse,human_potato_plant,pick_potato,quest_accept_and_turnin",0.3571,14,5
PongPacket,movement:movement_update,5,"combat_basic_melee,dismount_horse,human_potato_plant,pick_potato,quest_accept_and_turnin",0.3571,14,5
SCAiAggroPacket,movement:move_begin,5,"combat_basic_melee,human_potato_plant,quest_accept_and_turnin,sell_items,talk_npc",0.4545,7,9
SCAiAggroPacket,movement:move_stop,5,"combat_basic_melee,human_potato_plant,quest_accept_and_turnin,sell_items,talk_npc",0.4545,7,9
SCChatMessagePacket,movement:movement_update,5,"combat_basic_melee,dismount_horse,human_potato_plant,pick_potato,quest_accept_and_turnin",0.3571,14,5
SCNpcInteractionSkillListPacket,SCTargetChangedPacket,5,"combat_basic_melee,human_potato_plant,quest_accept_and_turnin,sell_items,talk_npc",0.3846,6,12
SCNpcInteractionSkillListPacket,movement:move_begin,5,"combat_basic_melee,human_potato_plant,quest_accept_and_turnin,sell_items,talk_npc",0.5,6,9
SCNpcInteractionSkillListPacket,movement:move_stop,5,"combat_basic_melee,human_potato_plant,quest_accept_and_turnin,sell_items,talk_npc",0.5,6,9
SCOneUnitMovementPacket,movement:movement_update,5,"combat_basic_melee,dismount_horse,human_potato_plant,pick_potato,quest_accept_and_turnin",0.3571,14,5
SCSkillEndedPacket,movement:movement_update,5,"combat_basic_melee,dismount_horse,human_potato_plant,pick_potato,quest_accept_and_turnin",0.5,10,5
SCSkillFiredPacket,movement:movement_update,5,"combat_basic_melee,dismount_horse,human_potato_plant,pick_potato,quest_accept_and_turnin",0.5,10,5
SCTargetChangedPacket,movement:movement_update,5,"combat_basic_melee,dismount_horse,human_potato_plant,pick_potato,quest_accept_and_turnin",0.4167,12,5
SCTimeOfDayPacket,movement:movement_update,5,"combat_basic_melee,dismount_horse,human_potato_plant,pick_potato,quest_accept_and_turnin",0.3846,13,5
SCUnitModelPostureChangedPacket,movement:movement_update,5,"combat_basic_melee,dismount_horse,human_potato_plant,pick_potato,quest_accept_and_turnin",0.3571,14,5
SCUnitPointsPacket,movement:movement_update,5,"combat_basic_melee,dismount_horse,human_potato_plant,pick_potato,quest_accept_and_turnin",0.5,10,5
lifecycle:trace_started,movement:movement_update,5,"combat_basic_melee,dismount_horse,human_potato_plant,pick_potato,quest_accept_and_turnin",0.3571,14,5
movement:move_begin,movement:movement_update,5,"combat_basic_melee,dismount_horse,human_potato_plant,pick_potato,quest_accept_and_turnin",0.5556,9,5
movement:move_stop,movement:movement_update,5,"combat_basic_melee,dismount_horse,human_potato_plant,pick_potato,quest_accept_and_turnin",0.5556,9,5
movement:movement_update,packet:packet_in,5,"combat_basic_melee,dismount_horse,human_potato_plant,pick_potato,quest_accept_and_turnin",0.3571,5,14
movement:movement_update,packet:packet_out,5,"combat_basic_melee,dismount_horse,human_potato_plant,pick_potato,quest_accept_and_turnin",0.3571,5,14
CSInteractNPCPacket,lifecycle:trace_stopped,5,"buy_chick,combat_basic_melee,quest_accept_and_turnin,sell_items,talk_npc",0.3571,6,13
CSStartInteractionPacket,lifecycle:trace_stopped,5,"buy_chick,combat_basic_melee,quest_accept_and_turnin,sell_items,talk_npc",0.3571,6,13
SCNpcInteractionSkillListPacket,lifecycle:trace_stopped,5,"buy_chick,combat_basic_melee,quest_accept_and_turnin,sell_items,talk_npc",0.3571,6,13
CSCreateSkillControllerPacket,CSMoveUnitPacket,4,"dismount_horse,mount_horse,quest_accept_and_turnin,summon_dismiss_pet",0.2857,4,14
CSCreateSkillControllerPacket,PingPacket,4,"dismount_horse,mount_horse,quest_accept_and_turnin,summon_dismiss_pet",0.2857,4,14
CSCreateSkillControllerPacket,PongPacket,4,"dismount_horse,mount_horse,quest_accept_and_turnin,summon_dismiss_pet",0.2857,4,14
CSCreateSkillControllerPacket,SCChatMessagePacket,4,"dismount_horse,mount_horse,quest_accept_and_turnin,summon_dismiss_pet",0.2857,4,14
CSCreateSkillControllerPacket,SCOneUnitMovementPacket,4,"dismount_horse,mount_horse,quest_accept_and_turnin,summon_dismiss_pet",0.2857,4,14
CSCreateSkillControllerPacket,SCSkillEndedPacket,4,"dismount_horse,mount_horse,quest_accept_and_turnin,summon_dismiss_pet",0.4,4,10
CSCreateSkillControllerPacket,SCSkillFiredPacket,4,"dismount_horse,mount_horse,quest_accept_and_turnin,summon_dismiss_pet",0.4,4,10
CSCreateSkillControllerPacket,SCTargetChangedPacket,4,"dismount_horse,mount_horse,quest_accept_and_turnin,summon_dismiss_pet",0.3333,4,12
CSCreateSkillControllerPacket,SCTimeOfDayPacket,4,"dismount_horse,mount_horse,quest_accept_and_turnin,summon_dismiss_pet",0.3077,4,13
CSCreateSkillControllerPacket,SCUnitModelPostureChangedPacket,4,"dismount_horse,mount_horse,quest_accept_and_turnin,summon_dismiss_pet",0.2857,4,14
CSCreateSkillControllerPacket,SCUnitPointsPacket,4,"dismount_horse,mount_horse,quest_accept_and_turnin,summon_dismiss_pet",0.4,4,10
CSCreateSkillControllerPacket,lifecycle:trace_started,4,"dismount_horse,mount_horse,quest_accept_and_turnin,summon_dismiss_pet",0.2857,4,14
CSCreateSkillControllerPacket,lifecycle:trace_stopped,4,"dismount_horse,mount_horse,quest_accept_and_turnin,summon_dismiss_pet",0.3077,4,13
CSCreateSkillControllerPacket,packet:packet_in,4,"dismount_horse,mount_horse,quest_accept_and_turnin,summon_dismiss_pet",0.2857,4,14
CSCreateSkillControllerPacket,packet:packet_out,4,"dismount_horse,mount_horse,quest_accept_and_turnin,summon_dismiss_pet",0.2857,4,14
CSMoveUnitPacket,SCUnitStatePacket,4,"mount_horse,quest_accept_and_turnin,summon_dismiss_pet,use_bag_consumable",0.2857,14,4
CSStartSkillPacket,SCUnitStatePacket,4,"mount_horse,quest_accept_and_turnin,summon_dismiss_pet,use_bag_consumable",0.4444,9,4
PingPacket,SCUnitStatePacket,4,"mount_horse,quest_accept_and_turnin,summon_dismiss_pet,use_bag_consumable",0.2857,14,4
PongPacket,SCUnitStatePacket,4,"mount_horse,quest_accept_and_turnin,summon_dismiss_pet,use_bag_consumable",0.2857,14,4
SCChatMessagePacket,SCUnitStatePacket,4,"mount_horse,quest_accept_and_turnin,summon_dismiss_pet,use_bag_consumable",0.2857,14,4
SCItemTaskSuccessPacket,SCUnitStatePacket,4,"mount_horse,quest_accept_and_turnin,summon_dismiss_pet,use_bag_consumable",0.4,10,4
SCItemTaskSuccessPacket,skill:instant_cast,4,"mount_horse,quest_accept_and_turnin,summon_dismiss_pet,use_bag_consumable",0.3333,10,6
SCOneUnitMovementPacket,SCUnitStatePacket,4,"mount_horse,quest_accept_and_turnin,summon_dismiss_pet,use_bag_consumable",0.2857,14,4
SCSkillEndedPacket,SCUnitStatePacket,4,"mount_horse,quest_accept_and_turnin,summon_dismiss_pet,use_bag_consumable",0.4,10,4
SCSkillFiredPacket,SCUnitStatePacket,4,"mount_horse,quest_accept_and_turnin,summon_dismiss_pet,use_bag_consumable",0.4,10,4
SCTargetChangedPacket,SCUnitStatePacket,4,"mount_horse,quest_accept_and_turnin,summon_dismiss_pet,use_bag_consumable",0.3333,12,4
SCTimeOfDayPacket,SCUnitStatePacket,4,"mount_horse,quest_accept_and_turnin,summon_dismiss_pet,use_bag_consumable",0.3077,13,4
SCUnitModelPostureChangedPacket,SCUnitStatePacket,4,"mount_horse,quest_accept_and_turnin,summon_dismiss_pet,use_bag_consumable",0.2857,14,4
SCUnitPointsPacket,SCUnitStatePacket,4,"mount_horse,quest_accept_and_turnin,summon_dismiss_pet,use_bag_consumable",0.4,10,4
SCUnitStatePacket,lifecycle:trace_started,4,"mount_horse,quest_accept_and_turnin,summon_dismiss_pet,use_bag_consumable",0.2857,4,14
SCUnitStatePacket,lifecycle:trace_stopped,4,"mount_horse,quest_accept_and_turnin,summon_dismiss_pet,use_bag_consumable",0.3077,4,13
SCUnitStatePacket,packet:packet_in,4,"mount_horse,quest_accept_and_turnin,summon_dismiss_pet,use_bag_consumable",0.2857,4,14
SCUnitStatePacket,packet:packet_out,4,"mount_horse,quest_accept_and_turnin,summon_dismiss_pet,use_bag_consumable",0.2857,4,14
SCUnitStatePacket,skill:instant_cast,4,"mount_horse,quest_accept_and_turnin,summon_dismiss_pet,use_bag_consumable",0.6667,4,6
SCUnitStatePacket,skill:skill_requested,4,"mount_horse,quest_accept_and_turnin,summon_dismiss_pet,use_bag_consumable",0.4444,4,9
CSChangeTargetPacket,SCDoodadsCreatedPacket,4,"combat_basic_melee,human_potato_plant,pick_potato,quest_accept_and_turnin",0.4444,9,4
CSChangeTargetPacket,SCDoodadsRemovedPacket,4,"combat_basic_melee,human_potato_plant,pick_potato,quest_accept_and_turnin",0.4444,9,4
CSChangeTargetPacket,SCSkillStartedPacket,4,"harvest_chicken,human_potato_plant,pick_potato,quest_accept_and_turnin",0.4444,9,4
CSChangeTargetPacket,movement:movement_update,4,"combat_basic_melee,human_potato_plant,pick_potato,quest_accept_and_turnin",0.4,9,5
CSInteractNPCPacket,CSSendChatMessagePacket,4,"buy_chick,human_potato_plant,sell_items,talk_npc",0.3333,6,10
CSInteractNPCPacket,SCItemTaskSuccessPacket,4,"buy_chick,human_potato_plant,quest_accept_and_turnin,sell_items",0.3333,6,10
CSInteractNPCPacket,resource:money_changed,4,"buy_chick,human_potato_plant,quest_accept_and_turnin,sell_items",0.6667,6,4
CSMoveUnitPacket,SCDoodadsCreatedPacket,4,"combat_basic_melee,human_potato_plant,pick_potato,quest_accept_and_turnin",0.2857,14,4
CSMoveUnitPacket,SCDoodadsRemovedPacket,4,"combat_basic_melee,human_potato_plant,pick_potato,quest_accept_and_turnin",0.2857,14,4
CSMoveUnitPacket,SCSkillStartedPacket,4,"harvest_chicken,human_potato_plant,pick_potato,quest_accept_and_turnin",0.2857,14,4
CSMoveUnitPacket,resource:money_changed,4,"buy_chick,human_potato_plant,quest_accept_and_turnin,sell_items",0.2857,14,4
CSMoveUnitPacket,world:doodad_phase_changed,4,"harvest_chicken,human_potato_plant,pick_potato,place_chick",0.2857,14,4
CSSendChatMessagePacket,CSStartInteractionPacket,4,"buy_chick,human_potato_plant,sell_items,talk_npc",0.3333,10,6
CSSendChatMessagePacket,SCAiAggroPacket,4,"buy_chick,human_potato_plant,sell_items,talk_npc",0.3077,10,7
CSSendChatMessagePacket,SCNpcInteractionSkillListPacket,4,"buy_chick,human_potato_plant,sell_items,talk_npc",0.3333,10,6
CSSendChatMessagePacket,world:doodad_phase_changed,4,"harvest_chicken,human_potato_plant,pick_potato,place_chick",0.4,10,4
CSStartInteractionPacket,SCItemTaskSuccessPacket,4,"buy_chick,human_potato_plant,quest_accept_and_turnin,sell_items",0.3333,6,10
CSStartInteractionPacket,resource:money_changed,4,"buy_chick,human_potato_plant,quest_accept_and_turnin,sell_items",0.6667,6,4
CSStartSkillPacket,SCAiAggroPacket,4,"combat_basic_melee,combat_basic_ranged,human_potato_plant,quest_accept_and_turnin",0.3333,9,7
CSStartSkillPacket,SCDoodadsCreatedPacket,4,"combat_basic_melee,human_potato_plant,pick_potato,quest_accept_and_turnin",0.4444,9,4
CSStartSkillPacket,SCDoodadsRemovedPacket,4,"combat_basic_melee,human_potato_plant,pick_potato,quest_accept_and_turnin",0.4444,9,4
CSStartSkillPacket,SCSkillStartedPacket,4,"harvest_chicken,human_potato_plant,pick_potato,quest_accept_and_turnin",0.4444,9,4
CSStartSkillPacket,movement:movement_update,4,"combat_basic_melee,human_potato_plant,pick_potato,quest_accept_and_turnin",0.4,9,5
PingPacket,SCDoodadsCreatedPacket,4,"combat_basic_melee,human_potato_plant,pick_potato,quest_accept_and_turnin",0.2857,14,4
PingPacket,SCDoodadsRemovedPacket,4,"combat_basic_melee,human_potato_plant,pick_potato,quest_accept_and_turnin",0.2857,14,4
PingPacket,SCSkillStartedPacket,4,"harvest_chicken,human_potato_plant,pick_potato,quest_accept_and_turnin",0.2857,14,4
PingPacket,resource:money_changed,4,"buy_chick,human_potato_plant,quest_accept_and_turnin,sell_items",0.2857,14,4
PingPacket,world:doodad_phase_changed,4,"harvest_chicken,human_potato_plant,pick_potato,place_chick",0.2857,14,4
PongPacket,SCDoodadsCreatedPacket,4,"combat_basic_melee,human_potato_plant,pick_potato,quest_accept_and_turnin",0.2857,14,4
PongPacket,SCDoodadsRemovedPacket,4,"combat_basic_melee,human_potato_plant,pick_potato,quest_accept_and_turnin",0.2857,14,4
PongPacket,SCSkillStartedPacket,4,"harvest_chicken,human_potato_plant,pick_potato,quest_accept_and_turnin",0.2857,14,4
PongPacket,resource:money_changed,4,"buy_chick,human_potato_plant,quest_accept_and_turnin,sell_items",0.2857,14,4
PongPacket,world:doodad_phase_changed,4,"harvest_chicken,human_potato_plant,pick_potato,place_chick",0.2857,14,4
SCAiAggroPacket,SCItemTaskSuccessPacket,4,"buy_chick,human_potato_plant,quest_accept_and_turnin,sell_items",0.3077,7,10
SCAiAggroPacket,SCSkillEndedPacket,4,"combat_basic_melee,combat_basic_ranged,human_potato_plant,quest_accept_and_turnin",0.3077,7,10
SCAiAggroPacket,SCSkillFiredPacket,4,"combat_basic_melee,combat_basic_ranged,human_potato_plant,quest_accept_and_turnin",0.3077,7,10
SCAiAggroPacket,SCUnitPointsPacket,4,"combat_basic_melee,combat_basic_ranged,human_potato_plant,quest_accept_and_turnin",0.3077,7,10
SCAiAggroPacket,resource:money_changed,4,"buy_chick,human_potato_plant,quest_accept_and_turnin,sell_items",0.5714,7,4
SCAiAggroPacket,skill:skill_requested,4,"combat_basic_melee,combat_basic_ranged,human_potato_plant,quest_accept_and_turnin",0.3333,7,9
SCChatMessagePacket,SCDoodadsCreatedPacket,4,"combat_basic_melee,human_potato_plant,pick_potato,quest_accept_and_turnin",0.2857,14,4
SCChatMessagePacket,SCDoodadsRemovedPacket,4,"combat_basic_melee,human_potato_plant,pick_potato,quest_accept_and_turnin",0.2857,14,4
SCChatMessagePacket,SCSkillStartedPacket,4,"harvest_chicken,human_potato_plant,pick_potato,quest_accept_and_turnin",0.2857,14,4
SCChatMessagePacket,resource:money_changed,4,"buy_chick,human_potato_plant,quest_accept_and_turnin,sell_items",0.2857,14,4
SCChatMessagePacket,world:doodad_phase_changed,4,"harvest_chicken,human_potato_plant,pick_potato,place_chick",0.2857,14,4
SCDoodadsCreatedPacket,SCDoodadsRemovedPacket,4,"combat_basic_melee,human_potato_plant,pick_potato,quest_accept_and_turnin",1.0,4,4
SCDoodadsCreatedPacket,SCOneUnitMovementPacket,4,"combat_basic_melee,human_potato_plant,pick_potato,quest_accept_and_turnin",0.2857,4,14
SCDoodadsCreatedPacket,SCSkillEndedPacket,4,"combat_basic_melee,human_potato_plant,pick_potato,quest_accept_and_turnin",0.4,4,10
SCDoodadsCreatedPacket,SCSkillFiredPacket,4,"combat_basic_melee,human_potato_plant,pick_potato,quest_accept_and_turnin",0.4,4,10
SCDoodadsCreatedPacket,SCTargetChangedPacket,4,"combat_basic_melee,human_potato_plant,pick_potato,quest_accept_and_turnin",0.3333,4,12
SCDoodadsCreatedPacket,SCTimeOfDayPacket,4,"combat_basic_melee,human_potato_plant,pick_potato,quest_accept_and_turnin",0.3077,4,13
SCDoodadsCreatedPacket,SCUnitModelPostureChangedPacket,4,"combat_basic_melee,human_potato_plant,pick_potato,quest_accept_and_turnin",0.2857,4,14
SCDoodadsCreatedPacket,SCUnitPointsPacket,4,"combat_basic_melee,human_potato_plant,pick_potato,quest_accept_and_turnin",0.4,4,10
SCDoodadsCreatedPacket,lifecycle:trace_started,4,"combat_basic_melee,human_potato_plant,pick_potato,quest_accept_and_turnin",0.2857,4,14
SCDoodadsCreatedPacket,movement:move_begin,4,"combat_basic_melee,human_potato_plant,pick_potato,quest_accept_and_turnin",0.4444,4,9
SCDoodadsCreatedPacket,movement:move_stop,4,"combat_basic_melee,human_potato_plant,pick_potato,quest_accept_and_turnin",0.4444,4,9
SCDoodadsCreatedPacket,movement:movement_update,4,"combat_basic_melee,human_potato_plant,pick_potato,quest_accept_and_turnin",0.8,4,5
SCDoodadsCreatedPacket,packet:packet_in,4,"combat_basic_melee,human_potato_plant,pick_potato,quest_accept_and_turnin",0.2857,4,14
SCDoodadsCreatedPacket,packet:packet_out,4,"combat_basic_melee,human_potato_plant,pick_potato,quest_accept_and_turnin",0.2857,4,14
SCDoodadsCreatedPacket,skill:skill_requested,4,"combat_basic_melee,human_potato_plant,pick_potato,quest_accept_and_turnin",0.4444,4,9
SCDoodadsRemovedPacket,SCOneUnitMovementPacket,4,"combat_basic_melee,human_potato_plant,pick_potato,quest_accept_and_turnin",0.2857,4,14
SCDoodadsRemovedPacket,SCSkillEndedPacket,4,"combat_basic_melee,human_potato_plant,pick_potato,quest_accept_and_turnin",0.4,4,10
SCDoodadsRemovedPacket,SCSkillFiredPacket,4,"combat_basic_melee,human_potato_plant,pick_potato,quest_accept_and_turnin",0.4,4,10
SCDoodadsRemovedPacket,SCTargetChangedPacket,4,"combat_basic_melee,human_potato_plant,pick_potato,quest_accept_and_turnin",0.3333,4,12
SCDoodadsRemovedPacket,SCTimeOfDayPacket,4,"combat_basic_melee,human_potato_plant,pick_potato,quest_accept_and_turnin",0.3077,4,13
SCDoodadsRemovedPacket,SCUnitModelPostureChangedPacket,4,"combat_basic_melee,human_potato_plant,pick_potato,quest_accept_and_turnin",0.2857,4,14
SCDoodadsRemovedPacket,SCUnitPointsPacket,4,"combat_basic_melee,human_potato_plant,pick_potato,quest_accept_and_turnin",0.4,4,10
SCDoodadsRemovedPacket,lifecycle:trace_started,4,"combat_basic_melee,human_potato_plant,pick_potato,quest_accept_and_turnin",0.2857,4,14
SCDoodadsRemovedPacket,movement:move_begin,4,"combat_basic_melee,human_potato_plant,pick_potato,quest_accept_and_turnin",0.4444,4,9
SCDoodadsRemovedPacket,movement:move_stop,4,"combat_basic_melee,human_potato_plant,pick_potato,quest_accept_and_turnin",0.4444,4,9
SCDoodadsRemovedPacket,movement:movement_update,4,"combat_basic_melee,human_potato_plant,pick_potato,quest_accept_and_turnin",0.8,4,5
SCDoodadsRemovedPacket,packet:packet_in,4,"combat_basic_melee,human_potato_plant,pick_potato,quest_accept_and_turnin",0.2857,4,14
SCDoodadsRemovedPacket,packet:packet_out,4,"combat_basic_melee,human_potato_plant,pick_potato,quest_accept_and_turnin",0.2857,4,14
SCDoodadsRemovedPacket,skill:skill_requested,4,"combat_basic_melee,human_potato_plant,pick_potato,quest_accept_and_turnin",0.4444,4,9
SCItemTaskSuccessPacket,SCNpcInteractionSkillListPacket,4,"buy_chick,human_potato_plant,quest_accept_and_turnin,sell_items",0.3333,10,6
SCItemTaskSuccessPacket,SCSkillStartedPacket,4,"harvest_chicken,human_potato_plant,pick_potato,quest_accept_and_turnin",0.4,10,4
SCItemTaskSuccessPacket,resource:money_changed,4,"buy_chick,human_potato_plant,quest_accept_and_turnin,sell_items",0.4,10,4
SCItemTaskSuccessPacket,world:doodad_phase_changed,4,"harvest_chicken,human_potato_plant,pick_potato,place_chick",0.4,10,4
SCNpcInteractionSkillListPacket,resource:money_changed,4,"buy_chick,human_potato_plant,quest_accept_and_turnin,sell_items",0.6667,6,4
SCOneUnitMovementPacket,SCSkillStartedPacket,4,"harvest_chicken,human_potato_plant,pick_potato,quest_accept_and_turnin",0.2857,14,4
SCOneUnitMovementPacket,resource:money_changed,4,"buy_chick,human_potato_plant,quest_accept_and_turnin,sell_items",0.2857,14,4
SCOneUnitMovementPacket,world:doodad_phase_changed,4,"harvest_chicken,human_potato_plant,pick_potato,place_chick",0.2857,14,4
SCSkillEndedPacket,SCSkillStartedPacket,4,"harvest_chicken,human_potato_plant,pick_potato,quest_accept_and_turnin",0.4,10,4
SCSkillFiredPacket,SCSkillStartedPacket,4,"harvest_chicken,human_potato_plant,pick_potato,quest_accept_and_turnin",0.4,10,4
SCSkillStartedPacket,SCTargetChangedPacket,4,"harvest_chicken,human_potato_plant,pick_potato,quest_accept_and_turnin",0.3333,4,12
SCSkillStartedPacket,SCTimeOfDayPacket,4,"harvest_chicken,human_potato_plant,pick_potato,quest_accept_and_turnin",0.3077,4,13
SCSkillStartedPacket,SCUnitModelPostureChangedPacket,4,"harvest_chicken,human_potato_plant,pick_potato,quest_accept_and_turnin",0.2857,4,14
SCSkillStartedPacket,SCUnitPointsPacket,4,"harvest_chicken,human_potato_plant,pick_potato,quest_accept_and_turnin",0.4,4,10
SCSkillStartedPacket,lifecycle:trace_started,4,"harvest_chicken,human_potato_plant,pick_potato,quest_accept_and_turnin",0.2857,4,14
SCSkillStartedPacket,movement:move_begin,4,"harvest_chicken,human_potato_plant,pick_potato,quest_accept_and_turnin",0.4444,4,9
SCSkillStartedPacket,movement:move_stop,4,"harvest_chicken,human_potato_plant,pick_potato,quest_accept_and_turnin",0.4444,4,9
SCSkillStartedPacket,packet:packet_in,4,"harvest_chicken,human_potato_plant,pick_potato,quest_accept_and_turnin",0.2857,4,14
SCSkillStartedPacket,packet:packet_out,4,"harvest_chicken,human_potato_plant,pick_potato,quest_accept_and_turnin",0.2857,4,14
SCSkillStartedPacket,skill:skill_requested,4,"harvest_chicken,human_potato_plant,pick_potato,quest_accept_and_turnin",0.4444,4,9
SCTimeOfDayPacket,resource:money_changed,4,"buy_chick,human_potato_plant,quest_accept_and_turnin,sell_items",0.3077,13,4
SCUnitModelPostureChangedPacket,resource:money_changed,4,"buy_chick,human_potato_plant,quest_accept_and_turnin,sell_items",0.2857,14,4
SCUnitModelPostureChangedPacket,world:doodad_phase_changed,4,"harvest_chicken,human_potato_plant,pick_potato,place_chick",0.2857,14,4
lifecycle:trace_started,resource:money_changed,4,"buy_chick,human_potato_plant,quest_accept_and_turnin,sell_items",0.2857,14,4
lifecycle:trace_started,world:doodad_phase_changed,4,"harvest_chicken,human_potato_plant,pick_potato,place_chick",0.2857,14,4
movement:movement_update,skill:skill_requested,4,"combat_basic_melee,human_potato_plant,pick_potato,quest_accept_and_turnin",0.4,5,9
packet:packet_in,resource:money_changed,4,"buy_chick,human_potato_plant,quest_accept_and_turnin,sell_items",0.2857,14,4
packet:packet_in,world:doodad_phase_changed,4,"harvest_chicken,human_potato_plant,pick_potato,place_chick",0.2857,14,4
packet:packet_out,resource:money_changed,4,"buy_chick,human_potato_plant,quest_accept_and_turnin,sell_items",0.2857,14,4
packet:packet_out,world:doodad_phase_changed,4,"harvest_chicken,human_potato_plant,pick_potato,place_chick",0.2857,14,4
CSMoveUnitPacket,CompressedGamePackets,4,"combat_basic_melee,combat_basic_ranged,quest_accept_and_turnin,use_bag_consumable",0.2857,14,4
CSStartSkillPacket,CompressedGamePackets,4,"combat_basic_melee,combat_basic_ranged,quest_accept_and_turnin,use_bag_consumable",0.4444,9,4
CompressedGamePackets,PingPacket,4,"combat_basic_melee,combat_basic_ranged,quest_accept_and_turnin,use_bag_consumable",0.2857,4,14
CompressedGamePackets,PongPacket,4,"combat_basic_melee,combat_basic_ranged,quest_accept_and_turnin,use_bag_consumable",0.2857,4,14
CompressedGamePackets,SCChatMessagePacket,4,"combat_basic_melee,combat_basic_ranged,quest_accept_and_turnin,use_bag_consumable",0.2857,4,14
CompressedGamePackets,SCOneUnitMovementPacket,4,"combat_basic_melee,combat_basic_ranged,quest_accept_and_turnin,use_bag_consumable",0.2857,4,14
CompressedGamePackets,SCSkillEndedPacket,4,"combat_basic_melee,combat_basic_ranged,quest_accept_and_turnin,use_bag_consumable",0.4,4,10
CompressedGamePackets,SCSkillFiredPacket,4,"combat_basic_melee,combat_basic_ranged,quest_accept_and_turnin,use_bag_consumable",0.4,4,10
CompressedGamePackets,SCTargetChangedPacket,4,"combat_basic_melee,combat_basic_ranged,quest_accept_and_turnin,use_bag_consumable",0.3333,4,12
CompressedGamePackets,SCTimeOfDayPacket,4,"combat_basic_melee,combat_basic_ranged,quest_accept_and_turnin,use_bag_consumable",0.3077,4,13
CompressedGamePackets,SCUnitModelPostureChangedPacket,4,"combat_basic_melee,combat_basic_ranged,quest_accept_and_turnin,use_bag_consumable",0.2857,4,14
CompressedGamePackets,SCUnitPointsPacket,4,"combat_basic_melee,combat_basic_ranged,quest_accept_and_turnin,use_bag_consumable",0.4,4,10
CompressedGamePackets,lifecycle:trace_started,4,"combat_basic_melee,combat_basic_ranged,quest_accept_and_turnin,use_bag_consumable",0.2857,4,14
CompressedGamePackets,lifecycle:trace_stopped,4,"combat_basic_melee,combat_basic_ranged,quest_accept_and_turnin,use_bag_consumable",0.3077,4,13
CompressedGamePackets,packet:packet_in,4,"combat_basic_melee,combat_basic_ranged,quest_accept_and_turnin,use_bag_consumable",0.2857,4,14
CompressedGamePackets,packet:packet_out,4,"combat_basic_melee,combat_basic_ranged,quest_accept_and_turnin,use_bag_consumable",0.2857,4,14
CompressedGamePackets,skill:instant_cast,4,"combat_basic_melee,combat_basic_ranged,quest_accept_and_turnin,use_bag_consumable",0.6667,4,6
CompressedGamePackets,skill:skill_requested,4,"combat_basic_melee,combat_basic_ranged,quest_accept_and_turnin,use_bag_consumable",0.4444,4,9
CSChangeTargetPacket,skill:instant_cast,4,"combat_basic_melee,combat_basic_ranged,mount_horse,quest_accept_and_turnin",0.3636,9,6
lifecycle:trace_stopped,movement:movement_update,4,"combat_basic_melee,dismount_horse,pick_potato,quest_accept_and_turnin",0.2857,13,5
CSChangeMateTargetPacket,CSCreateSkillControllerPacket,3,"mount_horse,quest_accept_and_turnin,summon_dismiss_pet",0.75,3,4
CSChangeMateTargetPacket,CSMoveUnitPacket,3,"mount_horse,quest_accept_and_turnin,summon_dismiss_pet",0.2143,3,14
CSChangeMateTargetPacket,CSStartSkillPacket,3,"mount_horse,quest_accept_and_turnin,summon_dismiss_pet",0.3333,3,9
CSChangeMateTargetPacket,PingPacket,3,"mount_horse,quest_accept_and_turnin,summon_dismiss_pet",0.2143,3,14
CSChangeMateTargetPacket,PongPacket,3,"mount_horse,quest_accept_and_turnin,summon_dismiss_pet",0.2143,3,14
CSChangeMateTargetPacket,SCChatMessagePacket,3,"mount_horse,quest_accept_and_turnin,summon_dismiss_pet",0.2143,3,14
CSChangeMateTargetPacket,SCItemTaskSuccessPacket,3,"mount_horse,quest_accept_and_turnin,summon_dismiss_pet",0.3,3,10
CSChangeMateTargetPacket,SCMateSpawnedPacket,3,"mount_horse,quest_accept_and_turnin,summon_dismiss_pet",1.0,3,3
CSChangeMateTargetPacket,SCMateStatePacket,3,"mount_horse,quest_accept_and_turnin,summon_dismiss_pet",1.0,3,3
CSChangeMateTargetPacket,SCOneUnitMovementPacket,3,"mount_horse,quest_accept_and_turnin,summon_dismiss_pet",0.2143,3,14
CSChangeMateTargetPacket,SCSkillEndedPacket,3,"mount_horse,quest_accept_and_turnin,summon_dismiss_pet",0.3,3,10
CSChangeMateTargetPacket,SCSkillFiredPacket,3,"mount_horse,quest_accept_and_turnin,summon_dismiss_pet",0.3,3,10
CSChangeMateTargetPacket,SCTargetChangedPacket,3,"mount_horse,quest_accept_and_turnin,summon_dismiss_pet",0.25,3,12
CSChangeMateTargetPacket,SCTimeOfDayPacket,3,"mount_horse,quest_accept_and_turnin,summon_dismiss_pet",0.2308,3,13
CSChangeMateTargetPacket,SCUnitModelPostureChangedPacket,3,"mount_horse,quest_accept_and_turnin,summon_dismiss_pet",0.2143,3,14
CSChangeMateTargetPacket,SCUnitPointsPacket,3,"mount_horse,quest_accept_and_turnin,summon_dismiss_pet",0.3,3,10
CSChangeMateTargetPacket,SCUnitStatePacket,3,"mount_horse,quest_accept_and_turnin,summon_dismiss_pet",0.75,3,4
CSChangeMateTargetPacket,lifecycle:trace_started,3,"mount_horse,quest_accept_and_turnin,summon_dismiss_pet",0.2143,3,14
CSChangeMateTargetPacket,lifecycle:trace_stopped,3,"mount_horse,quest_accept_and_turnin,summon_dismiss_pet",0.2308,3,13
CSChangeMateTargetPacket,packet:packet_in,3,"mount_horse,quest_accept_and_turnin,summon_dismiss_pet",0.2143,3,14
CSChangeMateTargetPacket,packet:packet_out,3,"mount_horse,quest_accept_and_turnin,summon_dismiss_pet",0.2143,3,14
CSChangeMateTargetPacket,skill:instant_cast,3,"mount_horse,quest_accept_and_turnin,summon_dismiss_pet",0.5,3,6
CSChangeMateTargetPacket,skill:skill_requested,3,"mount_horse,quest_accept_and_turnin,summon_dismiss_pet",0.3333,3,9
CSCreateSkillControllerPacket,CSSendChatMessagePacket,3,"dismount_horse,mount_horse,summon_dismiss_pet",0.2727,4,10
CSCreateSkillControllerPacket,CSStartSkillPacket,3,"mount_horse,quest_accept_and_turnin,summon_dismiss_pet",0.3,4,9
CSCreateSkillControllerPacket,SCItemTaskSuccessPacket,3,"mount_horse,quest_accept_and_turnin,summon_dismiss_pet",0.2727,4,10
CSCreateSkillControllerPacket,SCMateSpawnedPacket,3,"mount_horse,quest_accept_and_turnin,summon_dismiss_pet",0.75,4,3
CSCreateSkillControllerPacket,SCMateStatePacket,3,"mount_horse,quest_accept_and_turnin,summon_dismiss_pet",0.75,4,3
CSCreateSkillControllerPacket,SCUnitStatePacket,3,"mount_horse,quest_accept_and_turnin,summon_dismiss_pet",0.6,4,4
CSCreateSkillControllerPacket,movement:move_begin,3,"dismount_horse,quest_accept_and_turnin,summon_dismiss_pet",0.3,4,9
CSCreateSkillControllerPacket,movement:move_stop,3,"dismount_horse,quest_accept_and_turnin,summon_dismiss_pet",0.3,4,9
CSCreateSkillControllerPacket,skill:instant_cast,3,"mount_horse,quest_accept_and_turnin,summon_dismiss_pet",0.4286,4,6
CSCreateSkillControllerPacket,skill:skill_requested,3,"mount_horse,quest_accept_and_turnin,summon_dismiss_pet",0.3,4,9
CSMoveUnitPacket,SCMateSpawnedPacket,3,"mount_horse,quest_accept_and_turnin,summon_dismiss_pet",0.2143,14,3
CSMoveUnitPacket,SCMateStatePacket,3,"mount_horse,quest_accept_and_turnin,summon_dismiss_pet",0.2143,14,3
CSMoveUnitPacket,SCUnitsRemovedPacket,3,"combat_basic_melee,quest_accept_and_turnin,summon_dismiss_pet",0.2143,14,3
CSStartSkillPacket,SCMateSpawnedPacket,3,"mount_horse,quest_accept_and_turnin,summon_dismiss_pet",0.3333,9,3
CSStartSkillPacket,SCMateStatePacket,3,"mount_horse,quest_accept_and_turnin,summon_dismiss_pet",0.3333,9,3
CSStartSkillPacket,SCUnitsRemovedPacket,3,"combat_basic_melee,quest_accept_and_turnin,summon_dismiss_pet",0.3333,9,3
PingPacket,SCMateSpawnedPacket,3,"mount_horse,quest_accept_and_turnin,summon_dismiss_pet",0.2143,14,3
PingPacket,SCMateStatePacket,3,"mount_horse,quest_accept_and_turnin,summon_dismiss_pet",0.2143,14,3
PingPacket,SCUnitsRemovedPacket,3,"combat_basic_melee,quest_accept_and_turnin,summon_dismiss_pet",0.2143,14,3
PongPacket,SCMateSpawnedPacket,3,"mount_horse,quest_accept_and_turnin,summon_dismiss_pet",0.2143,14,3
PongPacket,SCMateStatePacket,3,"mount_horse,quest_accept_and_turnin,summon_dismiss_pet",0.2143,14,3
PongPacket,SCUnitsRemovedPacket,3,"combat_basic_melee,quest_accept_and_turnin,summon_dismiss_pet",0.2143,14,3
SCChatMessagePacket,SCMateSpawnedPacket,3,"mount_horse,quest_accept_and_turnin,summon_dismiss_pet",0.2143,14,3
SCChatMessagePacket,SCMateStatePacket,3,"mount_horse,quest_accept_and_turnin,summon_dismiss_pet",0.2143,14,3
SCChatMessagePacket,SCUnitsRemovedPacket,3,"combat_basic_melee,quest_accept_and_turnin,summon_dismiss_pet",0.2143,14,3
SCItemTaskSuccessPacket,SCMateSpawnedPacket,3,"mount_horse,quest_accept_and_turnin,summon_dismiss_pet",0.3,10,3
SCItemTaskSuccessPacket,SCMateStatePacket,3,"mount_horse,quest_accept_and_turnin,summon_dismiss_pet",0.3,10,3
SCMateSpawnedPacket,SCMateStatePacket,3,"mount_horse,quest_accept_and_turnin,summon_dismiss_pet",1.0,3,3
SCMateSpawnedPacket,SCOneUnitMovementPacket,3,"mount_horse,quest_accept_and_turnin,summon_dismiss_pet",0.2143,3,14
SCMateSpawnedPacket,SCSkillEndedPacket,3,"mount_horse,quest_accept_and_turnin,summon_dismiss_pet",0.3,3,10
SCMateSpawnedPacket,SCSkillFiredPacket,3,"mount_horse,quest_accept_and_turnin,summon_dismiss_pet",0.3,3,10
SCMateSpawnedPacket,SCTargetChangedPacket,3,"mount_horse,quest_accept_and_turnin,summon_dismiss_pet",0.25,3,12
SCMateSpawnedPacket,SCTimeOfDayPacket,3,"mount_horse,quest_accept_and_turnin,summon_dismiss_pet",0.2308,3,13
SCMateSpawnedPacket,SCUnitModelPostureChangedPacket,3,"mount_horse,quest_accept_and_turnin,summon_dismiss_pet",0.2143,3,14
SCMateSpawnedPacket,SCUnitPointsPacket,3,"mount_horse,quest_accept_and_turnin,summon_dismiss_pet",0.3,3,10
SCMateSpawnedPacket,SCUnitStatePacket,3,"mount_horse,quest_accept_and_turnin,summon_dismiss_pet",0.75,3,4
SCMateSpawnedPacket,lifecycle:trace_started,3,"mount_horse,quest_accept_and_turnin,summon_dismiss_pet",0.2143,3,14
SCMateSpawnedPacket,lifecycle:trace_stopped,3,"mount_horse,quest_accept_and_turnin,summon_dismiss_pet",0.2308,3,13
SCMateSpawnedPacket,packet:packet_in,3,"mount_horse,quest_accept_and_turnin,summon_dismiss_pet",0.2143,3,14
SCMateSpawnedPacket,packet:packet_out,3,"mount_horse,quest_accept_and_turnin,summon_dismiss_pet",0.2143,3,14
SCMateSpawnedPacket,skill:instant_cast,3,"mount_horse,quest_accept_and_turnin,summon_dismiss_pet",0.5,3,6
SCMateSpawnedPacket,skill:skill_requested,3,"mount_horse,quest_accept_and_turnin,summon_dismiss_pet",0.3333,3,9
SCMateStatePacket,SCOneUnitMovementPacket,3,"mount_horse,quest_accept_and_turnin,summon_dismiss_pet",0.2143,3,14
SCMateStatePacket,SCSkillEndedPacket,3,"mount_horse,quest_accept_and_turnin,summon_dismiss_pet",0.3,3,10
SCMateStatePacket,SCSkillFiredPacket,3,"mount_horse,quest_accept_and_turnin,summon_dismiss_pet",0.3,3,10
SCMateStatePacket,SCTargetChangedPacket,3,"mount_horse,quest_accept_and_turnin,summon_dismiss_pet",0.25,3,12
SCMateStatePacket,SCTimeOfDayPacket,3,"mount_horse,quest_accept_and_turnin,summon_dismiss_pet",0.2308,3,13
SCMateStatePacket,SCUnitModelPostureChangedPacket,3,"mount_horse,quest_accept_and_turnin,summon_dismiss_pet",0.2143,3,14
SCMateStatePacket,SCUnitPointsPacket,3,"mount_horse,quest_accept_and_turnin,summon_dismiss_pet",0.3,3,10
SCMateStatePacket,SCUnitStatePacket,3,"mount_horse,quest_accept_and_turnin,summon_dismiss_pet",0.75,3,4
SCMateStatePacket,lifecycle:trace_started,3,"mount_horse,quest_accept_and_turnin,summon_dismiss_pet",0.2143,3,14
SCMateStatePacket,lifecycle:trace_stopped,3,"mount_horse,quest_accept_and_turnin,summon_dismiss_pet",0.2308,3,13
SCMateStatePacket,packet:packet_in,3,"mount_horse,quest_accept_and_turnin,summon_dismiss_pet",0.2143,3,14
SCMateStatePacket,packet:packet_out,3,"mount_horse,quest_accept_and_turnin,summon_dismiss_pet",0.2143,3,14
SCMateStatePacket,skill:instant_cast,3,"mount_horse,quest_accept_and_turnin,summon_dismiss_pet",0.5,3,6
SCMateStatePacket,skill:skill_requested,3,"mount_horse,quest_accept_and_turnin,summon_dismiss_pet",0.3333,3,9
SCOneUnitMovementPacket,SCUnitsRemovedPacket,3,"combat_basic_melee,quest_accept_and_turnin,summon_dismiss_pet",0.2143,14,3
SCSkillEndedPacket,SCUnitsRemovedPacket,3,"combat_basic_melee,quest_accept_and_turnin,summon_dismiss_pet",0.3,10,3
SCSkillFiredPacket,SCUnitsRemovedPacket,3,"combat_basic_melee,quest_accept_and_turnin,summon_dismiss_pet",0.3,10,3
SCTargetChangedPacket,SCUnitsRemovedPacket,3,"combat_basic_melee,quest_accept_and_turnin,summon_dismiss_pet",0.25,12,3
SCTimeOfDayPacket,SCUnitsRemovedPacket,3,"combat_basic_melee,quest_accept_and_turnin,summon_dismiss_pet",0.2308,13,3
SCUnitModelPostureChangedPacket,SCUnitsRemovedPacket,3,"combat_basic_melee,quest_accept_and_turnin,summon_dismiss_pet",0.2143,14,3
SCUnitPointsPacket,SCUnitsRemovedPacket,3,"combat_basic_melee,quest_accept_and_turnin,summon_dismiss_pet",0.3,10,3
SCUnitsRemovedPacket,lifecycle:trace_started,3,"combat_basic_melee,quest_accept_and_turnin,summon_dismiss_pet",0.2143,3,14
SCUnitsRemovedPacket,lifecycle:trace_stopped,3,"combat_basic_melee,quest_accept_and_turnin,summon_dismiss_pet",0.2308,3,13
SCUnitsRemovedPacket,movement:move_begin,3,"combat_basic_melee,quest_accept_and_turnin,summon_dismiss_pet",0.3333,3,9
SCUnitsRemovedPacket,movement:move_stop,3,"combat_basic_melee,quest_accept_and_turnin,summon_dismiss_pet",0.3333,3,9
SCUnitsRemovedPacket,packet:packet_in,3,"combat_basic_melee,quest_accept_and_turnin,summon_dismiss_pet",0.2143,3,14
SCUnitsRemovedPacket,packet:packet_out,3,"combat_basic_melee,quest_accept_and_turnin,summon_dismiss_pet",0.2143,3,14
SCUnitsRemovedPacket,skill:instant_cast,3,"combat_basic_melee,quest_accept_and_turnin,summon_dismiss_pet",0.5,3,6
SCUnitsRemovedPacket,skill:skill_requested,3,"combat_basic_melee,quest_accept_and_turnin,summon_dismiss_pet",0.3333,3,9
movement:move_begin,skill:instant_cast,3,"combat_basic_melee,quest_accept_and_turnin,summon_dismiss_pet",0.25,9,6
movement:move_stop,skill:instant_cast,3,"combat_basic_melee,quest_accept_and_turnin,summon_dismiss_pet",0.25,9,6
CSChangeTargetPacket,CSInteractNPCEndPacket,3,"human_potato_plant,quest_accept_and_turnin,talk_npc",0.3333,9,3
CSChangeTargetPacket,SCDoodadPhaseChangedPacket,3,"harvest_chicken,human_potato_plant,pick_potato",0.3333,9,3
CSChangeTargetPacket,interaction:doodad_use,3,"harvest_chicken,human_potato_plant,pick_potato",0.3333,9,3
CSChangeTargetPacket,resource:money_changed,3,"human_potato_plant,quest_accept_and_turnin,sell_items",0.3,9,4
CSChangeTargetPacket,skill:cast_started,3,"harvest_chicken,human_potato_plant,pick_potato",0.3333,9,3
CSChangeTargetPacket,world:doodad_phase_changed,3,"harvest_chicken,human_potato_plant,pick_potato",0.3,9,4
CSInteractNPCEndPacket,CSInteractNPCPacket,3,"human_potato_plant,quest_accept_and_turnin,talk_npc",0.5,3,6
CSInteractNPCEndPacket,CSMoveUnitPacket,3,"human_potato_plant,quest_accept_and_turnin,talk_npc",0.2143,3,14
CSInteractNPCEndPacket,CSStartInteractionPacket,3,"human_potato_plant,quest_accept_and_turnin,talk_npc",0.5,3,6
CSInteractNPCEndPacket,PingPacket,3,"human_potato_plant,quest_accept_and_turnin,talk_npc",0.2143,3,14
CSInteractNPCEndPacket,PongPacket,3,"human_potato_plant,quest_accept_and_turnin,talk_npc",0.2143,3,14
CSInteractNPCEndPacket,SCAiAggroPacket,3,"human_potato_plant,quest_accept_and_turnin,talk_npc",0.4286,3,7
CSInteractNPCEndPacket,SCChatMessagePacket,3,"human_potato_plant,quest_accept_and_turnin,talk_npc",0.2143,3,14
CSInteractNPCEndPacket,SCNpcInteractionSkillListPacket,3,"human_potato_plant,quest_accept_and_turnin,talk_npc",0.5,3,6
CSInteractNPCEndPacket,SCOneUnitMovementPacket,3,"human_potato_plant,quest_accept_and_turnin,talk_npc",0.2143,3,14
CSInteractNPCEndPacket,SCTargetChangedPacket,3,"human_potato_plant,quest_accept_and_turnin,talk_npc",0.25,3,12
CSInteractNPCEndPacket,SCTimeOfDayPacket,3,"human_potato_plant,quest_accept_and_turnin,talk_npc",0.2308,3,13
CSInteractNPCEndPacket,SCUnitModelPostureChangedPacket,3,"human_potato_plant,quest_accept_and_turnin,talk_npc",0.2143,3,14
CSInteractNPCEndPacket,lifecycle:trace_started,3,"human_potato_plant,quest_accept_and_turnin,talk_npc",0.2143,3,14
CSInteractNPCEndPacket,movement:move_begin,3,"human_potato_plant,quest_accept_and_turnin,talk_npc",0.3333,3,9
CSInteractNPCEndPacket,movement:move_stop,3,"human_potato_plant,quest_accept_and_turnin,talk_npc",0.3333,3,9
CSInteractNPCEndPacket,packet:packet_in,3,"human_potato_plant,quest_accept_and_turnin,talk_npc",0.2143,3,14
CSInteractNPCEndPacket,packet:packet_out,3,"human_potato_plant,quest_accept_and_turnin,talk_npc",0.2143,3,14
CSInteractNPCPacket,CSStartSkillPacket,3,"combat_basic_melee,human_potato_plant,quest_accept_and_turnin",0.25,6,9
CSInteractNPCPacket,SCDoodadsCreatedPacket,3,"combat_basic_melee,human_potato_plant,quest_accept_and_turnin",0.4286,6,4
CSInteractNPCPacket,SCDoodadsRemovedPacket,3,"combat_basic_melee,human_potato_plant,quest_accept_and_turnin",0.4286,6,4
CSInteractNPCPacket,SCSkillEndedPacket,3,"combat_basic_melee,human_potato_plant,quest_accept_and_turnin",0.2308,6,10
CSInteractNPCPacket,SCSkillFiredPacket,3,"combat_basic_melee,human_potato_plant,quest_accept_and_turnin",0.2308,6,10
CSInteractNPCPacket,SCUnitPointsPacket,3,"combat_basic_melee,human_potato_plant,quest_accept_and_turnin",0.2308,6,10
CSInteractNPCPacket,movement:movement_update,3,"combat_basic_melee,human_potato_plant,quest_accept_and_turnin",0.375,6,5
CSInteractNPCPacket,skill:skill_requested,3,"combat_basic_melee,human_potato_plant,quest_accept_and_turnin",0.25,6,9
CSMoveUnitPacket,SCDoodadCreatedPacket,3,"human_potato_plant,place_chick,quest_accept_and_turnin",0.2143,14,3
CSMoveUnitPacket,SCDoodadPhaseChangedPacket,3,"harvest_chicken,human_potato_plant,pick_potato",0.2143,14,3
CSMoveUnitPacket,interaction:doodad_use,3,"harvest_chicken,human_potato_plant,pick_potato",0.2143,14,3
CSMoveUnitPacket,skill:cast_started,3,"harvest_chicken,human_potato_plant,pick_potato",0.2143,14,3
CSSendChatMessagePacket,SCDoodadPhaseChangedPacket,3,"harvest_chicken,human_potato_plant,pick_potato",0.3,10,3
CSSendChatMessagePacket,SCSkillStartedPacket,3,"harvest_chicken,human_potato_plant,pick_potato",0.2727,10,4
CSSendChatMessagePacket,interaction:doodad_use,3,"harvest_chicken,human_potato_plant,pick_potato",0.3,10,3
CSSendChatMessagePacket,movement:movement_update,3,"dismount_horse,human_potato_plant,pick_potato",0.25,10,5
CSSendChatMessagePacket,resource:money_changed,3,"buy_chick,human_potato_plant,sell_items",0.2727,10,4
CSSendChatMessagePacket,skill:cast_started,3,"harvest_chicken,human_potato_plant,pick_potato",0.3,10,3
CSStartInteractionPacket,CSStartSkillPacket,3,"combat_basic_melee,human_potato_plant,quest_accept_and_turnin",0.25,6,9
CSStartInteractionPacket,SCDoodadsCreatedPacket,3,"combat_basic_melee,human_potato_plant,quest_accept_and_turnin",0.4286,6,4
CSStartInteractionPacket,SCDoodadsRemovedPacket,3,"combat_basic_melee,human_potato_plant,quest_accept_and_turnin",0.4286,6,4
CSStartInteractionPacket,SCSkillEndedPacket,3,"combat_basic_melee,human_potato_plant,quest_accept_and_turnin",0.2308,6,10
CSStartInteractionPacket,SCSkillFiredPacket,3,"combat_basic_melee,human_potato_plant,quest_accept_and_turnin",0.2308,6,10
CSStartInteractionPacket,SCUnitPointsPacket,3,"combat_basic_melee,human_potato_plant,quest_accept_and_turnin",0.2308,6,10
CSStartInteractionPacket,movement:movement_update,3,"combat_basic_melee,human_potato_plant,quest_accept_and_turnin",0.375,6,5
CSStartInteractionPacket,skill:skill_requested,3,"combat_basic_melee,human_potato_plant,quest_accept_and_turnin",0.25,6,9
CSStartSkillPacket,SCDoodadPhaseChangedPacket,3,"harvest_chicken,human_potato_plant,pick_potato",0.3333,9,3
CSStartSkillPacket,SCNpcInteractionSkillListPacket,3,"combat_basic_melee,human_potato_plant,quest_accept_and_turnin",0.25,9,6
CSStartSkillPacket,interaction:doodad_use,3,"harvest_chicken,human_potato_plant,pick_potato",0.3333,9,3
CSStartSkillPacket,skill:cast_started,3,"harvest_chicken,human_potato_plant,pick_potato",0.3333,9,3
CSStartSkillPacket,world:doodad_phase_changed,3,"harvest_chicken,human_potato_plant,pick_potato",0.3,9,4
PingPacket,SCDoodadCreatedPacket,3,"human_potato_plant,place_chick,quest_accept_and_turnin",0.2143,14,3
PingPacket,SCDoodadPhaseChangedPacket,3,"harvest_chicken,human_potato_plant,pick_potato",0.2143,14,3
PingPacket,interaction:doodad_use,3,"harvest_chicken,human_potato_plant,pick_potato",0.2143,14,3
PingPacket,skill:cast_started,3,"harvest_chicken,human_potato_plant,pick_potato",0.2143,14,3
PongPacket,SCDoodadCreatedPacket,3,"human_potato_plant,place_chick,quest_accept_and_turnin",0.2143,14,3
PongPacket,SCDoodadPhaseChangedPacket,3,"harvest_chicken,human_potato_plant,pick_potato",0.2143,14,3
PongPacket,interaction:doodad_use,3,"harvest_chicken,human_potato_plant,pick_potato",0.2143,14,3
PongPacket,skill:cast_started,3,"harvest_chicken,human_potato_plant,pick_potato",0.2143,14,3
SCAiAggroPacket,SCDoodadsCreatedPacket,3,"combat_basic_melee,human_potato_plant,quest_accept_and_turnin",0.375,7,4
SCAiAggroPacket,SCDoodadsRemovedPacket,3,"combat_basic_melee,human_potato_plant,quest_accept_and_turnin",0.375,7,4
SCAiAggroPacket,movement:movement_update,3,"combat_basic_melee,human_potato_plant,quest_accept_and_turnin",0.3333,7,5
SCChatMessagePacket,SCDoodadCreatedPacket,3,"human_potato_plant,place_chick,quest_accept_and_turnin",0.2143,14,3
SCChatMessagePacket,SCDoodadPhaseChangedPacket,3,"harvest_chicken,human_potato_plant,pick_potato",0.2143,14,3
SCChatMessagePacket,interaction:doodad_use,3,"harvest_chicken,human_potato_plant,pick_potato",0.2143,14,3
SCChatMessagePacket,skill:cast_started,3,"harvest_chicken,human_potato_plant,pick_potato",0.2143,14,3
SCDoodadCreatedPacket,SCItemTaskSuccessPacket,3,"human_potato_plant,place_chick,quest_accept_and_turnin",0.3,3,10
SCDoodadCreatedPacket,SCOneUnitMovementPacket,3,"human_potato_plant,place_chick,quest_accept_and_turnin",0.2143,3,14
SCDoodadCreatedPacket,SCUnitModelPostureChangedPacket,3,"human_potato_plant,place_chick,quest_accept_and_turnin",0.2143,3,14
SCDoodadCreatedPacket,lifecycle:trace_started,3,"human_potato_plant,place_chick,quest_accept_and_turnin",0.2143,3,14
SCDoodadCreatedPacket,packet:packet_in,3,"human_potato_plant,place_chick,quest_accept_and_turnin",0.2143,3,14
SCDoodadCreatedPacket,packet:packet_out,3,"human_potato_plant,place_chick,quest_accept_and_turnin",0.2143,3,14
SCDoodadPhaseChangedPacket,SCItemTaskSuccessPacket,3,"harvest_chicken,human_potato_plant,pick_potato",0.3,3,10
SCDoodadPhaseChangedPacket,SCOneUnitMovementPacket,3,"harvest_chicken,human_potato_plant,pick_potato",0.2143,3,14
SCDoodadPhaseChangedPacket,SCSkillEndedPacket,3,"harvest_chicken,human_potato_plant,pick_potato",0.3,3,10
SCDoodadPhaseChangedPacket,SCSkillFiredPacket,3,"harvest_chicken,human_potato_plant,pick_potato",0.3,3,10
SCDoodadPhaseChangedPacket,SCSkillStartedPacket,3,"harvest_chicken,human_potato_plant,pick_potato",0.75,3,4
SCDoodadPhaseChangedPacket,SCTargetChangedPacket,3,"harvest_chicken,human_potato_plant,pick_potato",0.25,3,12
SCDoodadPhaseChangedPacket,SCTimeOfDayPacket,3,"harvest_chicken,human_potato_plant,pick_potato",0.2308,3,13
SCDoodadPhaseChangedPacket,SCUnitModelPostureChangedPacket,3,"harvest_chicken,human_potato_plant,pick_potato",0.2143,3,14
SCDoodadPhaseChangedPacket,SCUnitPointsPacket,3,"harvest_chicken,human_potato_plant,pick_potato",0.3,3,10
SCDoodadPhaseChangedPacket,interaction:doodad_use,3,"harvest_chicken,human_potato_plant,pick_potato",1.0,3,3
SCDoodadPhaseChangedPacket,lifecycle:trace_started,3,"harvest_chicken,human_potato_plant,pick_potato",0.2143,3,14
SCDoodadPhaseChangedPacket,movement:move_begin,3,"harvest_chicken,human_potato_plant,pick_potato",0.3333,3,9
SCDoodadPhaseChangedPacket,movement:move_stop,3,"harvest_chicken,human_potato_plant,pick_potato",0.3333,3,9
SCDoodadPhaseChangedPacket,packet:packet_in,3,"harvest_chicken,human_potato_plant,pick_potato",0.2143,3,14
SCDoodadPhaseChangedPacket,packet:packet_out,3,"harvest_chicken,human_potato_plant,pick_potato",0.2143,3,14
SCDoodadPhaseChangedPacket,skill:cast_started,3,"harvest_chicken,human_potato_plant,pick_potato",1.0,3,3
SCDoodadPhaseChangedPacket,skill:skill_requested,3,"harvest_chicken,human_potato_plant,pick_potato",0.3333,3,9
SCDoodadPhaseChangedPacket,world:doodad_phase_changed,3,"harvest_chicken,human_potato_plant,pick_potato",0.75,3,4
SCDoodadsCreatedPacket,SCItemTaskSuccessPacket,3,"human_potato_plant,pick_potato,quest_accept_and_turnin",0.2727,4,10
SCDoodadsCreatedPacket,SCNpcInteractionSkillListPacket,3,"combat_basic_melee,human_potato_plant,quest_accept_and_turnin",0.4286,4,6
SCDoodadsCreatedPacket,SCSkillStartedPacket,3,"human_potato_plant,pick_potato,quest_accept_and_turnin",0.6,4,4
SCDoodadsRemovedPacket,SCItemTaskSuccessPacket,3,"human_potato_plant,pick_potato,quest_accept_and_turnin",0.2727,4,10
SCDoodadsRemovedPacket,SCNpcInteractionSkillListPacket,3,"combat_basic_melee,human_potato_plant,quest_accept_and_turnin",0.4286,4,6
SCDoodadsRemovedPacket,SCSkillStartedPacket,3,"human_potato_plant,pick_potato,quest_accept_and_turnin",0.6,4,4
SCItemTaskSuccessPacket,interaction:doodad_use,3,"harvest_chicken,human_potato_plant,pick_potato",0.3,10,3
SCItemTaskSuccessPacket,movement:movement_update,3,"human_potato_plant,pick_potato,quest_accept_and_turnin",0.25,10,5
SCItemTaskSuccessPacket,skill:cast_started,3,"harvest_chicken,human_potato_plant,pick_potato",0.3,10,3
SCNpcInteractionSkillListPacket,SCSkillEndedPacket,3,"combat_basic_melee,human_potato_plant,quest_accept_and_turnin",0.2308,6,10
SCNpcInteractionSkillListPacket,SCSkillFiredPacket,3,"combat_basic_melee,human_potato_plant,quest_accept_and_turnin",0.2308,6,10
SCNpcInteractionSkillListPacket,SCUnitPointsPacket,3,"combat_basic_melee,human_potato_plant,quest_accept_and_turnin",0.2308,6,10
SCNpcInteractionSkillListPacket,movement:movement_update,3,"combat_basic_melee,human_potato_plant,quest_accept_and_turnin",0.375,6,5
SCNpcInteractionSkillListPacket,skill:skill_requested,3,"combat_basic_melee,human_potato_plant,quest_accept_and_turnin",0.25,6,9
SCOneUnitMovementPacket,interaction:doodad_use,3,"harvest_chicken,human_potato_plant,pick_potato",0.2143,14,3
SCOneUnitMovementPacket,skill:cast_started,3,"harvest_chicken,human_potato_plant,pick_potato",0.2143,14,3
SCSkillEndedPacket,interaction:doodad_use,3,"harvest_chicken,human_potato_plant,pick_potato",0.3,10,3
SCSkillEndedPacket,skill:cast_started,3,"harvest_chicken,human_potato_plant,pick_potato",0.3,10,3
SCSkillEndedPacket,world:doodad_phase_changed,3,"harvest_chicken,human_potato_plant,pick_potato",0.2727,10,4
SCSkillFiredPacket,interaction:doodad_use,3,"harvest_chicken,human_potato_plant,pick_potato",0.3,10,3
SCSkillFiredPacket,skill:cast_started,3,"harvest_chicken,human_potato_plant,pick_potato",0.3,10,3
SCSkillFiredPacket,world:doodad_phase_changed,3,"harvest_chicken,human_potato_plant,pick_potato",0.2727,10,4
SCSkillStartedPacket,interaction:doodad_use,3,"harvest_chicken,human_potato_plant,pick_potato",0.75,4,3
SCSkillStartedPacket,movement:movement_update,3,"human_potato_plant,pick_potato,quest_accept_and_turnin",0.5,4,5
SCSkillStartedPacket,skill:cast_started,3,"harvest_chicken,human_potato_plant,pick_potato",0.75,4,3
SCSkillStartedPacket,world:doodad_phase_changed,3,"harvest_chicken,human_potato_plant,pick_potato",0.6,4,4
SCTargetChangedPacket,interaction:doodad_use,3,"harvest_chicken,human_potato_plant,pick_potato",0.25,12,3
SCTargetChangedPacket,resource:money_changed,3,"human_potato_plant,quest_accept_and_turnin,sell_items",0.2308,12,4
SCTargetChangedPacket,skill:cast_started,3,"harvest_chicken,human_potato_plant,pick_potato",0.25,12,3
SCTargetChangedPacket,world:doodad_phase_changed,3,"harvest_chicken,human_potato_plant,pick_potato",0.2308,12,4
SCTimeOfDayPacket,interaction:doodad_use,3,"harvest_chicken,human_potato_plant,pick_potato",0.2308,13,3
SCTimeOfDayPacket,skill:cast_started,3,"harvest_chicken,human_potato_plant,pick_potato",0.2308,13,3
SCTimeOfDayPacket,world:doodad_phase_changed,3,"harvest_chicken,human_potato_plant,pick_potato",0.2143,13,4
SCUnitModelPostureChangedPacket,interaction:doodad_use,3,"harvest_chicken,human_potato_plant,pick_potato",0.2143,14,3
SCUnitModelPostureChangedPacket,skill:cast_started,3,"harvest_chicken,human_potato_plant,pick_potato",0.2143,14,3
SCUnitPointsPacket,interaction:doodad_use,3,"harvest_chicken,human_potato_plant,pick_potato",0.3,10,3
SCUnitPointsPacket,skill:cast_started,3,"harvest_chicken,human_potato_plant,pick_potato",0.3,10,3
SCUnitPointsPacket,world:doodad_phase_changed,3,"harvest_chicken,human_potato_plant,pick_potato",0.2727,10,4
interaction:doodad_use,lifecycle:trace_started,3,"harvest_chicken,human_potato_plant,pick_potato",0.2143,3,14
interaction:doodad_use,movement:move_begin,3,"harvest_chicken,human_potato_plant,pick_potato",0.3333,3,9
interaction:doodad_use,movement:move_stop,3,"harvest_chicken,human_potato_plant,pick_potato",0.3333,3,9
interaction:doodad_use,packet:packet_in,3,"harvest_chicken,human_potato_plant,pick_potato",0.2143,3,14
interaction:doodad_use,packet:packet_out,3,"harvest_chicken,human_potato_plant,pick_potato",0.2143,3,14
interaction:doodad_use,skill:cast_started,3,"harvest_chicken,human_potato_plant,pick_potato",1.0,3,3
interaction:doodad_use,skill:skill_requested,3,"harvest_chicken,human_potato_plant,pick_potato",0.3333,3,9
interaction:doodad_use,world:doodad_phase_changed,3,"harvest_chicken,human_potato_plant,pick_potato",0.75,3,4
lifecycle:trace_started,skill:cast_started,3,"harvest_chicken,human_potato_plant,pick_potato",0.2143,14,3
movement:move_begin,resource:money_changed,3,"human_potato_plant,quest_accept_and_turnin,sell_items",0.3,9,4
movement:move_begin,skill:cast_started,3,"harvest_chicken,human_potato_plant,pick_potato",0.3333,9,3
movement:move_begin,world:doodad_phase_changed,3,"harvest_chicken,human_potato_plant,pick_potato",0.3,9,4
movement:move_stop,resource:money_changed,3,"human_potato_plant,quest_accept_and_turnin,sell_items",0.3,9,4
movement:move_stop,skill:cast_started,3,"harvest_chicken,human_potato_plant,pick_potato",0.3333,9,3
movement:move_stop,world:doodad_phase_changed,3,"harvest_chicken,human_potato_plant,pick_potato",0.3,9,4
packet:packet_in,skill:cast_started,3,"harvest_chicken,human_potato_plant,pick_potato",0.2143,14,3
packet:packet_out,skill:cast_started,3,"harvest_chicken,human_potato_plant,pick_potato",0.2143,14,3
skill:cast_started,skill:skill_requested,3,"harvest_chicken,human_potato_plant,pick_potato",0.3333,3,9
skill:cast_started,world:doodad_phase_changed,3,"harvest_chicken,human_potato_plant,pick_potato",0.75,3,4
skill:skill_requested,world:doodad_phase_changed,3,"harvest_chicken,human_potato_plant,pick_potato",0.3,9,4
lifecycle:trace_stopped,resource:money_changed,3,"buy_chick,quest_accept_and_turnin,sell_items",0.2143,13,4
CSChangeTargetPacket,CompressedGamePackets,3,"combat_basic_melee,combat_basic_ranged,quest_accept_and_turnin",0.3,9,4
CSChangeTargetPacket,FastPingPacket,3,"combat_basic_melee,combat_basic_ranged,quest_accept_and_turnin",0.3333,9,3
CSChangeTargetPacket,FastPongPacket,3,"combat_basic_melee,combat_basic_ranged,quest_accept_and_turnin",0.3333,9,3
CSChangeTargetPacket,SCAggroTargetChangedPacket,3,"combat_basic_melee,combat_basic_ranged,quest_accept_and_turnin",0.3333,9,3
CSChangeTargetPacket,SCBuffCreatedPacket,3,"combat_basic_melee,combat_basic_ranged,quest_accept_and_turnin",0.3333,9,3
CSChangeTargetPacket,SCBuffRemovedPacket,3,"combat_basic_melee,combat_basic_ranged,quest_accept_and_turnin",0.3333,9,3
CSChangeTargetPacket,SCCombatClearedPacket,3,"combat_basic_melee,combat_basic_ranged,quest_accept_and_turnin",0.3333,9,3
CSChangeTargetPacket,SCCombatFirstHitPacket,3,"combat_basic_melee,combat_basic_ranged,quest_accept_and_turnin",0.3333,9,3
CSChangeTargetPacket,SCQuestContextUpdatedPacket,3,"combat_basic_melee,combat_basic_ranged,quest_accept_and_turnin",0.3333,9,3
CSChangeTargetPacket,SCUnitDeathPacket,3,"combat_basic_melee,combat_basic_ranged,quest_accept_and_turnin",0.3333,9,3
CSMoveUnitPacket,FastPingPacket,3,"combat_basic_melee,combat_basic_ranged,quest_accept_and_turnin",0.2143,14,3
CSMoveUnitPacket,FastPongPacket,3,"combat_basic_melee,combat_basic_ranged,quest_accept_and_turnin",0.2143,14,3
CSMoveUnitPacket,SCAggroTargetChangedPacket,3,"combat_basic_melee,combat_basic_ranged,quest_accept_and_turnin",0.2143,14,3
CSMoveUnitPacket,SCBuffCreatedPacket,3,"combat_basic_melee,combat_basic_ranged,quest_accept_and_turnin",0.2143,14,3
CSMoveUnitPacket,SCBuffRemovedPacket,3,"combat_basic_melee,combat_basic_ranged,quest_accept_and_turnin",0.2143,14,3
CSMoveUnitPacket,SCCombatClearedPacket,3,"combat_basic_melee,combat_basic_ranged,quest_accept_and_turnin",0.2143,14,3
CSMoveUnitPacket,SCCombatFirstHitPacket,3,"combat_basic_melee,combat_basic_ranged,quest_accept_and_turnin",0.2143,14,3
CSMoveUnitPacket,SCQuestContextUpdatedPacket,3,"combat_basic_melee,combat_basic_ranged,quest_accept_and_turnin",0.2143,14,3
CSMoveUnitPacket,SCUnitDeathPacket,3,"combat_basic_melee,combat_basic_ranged,quest_accept_and_turnin",0.2143,14,3
CSStartSkillPacket,FastPingPacket,3,"combat_basic_melee,combat_basic_ranged,quest_accept_and_turnin",0.3333,9,3
CSStartSkillPacket,FastPongPacket,3,"combat_basic_melee,combat_basic_ranged,quest_accept_and_turnin",0.3333,9,3
CSStartSkillPacket,SCAggroTargetChangedPacket,3,"combat_basic_melee,combat_basic_ranged,quest_accept_and_turnin",0.3333,9,3
CSStartSkillPacket,SCBuffCreatedPacket,3,"combat_basic_melee,combat_basic_ranged,quest_accept_and_turnin",0.3333,9,3
CSStartSkillPacket,SCBuffRemovedPacket,3,"combat_basic_melee,combat_basic_ranged,quest_accept_and_turnin",0.3333,9,3
CSStartSkillPacket,SCCombatClearedPacket,3,"combat_basic_melee,combat_basic_ranged,quest_accept_and_turnin",0.3333,9,3
CSStartSkillPacket,SCCombatFirstHitPacket,3,"combat_basic_melee,combat_basic_ranged,quest_accept_and_turnin",0.3333,9,3
CSStartSkillPacket,SCQuestContextUpdatedPacket,3,"combat_basic_melee,combat_basic_ranged,quest_accept_and_turnin",0.3333,9,3
CSStartSkillPacket,SCUnitDeathPacket,3,"combat_basic_melee,combat_basic_ranged,quest_accept_and_turnin",0.3333,9,3
CompressedGamePackets,FastPingPacket,3,"combat_basic_melee,combat_basic_ranged,quest_accept_and_turnin",0.75,4,3
CompressedGamePackets,FastPongPacket,3,"combat_basic_melee,combat_basic_ranged,quest_accept_and_turnin",0.75,4,3
CompressedGamePackets,SCAggroTargetChangedPacket,3,"combat_basic_melee,combat_basic_ranged,quest_accept_and_turnin",0.75,4,3
CompressedGamePackets,SCAiAggroPacket,3,"combat_basic_melee,combat_basic_ranged,quest_accept_and_turnin",0.375,4,7
CompressedGamePackets,SCBuffCreatedPacket,3,"combat_basic_melee,combat_basic_ranged,quest_accept_and_turnin",0.75,4,3
CompressedGamePackets,SCBuffRemovedPacket,3,"combat_basic_melee,combat_basic_ranged,quest_accept_and_turnin",0.75,4,3
CompressedGamePackets,SCCombatClearedPacket,3,"combat_basic_melee,combat_basic_ranged,quest_accept_and_turnin",0.75,4,3
CompressedGamePackets,SCCombatFirstHitPacket,3,"combat_basic_melee,combat_basic_ranged,quest_accept_and_turnin",0.75,4,3
CompressedGamePackets,SCQuestContextUpdatedPacket,3,"combat_basic_melee,combat_basic_ranged,quest_accept_and_turnin",0.75,4,3
CompressedGamePackets,SCUnitDeathPacket,3,"combat_basic_melee,combat_basic_ranged,quest_accept_and_turnin",0.75,4,3
FastPingPacket,FastPongPacket,3,"combat_basic_melee,combat_basic_ranged,quest_accept_and_turnin",1.0,3,3
FastPingPacket,PingPacket,3,"combat_basic_melee,combat_basic_ranged,quest_accept_and_turnin",0.2143,3,14
FastPingPacket,PongPacket,3,"combat_basic_melee,combat_basic_ranged,quest_accept_and_turnin",0.2143,3,14
FastPingPacket,SCAggroTargetChangedPacket,3,"combat_basic_melee,combat_basic_ranged,quest_accept_and_turnin",1.0,3,3
FastPingPacket,SCAiAggroPacket,3,"combat_basic_melee,combat_basic_ranged,quest_accept_and_turnin",0.4286,3,7
FastPingPacket,SCBuffCreatedPacket,3,"combat_basic_melee,combat_basic_ranged,quest_accept_and_turnin",1.0,3,3
FastPingPacket,SCBuffRemovedPacket,3,"combat_basic_melee,combat_basic_ranged,quest_accept_and_turnin",1.0,3,3
FastPingPacket,SCChatMessagePacket,3,"combat_basic_melee,combat_basic_ranged,quest_accept_and_turnin",0.2143,3,14
FastPingPacket,SCCombatClearedPacket,3,"combat_basic_melee,combat_basic_ranged,quest_accept_and_turnin",1.0,3,3
FastPingPacket,SCCombatFirstHitPacket,3,"combat_basic_melee,combat_basic_ranged,quest_accept_and_turnin",1.0,3,3
FastPingPacket,SCOneUnitMovementPacket,3,"combat_basic_melee,combat_basic_ranged,quest_accept_and_turnin",0.2143,3,14
FastPingPacket,SCQuestContextUpdatedPacket,3,"combat_basic_melee,combat_basic_ranged,quest_accept_and_turnin",1.0,3,3
FastPingPacket,SCSkillEndedPacket,3,"combat_basic_melee,combat_basic_ranged,quest_accept_and_turnin",0.3,3,10
FastPingPacket,SCSkillFiredPacket,3,"combat_basic_melee,combat_basic_ranged,quest_accept_and_turnin",0.3,3,10
FastPingPacket,SCTargetChangedPacket,3,"combat_basic_melee,combat_basic_ranged,quest_accept_and_turnin",0.25,3,12
FastPingPacket,SCTimeOfDayPacket,3,"combat_basic_melee,combat_basic_ranged,quest_accept_and_turnin",0.2308,3,13
FastPingPacket,SCUnitDeathPacket,3,"combat_basic_melee,combat_basic_ranged,quest_accept_and_turnin",1.0,3,3
FastPingPacket,SCUnitModelPostureChangedPacket,3,"combat_basic_melee,combat_basic_ranged,quest_accept_and_turnin",0.2143,3,14
FastPingPacket,SCUnitPointsPacket,3,"combat_basic_melee,combat_basic_ranged,quest_accept_and_turnin",0.3,3,10
FastPingPacket,lifecycle:trace_started,3,"combat_basic_melee,combat_basic_ranged,quest_accept_and_turnin",0.2143,3,14
FastPingPacket,lifecycle:trace_stopped,3,"combat_basic_melee,combat_basic_ranged,quest_accept_and_turnin",0.2308,3,13
FastPingPacket,packet:packet_in,3,"combat_basic_melee,combat_basic_ranged,quest_accept_and_turnin",0.2143,3,14
FastPingPacket,packet:packet_out,3,"combat_basic_melee,combat_basic_ranged,quest_accept_and_turnin",0.2143,3,14
FastPingPacket,skill:instant_cast,3,"combat_basic_melee,combat_basic_ranged,quest_accept_and_turnin",0.5,3,6
FastPingPacket,skill:skill_requested,3,"combat_basic_melee,combat_basic_ranged,quest_accept_and_turnin",0.3333,3,9
FastPongPacket,PingPacket,3,"combat_basic_melee,combat_basic_ranged,quest_accept_and_turnin",0.2143,3,14
FastPongPacket,PongPacket,3,"combat_basic_melee,combat_basic_ranged,quest_accept_and_turnin",0.2143,3,14
FastPongPacket,SCAggroTargetChangedPacket,3,"combat_basic_melee,combat_basic_ranged,quest_accept_and_turnin",1.0,3,3
FastPongPacket,SCAiAggroPacket,3,"combat_basic_melee,combat_basic_ranged,quest_accept_and_turnin",0.4286,3,7
FastPongPacket,SCBuffCreatedPacket,3,"combat_basic_melee,combat_basic_ranged,quest_accept_and_turnin",1.0,3,3
FastPongPacket,SCBuffRemovedPacket,3,"combat_basic_melee,combat_basic_ranged,quest_accept_and_turnin",1.0,3,3
FastPongPacket,SCChatMessagePacket,3,"combat_basic_melee,combat_basic_ranged,quest_accept_and_turnin",0.2143,3,14
FastPongPacket,SCCombatClearedPacket,3,"combat_basic_melee,combat_basic_ranged,quest_accept_and_turnin",1.0,3,3
FastPongPacket,SCCombatFirstHitPacket,3,"combat_basic_melee,combat_basic_ranged,quest_accept_and_turnin",1.0,3,3
FastPongPacket,SCOneUnitMovementPacket,3,"combat_basic_melee,combat_basic_ranged,quest_accept_and_turnin",0.2143,3,14
FastPongPacket,SCQuestContextUpdatedPacket,3,"combat_basic_melee,combat_basic_ranged,quest_accept_and_turnin",1.0,3,3
FastPongPacket,SCSkillEndedPacket,3,"combat_basic_melee,combat_basic_ranged,quest_accept_and_turnin",0.3,3,10
FastPongPacket,SCSkillFiredPacket,3,"combat_basic_melee,combat_basic_ranged,quest_accept_and_turnin",0.3,3,10
FastPongPacket,SCTargetChangedPacket,3,"combat_basic_melee,combat_basic_ranged,quest_accept_and_turnin",0.25,3,12
FastPongPacket,SCTimeOfDayPacket,3,"combat_basic_melee,combat_basic_ranged,quest_accept_and_turnin",0.2308,3,13
FastPongPacket,SCUnitDeathPacket,3,"combat_basic_melee,combat_basic_ranged,quest_accept_and_turnin",1.0,3,3
FastPongPacket,SCUnitModelPostureChangedPacket,3,"combat_basic_melee,combat_basic_ranged,quest_accept_and_turnin",0.2143,3,14
FastPongPacket,SCUnitPointsPacket,3,"combat_basic_melee,combat_basic_ranged,quest_accept_and_turnin",0.3,3,10
FastPongPacket,lifecycle:trace_started,3,"combat_basic_melee,combat_basic_ranged,quest_accept_and_turnin",0.2143,3,14
FastPongPacket,lifecycle:trace_stopped,3,"combat_basic_melee,combat_basic_ranged,quest_accept_and_turnin",0.2308,3,13
FastPongPacket,packet:packet_in,3,"combat_basic_melee,combat_basic_ranged,quest_accept_and_turnin",0.2143,3,14
FastPongPacket,packet:packet_out,3,"combat_basic_melee,combat_basic_ranged,quest_accept_and_turnin",0.2143,3,14
FastPongPacket,skill:instant_cast,3,"combat_basic_melee,combat_basic_ranged,quest_accept_and_turnin",0.5,3,6
FastPongPacket,skill:skill_requested,3,"combat_basic_melee,combat_basic_ranged,quest_accept_and_turnin",0.3333,3,9
PingPacket,SCAggroTargetChangedPacket,3,"combat_basic_melee,combat_basic_ranged,quest_accept_and_turnin",0.2143,14,3
PingPacket,SCBuffCreatedPacket,3,"combat_basic_melee,combat_basic_ranged,quest_accept_and_turnin",0.2143,14,3
PingPacket,SCBuffRemovedPacket,3,"combat_basic_melee,combat_basic_ranged,quest_accept_and_turnin",0.2143,14,3
PingPacket,SCCombatClearedPacket,3,"combat_basic_melee,combat_basic_ranged,quest_accept_and_turnin",0.2143,14,3
PingPacket,SCCombatFirstHitPacket,3,"combat_basic_melee,combat_basic_ranged,quest_accept_and_turnin",0.2143,14,3
PingPacket,SCQuestContextUpdatedPacket,3,"combat_basic_melee,combat_basic_ranged,quest_accept_and_turnin",0.2143,14,3
PingPacket,SCUnitDeathPacket,3,"combat_basic_melee,combat_basic_ranged,quest_accept_and_turnin",0.2143,14,3
PongPacket,SCAggroTargetChangedPacket,3,"combat_basic_melee,combat_basic_ranged,quest_accept_and_turnin",0.2143,14,3
PongPacket,SCBuffCreatedPacket,3,"combat_basic_melee,combat_basic_ranged,quest_accept_and_turnin",0.2143,14,3
PongPacket,SCBuffRemovedPacket,3,"combat_basic_melee,combat_basic_ranged,quest_accept_and_turnin",0.2143,14,3
PongPacket,SCCombatClearedPacket,3,"combat_basic_melee,combat_basic_ranged,quest_accept_and_turnin",0.2143,14,3
PongPacket,SCCombatFirstHitPacket,3,"combat_basic_melee,combat_basic_ranged,quest_accept_and_turnin",0.2143,14,3
PongPacket,SCQuestContextUpdatedPacket,3,"combat_basic_melee,combat_basic_ranged,quest_accept_and_turnin",0.2143,14,3
PongPacket,SCUnitDeathPacket,3,"combat_basic_melee,combat_basic_ranged,quest_accept_and_turnin",0.2143,14,3
SCAggroTargetChangedPacket,SCAiAggroPacket,3,"combat_basic_melee,combat_basic_ranged,quest_accept_and_turnin",0.4286,3,7
SCAggroTargetChangedPacket,SCBuffCreatedPacket,3,"combat_basic_melee,combat_basic_ranged,quest_accept_and_turnin",1.0,3,3
SCAggroTargetChangedPacket,SCBuffRemovedPacket,3,"combat_basic_melee,combat_basic_ranged,quest_accept_and_turnin",1.0,3,3
SCAggroTargetChangedPacket,SCChatMessagePacket,3,"combat_basic_melee,combat_basic_ranged,quest_accept_and_turnin",0.2143,3,14
SCAggroTargetChangedPacket,SCCombatClearedPacket,3,"combat_basic_melee,combat_basic_ranged,quest_accept_and_turnin",1.0,3,3
SCAggroTargetChangedPacket,SCCombatFirstHitPacket,3,"combat_basic_melee,combat_basic_ranged,quest_accept_and_turnin",1.0,3,3
SCAggroTargetChangedPacket,SCOneUnitMovementPacket,3,"combat_basic_melee,combat_basic_ranged,quest_accept_and_turnin",0.2143,3,14
SCAggroTargetChangedPacket,SCQuestContextUpdatedPacket,3,"combat_basic_melee,combat_basic_ranged,quest_accept_and_turnin",1.0,3,3
SCAggroTargetChangedPacket,SCSkillEndedPacket,3,"combat_basic_melee,combat_basic_ranged,quest_accept_and_turnin",0.3,3,10
SCAggroTargetChangedPacket,SCSkillFiredPacket,3,"combat_basic_melee,combat_basic_ranged,quest_accept_and_turnin",0.3,3,10
SCAggroTargetChangedPacket,SCTargetChangedPacket,3,"combat_basic_melee,combat_basic_ranged,quest_accept_and_turnin",0.25,3,12
SCAggroTargetChangedPacket,SCTimeOfDayPacket,3,"combat_basic_melee,combat_basic_ranged,quest_accept_and_turnin",0.2308,3,13
SCAggroTargetChangedPacket,SCUnitDeathPacket,3,"combat_basic_melee,combat_basic_ranged,quest_accept_and_turnin",1.0,3,3
SCAggroTargetChangedPacket,SCUnitModelPostureChangedPacket,3,"combat_basic_melee,combat_basic_ranged,quest_accept_and_turnin",0.2143,3,14
SCAggroTargetChangedPacket,SCUnitPointsPacket,3,"combat_basic_melee,combat_basic_ranged,quest_accept_and_turnin",0.3,3,10
SCAggroTargetChangedPacket,lifecycle:trace_started,3,"combat_basic_melee,combat_basic_ranged,quest_accept_and_turnin",0.2143,3,14
SCAggroTargetChangedPacket,lifecycle:trace_stopped,3,"combat_basic_melee,combat_basic_ranged,quest_accept_and_turnin",0.2308,3,13
SCAggroTargetChangedPacket,packet:packet_in,3,"combat_basic_melee,combat_basic_ranged,quest_accept_and_turnin",0.2143,3,14
SCAggroTargetChangedPacket,packet:packet_out,3,"combat_basic_melee,combat_basic_ranged,quest_accept_and_turnin",0.2143,3,14
SCAggroTargetChangedPacket,skill:instant_cast,3,"combat_basic_melee,combat_basic_ranged,quest_accept_and_turnin",0.5,3,6
SCAggroTargetChangedPacket,skill:skill_requested,3,"combat_basic_melee,combat_basic_ranged,quest_accept_and_turnin",0.3333,3,9
SCAiAggroPacket,SCBuffCreatedPacket,3,"combat_basic_melee,combat_basic_ranged,quest_accept_and_turnin",0.4286,7,3
SCAiAggroPacket,SCBuffRemovedPacket,3,"combat_basic_melee,combat_basic_ranged,quest_accept_and_turnin",0.4286,7,3
SCAiAggroPacket,SCCombatClearedPacket,3,"combat_basic_melee,combat_basic_ranged,quest_accept_and_turnin",0.4286,7,3
SCAiAggroPacket,SCCombatFirstHitPacket,3,"combat_basic_melee,combat_basic_ranged,quest_accept_and_turnin",0.4286,7,3
SCAiAggroPacket,SCQuestContextUpdatedPacket,3,"combat_basic_melee,combat_basic_ranged,quest_accept_and_turnin",0.4286,7,3
SCAiAggroPacket,SCUnitDeathPacket,3,"combat_basic_melee,combat_basic_ranged,quest_accept_and_turnin",0.4286,7,3
SCAiAggroPacket,skill:instant_cast,3,"combat_basic_melee,combat_basic_ranged,quest_accept_and_turnin",0.3,7,6
SCBuffCreatedPacket,SCBuffRemovedPacket,3,"combat_basic_melee,combat_basic_ranged,quest_accept_and_turnin",1.0,3,3
SCBuffCreatedPacket,SCChatMessagePacket,3,"combat_basic_melee,combat_basic_ranged,quest_accept_and_turnin",0.2143,3,14
SCBuffCreatedPacket,SCCombatClearedPacket,3,"combat_basic_melee,combat_basic_ranged,quest_accept_and_turnin",1.0,3,3
SCBuffCreatedPacket,SCCombatFirstHitPacket,3,"combat_basic_melee,combat_basic_ranged,quest_accept_and_turnin",1.0,3,3
SCBuffCreatedPacket,SCOneUnitMovementPacket,3,"combat_basic_melee,combat_basic_ranged,quest_accept_and_turnin",0.2143,3,14
SCBuffCreatedPacket,SCQuestContextUpdatedPacket,3,"combat_basic_melee,combat_basic_ranged,quest_accept_and_turnin",1.0,3,3
SCBuffCreatedPacket,SCSkillEndedPacket,3,"combat_basic_melee,combat_basic_ranged,quest_accept_and_turnin",0.3,3,10
SCBuffCreatedPacket,SCSkillFiredPacket,3,"combat_basic_melee,combat_basic_ranged,quest_accept_and_turnin",0.3,3,10
SCBuffCreatedPacket,SCTargetChangedPacket,3,"combat_basic_melee,combat_basic_ranged,quest_accept_and_turnin",0.25,3,12
SCBuffCreatedPacket,SCTimeOfDayPacket,3,"combat_basic_melee,combat_basic_ranged,quest_accept_and_turnin",0.2308,3,13
SCBuffCreatedPacket,SCUnitDeathPacket,3,"combat_basic_melee,combat_basic_ranged,quest_accept_and_turnin",1.0,3,3
SCBuffCreatedPacket,SCUnitModelPostureChangedPacket,3,"combat_basic_melee,combat_basic_ranged,quest_accept_and_turnin",0.2143,3,14
SCBuffCreatedPacket,SCUnitPointsPacket,3,"combat_basic_melee,combat_basic_ranged,quest_accept_and_turnin",0.3,3,10
SCBuffCreatedPacket,lifecycle:trace_started,3,"combat_basic_melee,combat_basic_ranged,quest_accept_and_turnin",0.2143,3,14
SCBuffCreatedPacket,lifecycle:trace_stopped,3,"combat_basic_melee,combat_basic_ranged,quest_accept_and_turnin",0.2308,3,13
SCBuffCreatedPacket,packet:packet_in,3,"combat_basic_melee,combat_basic_ranged,quest_accept_and_turnin",0.2143,3,14
SCBuffCreatedPacket,packet:packet_out,3,"combat_basic_melee,combat_basic_ranged,quest_accept_and_turnin",0.2143,3,14
SCBuffCreatedPacket,skill:instant_cast,3,"combat_basic_melee,combat_basic_ranged,quest_accept_and_turnin",0.5,3,6
SCBuffCreatedPacket,skill:skill_requested,3,"combat_basic_melee,combat_basic_ranged,quest_accept_and_turnin",0.3333,3,9
SCBuffRemovedPacket,SCChatMessagePacket,3,"combat_basic_melee,combat_basic_ranged,quest_accept_and_turnin",0.2143,3,14
SCBuffRemovedPacket,SCCombatClearedPacket,3,"combat_basic_melee,combat_basic_ranged,quest_accept_and_turnin",1.0,3,3
SCBuffRemovedPacket,SCCombatFirstHitPacket,3,"combat_basic_melee,combat_basic_ranged,quest_accept_and_turnin",1.0,3,3
SCBuffRemovedPacket,SCOneUnitMovementPacket,3,"combat_basic_melee,combat_basic_ranged,quest_accept_and_turnin",0.2143,3,14
SCBuffRemovedPacket,SCQuestContextUpdatedPacket,3,"combat_basic_melee,combat_basic_ranged,quest_accept_and_turnin",1.0,3,3
SCBuffRemovedPacket,SCSkillEndedPacket,3,"combat_basic_melee,combat_basic_ranged,quest_accept_and_turnin",0.3,3,10
SCBuffRemovedPacket,SCSkillFiredPacket,3,"combat_basic_melee,combat_basic_ranged,quest_accept_and_turnin",0.3,3,10
SCBuffRemovedPacket,SCTargetChangedPacket,3,"combat_basic_melee,combat_basic_ranged,quest_accept_and_turnin",0.25,3,12
SCBuffRemovedPacket,SCTimeOfDayPacket,3,"combat_basic_melee,combat_basic_ranged,quest_accept_and_turnin",0.2308,3,13
SCBuffRemovedPacket,SCUnitDeathPacket,3,"combat_basic_melee,combat_basic_ranged,quest_accept_and_turnin",1.0,3,3
SCBuffRemovedPacket,SCUnitModelPostureChangedPacket,3,"combat_basic_melee,combat_basic_ranged,quest_accept_and_turnin",0.2143,3,14
SCBuffRemovedPacket,SCUnitPointsPacket,3,"combat_basic_melee,combat_basic_ranged,quest_accept_and_turnin",0.3,3,10
SCBuffRemovedPacket,lifecycle:trace_started,3,"combat_basic_melee,combat_basic_ranged,quest_accept_and_turnin",0.2143,3,14
SCBuffRemovedPacket,lifecycle:trace_stopped,3,"combat_basic_melee,combat_basic_ranged,quest_accept_and_turnin",0.2308,3,13
SCBuffRemovedPacket,packet:packet_in,3,"combat_basic_melee,combat_basic_ranged,quest_accept_and_turnin",0.2143,3,14
SCBuffRemovedPacket,packet:packet_out,3,"combat_basic_melee,combat_basic_ranged,quest_accept_and_turnin",0.2143,3,14
SCBuffRemovedPacket,skill:instant_cast,3,"combat_basic_melee,combat_basic_ranged,quest_accept_and_turnin",0.5,3,6
SCBuffRemovedPacket,skill:skill_requested,3,"combat_basic_melee,combat_basic_ranged,quest_accept_and_turnin",0.3333,3,9
SCChatMessagePacket,SCCombatClearedPacket,3,"combat_basic_melee,combat_basic_ranged,quest_accept_and_turnin",0.2143,14,3
SCChatMessagePacket,SCCombatFirstHitPacket,3,"combat_basic_melee,combat_basic_ranged,quest_accept_and_turnin",0.2143,14,3
SCChatMessagePacket,SCQuestContextUpdatedPacket,3,"combat_basic_melee,combat_basic_ranged,quest_accept_and_turnin",0.2143,14,3
SCChatMessagePacket,SCUnitDeathPacket,3,"combat_basic_melee,combat_basic_ranged,quest_accept_and_turnin",0.2143,14,3
SCCombatClearedPacket,SCCombatFirstHitPacket,3,"combat_basic_melee,combat_basic_ranged,quest_accept_and_turnin",1.0,3,3
SCCombatClearedPacket,SCOneUnitMovementPacket,3,"combat_basic_melee,combat_basic_ranged,quest_accept_and_turnin",0.2143,3,14
SCCombatClearedPacket,SCQuestContextUpdatedPacket,3,"combat_basic_melee,combat_basic_ranged,quest_accept_and_turnin",1.0,3,3
SCCombatClearedPacket,SCSkillEndedPacket,3,"combat_basic_melee,combat_basic_ranged,quest_accept_and_turnin",0.3,3,10
SCCombatClearedPacket,SCSkillFiredPacket,3,"combat_basic_melee,combat_basic_ranged,quest_accept_and_turnin",0.3,3,10
SCCombatClearedPacket,SCTargetChangedPacket,3,"combat_basic_melee,combat_basic_ranged,quest_accept_and_turnin",0.25,3,12
SCCombatClearedPacket,SCTimeOfDayPacket,3,"combat_basic_melee,combat_basic_ranged,quest_accept_and_turnin",0.2308,3,13
SCCombatClearedPacket,SCUnitDeathPacket,3,"combat_basic_melee,combat_basic_ranged,quest_accept_and_turnin",1.0,3,3
SCCombatClearedPacket,SCUnitModelPostureChangedPacket,3,"combat_basic_melee,combat_basic_ranged,quest_accept_and_turnin",0.2143,3,14
SCCombatClearedPacket,SCUnitPointsPacket,3,"combat_basic_melee,combat_basic_ranged,quest_accept_and_turnin",0.3,3,10
SCCombatClearedPacket,lifecycle:trace_started,3,"combat_basic_melee,combat_basic_ranged,quest_accept_and_turnin",0.2143,3,14
SCCombatClearedPacket,lifecycle:trace_stopped,3,"combat_basic_melee,combat_basic_ranged,quest_accept_and_turnin",0.2308,3,13
SCCombatClearedPacket,packet:packet_in,3,"combat_basic_melee,combat_basic_ranged,quest_accept_and_turnin",0.2143,3,14
SCCombatClearedPacket,packet:packet_out,3,"combat_basic_melee,combat_basic_ranged,quest_accept_and_turnin",0.2143,3,14
SCCombatClearedPacket,skill:instant_cast,3,"combat_basic_melee,combat_basic_ranged,quest_accept_and_turnin",0.5,3,6
SCCombatClearedPacket,skill:skill_requested,3,"combat_basic_melee,combat_basic_ranged,quest_accept_and_turnin",0.3333,3,9
SCCombatFirstHitPacket,SCOneUnitMovementPacket,3,"combat_basic_melee,combat_basic_ranged,quest_accept_and_turnin",0.2143,3,14
SCCombatFirstHitPacket,SCQuestContextUpdatedPacket,3,"combat_basic_melee,combat_basic_ranged,quest_accept_and_turnin",1.0,3,3
SCCombatFirstHitPacket,SCSkillEndedPacket,3,"combat_basic_melee,combat_basic_ranged,quest_accept_and_turnin",0.3,3,10
SCCombatFirstHitPacket,SCSkillFiredPacket,3,"combat_basic_melee,combat_basic_ranged,quest_accept_and_turnin",0.3,3,10
SCCombatFirstHitPacket,SCTargetChangedPacket,3,"combat_basic_melee,combat_basic_ranged,quest_accept_and_turnin",0.25,3,12
SCCombatFirstHitPacket,SCTimeOfDayPacket,3,"combat_basic_melee,combat_basic_ranged,quest_accept_and_turnin",0.2308,3,13
SCCombatFirstHitPacket,SCUnitDeathPacket,3,"combat_basic_melee,combat_basic_ranged,quest_accept_and_turnin",1.0,3,3
SCCombatFirstHitPacket,SCUnitModelPostureChangedPacket,3,"combat_basic_melee,combat_basic_ranged,quest_accept_and_turnin",0.2143,3,14
SCCombatFirstHitPacket,SCUnitPointsPacket,3,"combat_basic_melee,combat_basic_ranged,quest_accept_and_turnin",0.3,3,10
SCCombatFirstHitPacket,lifecycle:trace_started,3,"combat_basic_melee,combat_basic_ranged,quest_accept_and_turnin",0.2143,3,14
SCCombatFirstHitPacket,lifecycle:trace_stopped,3,"combat_basic_melee,combat_basic_ranged,quest_accept_and_turnin",0.2308,3,13
SCCombatFirstHitPacket,packet:packet_in,3,"combat_basic_melee,combat_basic_ranged,quest_accept_and_turnin",0.2143,3,14
SCCombatFirstHitPacket,packet:packet_out,3,"combat_basic_melee,combat_basic_ranged,quest_accept_and_turnin",0.2143,3,14
SCCombatFirstHitPacket,skill:instant_cast,3,"combat_basic_melee,combat_basic_ranged,quest_accept_and_turnin",0.5,3,6
SCCombatFirstHitPacket,skill:skill_requested,3,"combat_basic_melee,combat_basic_ranged,quest_accept_and_turnin",0.3333,3,9
SCDoodadsCreatedPacket,lifecycle:trace_stopped,3,"combat_basic_melee,pick_potato,quest_accept_and_turnin",0.2143,4,13
SCDoodadsRemovedPacket,lifecycle:trace_stopped,3,"combat_basic_melee,pick_potato,quest_accept_and_turnin",0.2143,4,13
SCOneUnitMovementPacket,SCQuestContextUpdatedPacket,3,"combat_basic_melee,combat_basic_ranged,quest_accept_and_turnin",0.2143,14,3
SCOneUnitMovementPacket,SCUnitDeathPacket,3,"combat_basic_melee,combat_basic_ranged,quest_accept_and_turnin",0.2143,14,3
SCQuestContextUpdatedPacket,SCSkillEndedPacket,3,"combat_basic_melee,combat_basic_ranged,quest_accept_and_turnin",0.3,3,10
SCQuestContextUpdatedPacket,SCSkillFiredPacket,3,"combat_basic_melee,combat_basic_ranged,quest_accept_and_turnin",0.3,3,10
SCQuestContextUpdatedPacket,SCTargetChangedPacket,3,"combat_basic_melee,combat_basic_ranged,quest_accept_and_turnin",0.25,3,12
SCQuestContextUpdatedPacket,SCTimeOfDayPacket,3,"combat_basic_melee,combat_basic_ranged,quest_accept_and_turnin",0.2308,3,13
SCQuestContextUpdatedPacket,SCUnitDeathPacket,3,"combat_basic_melee,combat_basic_ranged,quest_accept_and_turnin",1.0,3,3
SCQuestContextUpdatedPacket,SCUnitModelPostureChangedPacket,3,"combat_basic_melee,combat_basic_ranged,quest_accept_and_turnin",0.2143,3,14
SCQuestContextUpdatedPacket,SCUnitPointsPacket,3,"combat_basic_melee,combat_basic_ranged,quest_accept_and_turnin",0.3,3,10
SCQuestContextUpdatedPacket,lifecycle:trace_started,3,"combat_basic_melee,combat_basic_ranged,quest_accept_and_turnin",0.2143,3,14
SCQuestContextUpdatedPacket,lifecycle:trace_stopped,3,"combat_basic_melee,combat_basic_ranged,quest_accept_and_turnin",0.2308,3,13
SCQuestContextUpdatedPacket,packet:packet_in,3,"combat_basic_melee,combat_basic_ranged,quest_accept_and_turnin",0.2143,3,14
SCQuestContextUpdatedPacket,packet:packet_out,3,"combat_basic_melee,combat_basic_ranged,quest_accept_and_turnin",0.2143,3,14
SCQuestContextUpdatedPacket,skill:instant_cast,3,"combat_basic_melee,combat_basic_ranged,quest_accept_and_turnin",0.5,3,6
SCQuestContextUpdatedPacket,skill:skill_requested,3,"combat_basic_melee,combat_basic_ranged,quest_accept_and_turnin",0.3333,3,9
SCSkillEndedPacket,SCUnitDeathPacket,3,"combat_basic_melee,combat_basic_ranged,quest_accept_and_turnin",0.3,10,3
SCSkillFiredPacket,SCUnitDeathPacket,3,"combat_basic_melee,combat_basic_ranged,quest_accept_and_turnin",0.3,10,3
SCTargetChangedPacket,SCUnitDeathPacket,3,"combat_basic_melee,combat_basic_ranged,quest_accept_and_turnin",0.25,12,3
SCTimeOfDayPacket,SCUnitDeathPacket,3,"combat_basic_melee,combat_basic_ranged,quest_accept_and_turnin",0.2308,13,3
SCUnitDeathPacket,SCUnitModelPostureChangedPacket,3,"combat_basic_melee,combat_basic_ranged,quest_accept_and_turnin",0.2143,3,14
SCUnitDeathPacket,SCUnitPointsPacket,3,"combat_basic_melee,combat_basic_ranged,quest_accept_and_turnin",0.3,3,10
SCUnitDeathPacket,lifecycle:trace_started,3,"combat_basic_melee,combat_basic_ranged,quest_accept_and_turnin",0.2143,3,14
SCUnitDeathPacket,lifecycle:trace_stopped,3,"combat_basic_melee,combat_basic_ranged,quest_accept_and_turnin",0.2308,3,13
SCUnitDeathPacket,packet:packet_in,3,"combat_basic_melee,combat_basic_ranged,quest_accept_and_turnin",0.2143,3,14
SCUnitDeathPacket,packet:packet_out,3,"combat_basic_melee,combat_basic_ranged,quest_accept_and_turnin",0.2143,3,14
SCUnitDeathPacket,skill:instant_cast,3,"combat_basic_melee,combat_basic_ranged,quest_accept_and_turnin",0.5,3,6
SCUnitDeathPacket,skill:skill_requested,3,"combat_basic_melee,combat_basic_ranged,quest_accept_and_turnin",0.3333,3,9
CSChangeTargetPacket,SCErrorMsgPacket,3,"harvest_chicken,pick_potato,quest_accept_and_turnin",0.3333,9,3
CSChangeTargetPacket,SCExpChangedPacket,3,"harvest_chicken,pick_potato,quest_accept_and_turnin",0.3333,9,3
CSMoveUnitPacket,SCErrorMsgPacket,3,"harvest_chicken,pick_potato,quest_accept_and_turnin",0.2143,14,3
CSMoveUnitPacket,SCExpChangedPacket,3,"harvest_chicken,pick_potato,quest_accept_and_turnin",0.2143,14,3
CSStartSkillPacket,SCErrorMsgPacket,3,"harvest_chicken,pick_potato,quest_accept_and_turnin",0.3333,9,3
CSStartSkillPacket,SCExpChangedPacket,3,"harvest_chicken,pick_potato,quest_accept_and_turnin",0.3333,9,3
PingPacket,SCErrorMsgPacket,3,"harvest_chicken,pick_potato,quest_accept_and_turnin",0.2143,14,3
PingPacket,SCExpChangedPacket,3,"harvest_chicken,pick_potato,quest_accept_and_turnin",0.2143,14,3
PongPacket,SCErrorMsgPacket,3,"harvest_chicken,pick_potato,quest_accept_and_turnin",0.2143,14,3
PongPacket,SCExpChangedPacket,3,"harvest_chicken,pick_potato,quest_accept_and_turnin",0.2143,14,3
SCChatMessagePacket,SCErrorMsgPacket,3,"harvest_chicken,pick_potato,quest_accept_and_turnin",0.2143,14,3
SCChatMessagePacket,SCExpChangedPacket,3,"harvest_chicken,pick_potato,quest_accept_and_turnin",0.2143,14,3
SCErrorMsgPacket,SCExpChangedPacket,3,"harvest_chicken,pick_potato,quest_accept_and_turnin",1.0,3,3
SCErrorMsgPacket,SCItemTaskSuccessPacket,3,"harvest_chicken,pick_potato,quest_accept_and_turnin",0.3,3,10
SCErrorMsgPacket,SCOneUnitMovementPacket,3,"harvest_chicken,pick_potato,quest_accept_and_turnin",0.2143,3,14
SCErrorMsgPacket,SCSkillEndedPacket,3,"harvest_chicken,pick_potato,quest_accept_and_turnin",0.3,3,10
SCErrorMsgPacket,SCSkillFiredPacket,3,"harvest_chicken,pick_potato,quest_accept_and_turnin",0.3,3,10
SCErrorMsgPacket,SCSkillStartedPacket,3,"harvest_chicken,pick_potato,quest_accept_and_turnin",0.75,3,4
SCErrorMsgPacket,SCTargetChangedPacket,3,"harvest_chicken,pick_potato,quest_accept_and_turnin",0.25,3,12
SCErrorMsgPacket,SCTimeOfDayPacket,3,"harvest_chicken,pick_potato,quest_accept_and_turnin",0.2308,3,13
SCErrorMsgPacket,SCUnitModelPostureChangedPacket,3,"harvest_chicken,pick_potato,quest_accept_and_turnin",0.2143,3,14
SCErrorMsgPacket,SCUnitPointsPacket,3,"harvest_chicken,pick_potato,quest_accept_and_turnin",0.3,3,10
SCErrorMsgPacket,lifecycle:trace_started,3,"harvest_chicken,pick_potato,quest_accept_and_turnin",0.2143,3,14
SCErrorMsgPacket,lifecycle:trace_stopped,3,"harvest_chicken,pick_potato,quest_accept_and_turnin",0.2308,3,13
SCErrorMsgPacket,movement:move_begin,3,"harvest_chicken,pick_potato,quest_accept_and_turnin",0.3333,3,9
SCErrorMsgPacket,movement:move_stop,3,"harvest_chicken,pick_potato,quest_accept_and_turnin",0.3333,3,9
SCErrorMsgPacket,packet:packet_in,3,"harvest_chicken,pick_potato,quest_accept_and_turnin",0.2143,3,14
SCErrorMsgPacket,packet:packet_out,3,"harvest_chicken,pick_potato,quest_accept_and_turnin",0.2143,3,14
SCErrorMsgPacket,skill:skill_requested,3,"harvest_chicken,pick_potato,quest_accept_and_turnin",0.3333,3,9
SCExpChangedPacket,SCItemTaskSuccessPacket,3,"harvest_chicken,pick_potato,quest_accept_and_turnin",0.3,3,10
SCExpChangedPacket,SCOneUnitMovementPacket,3,"harvest_chicken,pick_potato,quest_accept_and_turnin",0.2143,3,14
SCExpChangedPacket,SCSkillEndedPacket,3,"harvest_chicken,pick_potato,quest_accept_and_turnin",0.3,3,10
SCExpChangedPacket,SCSkillFiredPacket,3,"harvest_chicken,pick_potato,quest_accept_and_turnin",0.3,3,10
SCExpChangedPacket,SCSkillStartedPacket,3,"harvest_chicken,pick_potato,quest_accept_and_turnin",0.75,3,4
SCExpChangedPacket,SCTargetChangedPacket,3,"harvest_chicken,pick_potato,quest_accept_and_turnin",0.25,3,12
SCExpChangedPacket,SCTimeOfDayPacket,3,"harvest_chicken,pick_potato,quest_accept_and_turnin",0.2308,3,13
SCExpChangedPacket,SCUnitModelPostureChangedPacket,3,"harvest_chicken,pick_potato,quest_accept_and_turnin",0.2143,3,14
SCExpChangedPacket,SCUnitPointsPacket,3,"harvest_chicken,pick_potato,quest_accept_and_turnin",0.3,3,10
SCExpChangedPacket,lifecycle:trace_started,3,"harvest_chicken,pick_potato,quest_accept_and_turnin",0.2143,3,14
SCExpChangedPacket,lifecycle:trace_stopped,3,"harvest_chicken,pick_potato,quest_accept_and_turnin",0.2308,3,13
SCExpChangedPacket,movement:move_begin,3,"harvest_chicken,pick_potato,quest_accept_and_turnin",0.3333,3,9
SCExpChangedPacket,movement:move_stop,3,"harvest_chicken,pick_potato,quest_accept_and_turnin",0.3333,3,9
SCExpChangedPacket,packet:packet_in,3,"harvest_chicken,pick_potato,quest_accept_and_turnin",0.2143,3,14
SCExpChangedPacket,packet:packet_out,3,"harvest_chicken,pick_potato,quest_accept_and_turnin",0.2143,3,14
SCExpChangedPacket,skill:skill_requested,3,"harvest_chicken,pick_potato,quest_accept_and_turnin",0.3333,3,9
SCSkillStartedPacket,lifecycle:trace_stopped,3,"harvest_chicken,pick_potato,quest_accept_and_turnin",0.2143,4,13
lifecycle:trace_stopped,world:doodad_phase_changed,3,"harvest_chicken,pick_potato,place_chick",0.2143,13,4
CSChangeMateTargetPacket,CSRemoveMatePacket,2,"quest_accept_and_turnin,summon_dismiss_pet",0.6667,3,2
CSChangeMateTargetPacket,CSSendChatMessagePacket,2,"mount_horse,summon_dismiss_pet",0.1818,3,10
CSChangeMateTargetPacket,SCUnitsRemovedPacket,2,"quest_accept_and_turnin,summon_dismiss_pet",0.5,3,3
CSChangeMateTargetPacket,movement:move_begin,2,"quest_accept_and_turnin,summon_dismiss_pet",0.2,3,9
CSChangeMateTargetPacket,movement:move_stop,2,"quest_accept_and_turnin,summon_dismiss_pet",0.2,3,9
CSCreateSkillControllerPacket,CSRemoveMatePacket,2,"quest_accept_and_turnin,summon_dismiss_pet",0.5,4,2
CSCreateSkillControllerPacket,SCUnitsRemovedPacket,2,"quest_accept_and_turnin,summon_dismiss_pet",0.4,4,3
CSMoveUnitPacket,CSRemoveMatePacket,2,"quest_accept_and_turnin,summon_dismiss_pet",0.1429,14,2
CSRemoveMatePacket,CSStartSkillPacket,2,"quest_accept_and_turnin,summon_dismiss_pet",0.2222,2,9
CSRemoveMatePacket,PingPacket,2,"quest_accept_and_turnin,summon_dismiss_pet",0.1429,2,14
CSRemoveMatePacket,PongPacket,2,"quest_accept_and_turnin,summon_dismiss_pet",0.1429,2,14
CSRemoveMatePacket,SCChatMessagePacket,2,"quest_accept_and_turnin,summon_dismiss_pet",0.1429,2,14
CSRemoveMatePacket,SCItemTaskSuccessPacket,2,"quest_accept_and_turnin,summon_dismiss_pet",0.2,2,10
CSRemoveMatePacket,SCMateSpawnedPacket,2,"quest_accept_and_turnin,summon_dismiss_pet",0.6667,2,3
CSRemoveMatePacket,SCMateStatePacket,2,"quest_accept_and_turnin,summon_dismiss_pet",0.6667,2,3
CSRemoveMatePacket,SCOneUnitMovementPacket,2,"quest_accept_and_turnin,summon_dismiss_pet",0.1429,2,14
CSRemoveMatePacket,SCSkillEndedPacket,2,"quest_accept_and_turnin,summon_dismiss_pet",0.2,2,10
CSRemoveMatePacket,SCSkillFiredPacket,2,"quest_accept_and_turnin,summon_dismiss_pet",0.2,2,10
CSRemoveMatePacket,SCTargetChangedPacket,2,"quest_accept_and_turnin,summon_dismiss_pet",0.1667,2,12
CSRemoveMatePacket,SCTimeOfDayPacket,2,"quest_accept_and_turnin,summon_dismiss_pet",0.1538,2,13
CSRemoveMatePacket,SCUnitModelPostureChangedPacket,2,"quest_accept_and_turnin,summon_dismiss_pet",0.1429,2,14
CSRemoveMatePacket,SCUnitPointsPacket,2,"quest_accept_and_turnin,summon_dismiss_pet",0.2,2,10
CSRemoveMatePacket,SCUnitStatePacket,2,"quest_accept_and_turnin,summon_dismiss_pet",0.5,2,4
CSRemoveMatePacket,SCUnitsRemovedPacket,2,"quest_accept_and_turnin,summon_dismiss_pet",0.6667,2,3
CSRemoveMatePacket,lifecycle:trace_started,2,"quest_accept_and_turnin,summon_dismiss_pet",0.1429,2,14
CSRemoveMatePacket,lifecycle:trace_stopped,2,"quest_accept_and_turnin,summon_dismiss_pet",0.1538,2,13
CSRemoveMatePacket,movement:move_begin,2,"quest_accept_and_turnin,summon_dismiss_pet",0.2222,2,9
CSRemoveMatePacket,movement:move_stop,2,"quest_accept_and_turnin,summon_dismiss_pet",0.2222,2,9
CSRemoveMatePacket,packet:packet_in,2,"quest_accept_and_turnin,summon_dismiss_pet",0.1429,2,14
CSRemoveMatePacket,packet:packet_out,2,"quest_accept_and_turnin,summon_dismiss_pet",0.1429,2,14
CSRemoveMatePacket,skill:instant_cast,2,"quest_accept_and_turnin,summon_dismiss_pet",0.3333,2,6
CSRemoveMatePacket,skill:skill_requested,2,"quest_accept_and_turnin,summon_dismiss_pet",0.2222,2,9
CSSendChatMessagePacket,SCMateSpawnedPacket,2,"mount_horse,summon_dismiss_pet",0.1818,10,3
CSSendChatMessagePacket,SCMateStatePacket,2,"mount_horse,summon_dismiss_pet",0.1818,10,3
CSSendChatMessagePacket,SCUnitStatePacket,2,"mount_horse,summon_dismiss_pet",0.1667,10,4
CSSendChatMessagePacket,skill:instant_cast,2,"mount_horse,summon_dismiss_pet",0.1429,10,6
SCItemTaskSuccessPacket,SCUnitsRemovedPacket,2,"quest_accept_and_turnin,summon_dismiss_pet",0.1818,10,3
SCMateSpawnedPacket,SCUnitsRemovedPacket,2,"quest_accept_and_turnin,summon_dismiss_pet",0.5,3,3
SCMateSpawnedPacket,movement:move_begin,2,"quest_accept_and_turnin,summon_dismiss_pet",0.2,3,9
SCMateSpawnedPacket,movement:move_stop,2,"quest_accept_and_turnin,summon_dismiss_pet",0.2,3,9
SCMateStatePacket,SCUnitsRemovedPacket,2,"quest_accept_and_turnin,summon_dismiss_pet",0.5,3,3
SCMateStatePacket,movement:move_begin,2,"quest_accept_and_turnin,summon_dismiss_pet",0.2,3,9
SCMateStatePacket,movement:move_stop,2,"quest_accept_and_turnin,summon_dismiss_pet",0.2,3,9
SCUnitStatePacket,SCUnitsRemovedPacket,2,"quest_accept_and_turnin,summon_dismiss_pet",0.4,4,3
SCUnitStatePacket,movement:move_begin,2,"quest_accept_and_turnin,summon_dismiss_pet",0.1818,4,9
SCUnitStatePacket,movement:move_stop,2,"quest_accept_and_turnin,summon_dismiss_pet",0.1818,4,9
CSBuyItemsPacket,CSInteractNPCPacket,2,"buy_chick,human_potato_plant",0.3333,2,6
CSBuyItemsPacket,CSMoveUnitPacket,2,"buy_chick,human_potato_plant",0.1429,2,14
CSBuyItemsPacket,CSSendChatMessagePacket,2,"buy_chick,human_potato_plant",0.2,2,10
CSBuyItemsPacket,CSStartInteractionPacket,2,"buy_chick,human_potato_plant",0.3333,2,6
CSBuyItemsPacket,PingPacket,2,"buy_chick,human_potato_plant",0.1429,2,14
CSBuyItemsPacket,PongPacket,2,"buy_chick,human_potato_plant",0.1429,2,14
CSBuyItemsPacket,SCAiAggroPacket,2,"buy_chick,human_potato_plant",0.2857,2,7
CSBuyItemsPacket,SCChatMessagePacket,2,"buy_chick,human_potato_plant",0.1429,2,14
CSBuyItemsPacket,SCItemTaskSuccessPacket,2,"buy_chick,human_potato_plant",0.2,2,10
CSBuyItemsPacket,SCNpcInteractionSkillListPacket,2,"buy_chick,human_potato_plant",0.3333,2,6
CSBuyItemsPacket,SCOneUnitMovementPacket,2,"buy_chick,human_potato_plant",0.1429,2,14
CSBuyItemsPacket,SCTimeOfDayPacket,2,"buy_chick,human_potato_plant",0.1538,2,13
CSBuyItemsPacket,SCUnitModelPostureChangedPacket,2,"buy_chick,human_potato_plant",0.1429,2,14
CSBuyItemsPacket,lifecycle:trace_started,2,"buy_chick,human_potato_plant",0.1429,2,14
CSBuyItemsPacket,packet:packet_in,2,"buy_chick,human_potato_plant",0.1429,2,14
CSBuyItemsPacket,packet:packet_out,2,"buy_chick,human_potato_plant",0.1429,2,14
CSBuyItemsPacket,resource:money_changed,2,"buy_chick,human_potato_plant",0.5,2,4
CSChangeTargetPacket,SCDoodadCreatedPacket,2,"human_potato_plant,quest_accept_and_turnin",0.2,9,3
CSCreateDoodadPacket,CSMoveUnitPacket,2,"human_potato_plant,place_chick",0.1429,2,14
CSCreateDoodadPacket,CSSendChatMessagePacket,2,"human_potato_plant,place_chick",0.2,2,10
CSCreateDoodadPacket,PingPacket,2,"human_potato_plant,place_chick",0.1429,2,14
CSCreateDoodadPacket,PongPacket,2,"human_potato_plant,place_chick",0.1429,2,14
CSCreateDoodadPacket,SCChatMessagePacket,2,"human_potato_plant,place_chick",0.1429,2,14
CSCreateDoodadPacket,SCDoodadCreatedPacket,2,"human_potato_plant,place_chick",0.6667,2,3
CSCreateDoodadPacket,SCItemTaskSuccessPacket,2,"human_potato_plant,place_chick",0.2,2,10
CSCreateDoodadPacket,SCOneUnitMovementPacket,2,"human_potato_plant,place_chick",0.1429,2,14
CSCreateDoodadPacket,SCUnitModelPostureChangedPacket,2,"human_potato_plant,place_chick",0.1429,2,14
CSCreateDoodadPacket,lifecycle:trace_started,2,"human_potato_plant,place_chick",0.1429,2,14
CSCreateDoodadPacket,packet:packet_in,2,"human_potato_plant,place_chick",0.1429,2,14
CSCreateDoodadPacket,packet:packet_out,2,"human_potato_plant,place_chick",0.1429,2,14
CSCreateDoodadPacket,world:doodad_created,2,"human_potato_plant,place_chick",1.0,2,2
CSCreateDoodadPacket,world:doodad_phase_changed,2,"human_potato_plant,place_chick",0.5,2,4
CSInteractNPCEndPacket,CSSendChatMessagePacket,2,"human_potato_plant,talk_npc",0.1818,3,10
CSInteractNPCEndPacket,CSStartSkillPacket,2,"human_potato_plant,quest_accept_and_turnin",0.2,3,9
CSInteractNPCEndPacket,SCDoodadCreatedPacket,2,"human_potato_plant,quest_accept_and_turnin",0.5,3,3
CSInteractNPCEndPacket,SCDoodadsCreatedPacket,2,"human_potato_plant,quest_accept_and_turnin",0.4,3,4
CSInteractNPCEndPacket,SCDoodadsRemovedPacket,2,"human_potato_plant,quest_accept_and_turnin",0.4,3,4
CSInteractNPCEndPacket,SCItemTaskSuccessPacket,2,"human_potato_plant,quest_accept_and_turnin",0.1818,3,10
CSInteractNPCEndPacket,SCSkillEndedPacket,2,"human_potato_plant,quest_accept_and_turnin",0.1818,3,10
CSInteractNPCEndPacket,SCSkillFiredPacket,2,"human_potato_plant,quest_accept_and_turnin",0.1818,3,10
CSInteractNPCEndPacket,SCSkillStartedPacket,2,"human_potato_plant,quest_accept_and_turnin",0.4,3,4
CSInteractNPCEndPacket,SCUnitPointsPacket,2,"human_potato_plant,quest_accept_and_turnin",0.1818,3,10
CSInteractNPCEndPacket,movement:movement_update,2,"human_potato_plant,quest_accept_and_turnin",0.3333,3,5
CSInteractNPCEndPacket,resource:money_changed,2,"human_potato_plant,quest_accept_and_turnin",0.4,3,4
CSInteractNPCEndPacket,skill:skill_requested,2,"human_potato_plant,quest_accept_and_turnin",0.2,3,9
CSInteractNPCPacket,SCDoodadCreatedPacket,2,"human_potato_plant,quest_accept_and_turnin",0.2857,6,3
CSInteractNPCPacket,SCSkillStartedPacket,2,"human_potato_plant,quest_accept_and_turnin",0.25,6,4
CSMoveUnitPacket,world:doodad_created,2,"human_potato_plant,place_chick",0.1429,14,2
CSSendChatMessagePacket,SCDoodadCreatedPacket,2,"human_potato_plant,place_chick",0.1818,10,3
CSSendChatMessagePacket,SCDoodadsCreatedPacket,2,"human_potato_plant,pick_potato",0.1667,10,4
CSSendChatMessagePacket,SCDoodadsRemovedPacket,2,"human_potato_plant,pick_potato",0.1667,10,4
CSSendChatMessagePacket,world:doodad_created,2,"human_potato_plant,place_chick",0.2,10,2
CSStartInteractionPacket,SCDoodadCreatedPacket,2,"human_potato_plant,quest_accept_and_turnin",0.2857,6,3
CSStartInteractionPacket,SCSkillStartedPacket,2,"human_potato_plant,quest_accept_and_turnin",0.25,6,4
CSStartSkillPacket,SCDoodadCreatedPacket,2,"human_potato_plant,quest_accept_and_turnin",0.2,9,3
CSStartSkillPacket,resource:money_changed,2,"human_potato_plant,quest_accept_and_turnin",0.1818,9,4
PingPacket,world:doodad_created,2,"human_potato_plant,place_chick",0.1429,14,2
PongPacket,world:doodad_created,2,"human_potato_plant,place_chick",0.1429,14,2
SCAiAggroPacket,SCDoodadCreatedPacket,2,"human_potato_plant,quest_accept_and_turnin",0.25,7,3
SCAiAggroPacket,SCSkillStartedPacket,2,"human_potato_plant,quest_accept_and_turnin",0.2222,7,4
SCChatMessagePacket,world:doodad_created,2,"human_potato_plant,place_chick",0.1429,14,2
SCDoodadCreatedPacket,SCDoodadsCreatedPacket,2,"human_potato_plant,quest_accept_and_turnin",0.4,3,4
SCDoodadCreatedPacket,SCDoodadsRemovedPacket,2,"human_potato_plant,quest_accept_and_turnin",0.4,3,4
SCDoodadCreatedPacket,SCNpcInteractionSkillListPacket,2,"human_potato_plant,quest_accept_and_turnin",0.2857,3,6
SCDoodadCreatedPacket,SCSkillEndedPacket,2,"human_potato_plant,quest_accept_and_turnin",0.1818,3,10
SCDoodadCreatedPacket,SCSkillFiredPacket,2,"human_potato_plant,quest_accept_and_turnin",0.1818,3,10
SCDoodadCreatedPacket,SCSkillStartedPacket,2,"human_potato_plant,quest_accept_and_turnin",0.4,3,4
SCDoodadCreatedPacket,SCTargetChangedPacket,2,"human_potato_plant,quest_accept_and_turnin",0.1538,3,12
SCDoodadCreatedPacket,SCTimeOfDayPacket,2,"human_potato_plant,quest_accept_and_turnin",0.1429,3,13
SCDoodadCreatedPacket,SCUnitPointsPacket,2,"human_potato_plant,quest_accept_and_turnin",0.1818,3,10
SCDoodadCreatedPacket,movement:move_begin,2,"human_potato_plant,quest_accept_and_turnin",0.2,3,9
SCDoodadCreatedPacket,movement:move_stop,2,"human_potato_plant,quest_accept_and_turnin",0.2,3,9
SCDoodadCreatedPacket,movement:movement_update,2,"human_potato_plant,quest_accept_and_turnin",0.3333,3,5
SCDoodadCreatedPacket,resource:money_changed,2,"human_potato_plant,quest_accept_and_turnin",0.4,3,4
SCDoodadCreatedPacket,skill:skill_requested,2,"human_potato_plant,quest_accept_and_turnin",0.2,3,9
SCDoodadCreatedPacket,world:doodad_created,2,"human_potato_plant,place_chick",0.6667,3,2
SCDoodadCreatedPacket,world:doodad_phase_changed,2,"human_potato_plant,place_chick",0.4,3,4
SCDoodadPhaseChangedPacket,SCDoodadsCreatedPacket,2,"human_potato_plant,pick_potato",0.4,3,4
SCDoodadPhaseChangedPacket,SCDoodadsRemovedPacket,2,"human_potato_plant,pick_potato",0.4,3,4
SCDoodadPhaseChangedPacket,movement:movement_update,2,"human_potato_plant,pick_potato",0.3333,3,5
SCDoodadsCreatedPacket,interaction:doodad_use,2,"human_potato_plant,pick_potato",0.4,4,3
SCDoodadsCreatedPacket,resource:money_changed,2,"human_potato_plant,quest_accept_and_turnin",0.3333,4,4
SCDoodadsCreatedPacket,skill:cast_started,2,"human_potato_plant,pick_potato",0.4,4,3
SCDoodadsCreatedPacket,world:doodad_phase_changed,2,"human_potato_plant,pick_potato",0.3333,4,4
SCDoodadsRemovedPacket,interaction:doodad_use,2,"human_potato_plant,pick_potato",0.4,4,3
SCDoodadsRemovedPacket,resource:money_changed,2,"human_potato_plant,quest_accept_and_turnin",0.3333,4,4
SCDoodadsRemovedPacket,skill:cast_started,2,"human_potato_plant,pick_potato",0.4,4,3
SCDoodadsRemovedPacket,world:doodad_phase_changed,2,"human_potato_plant,pick_potato",0.3333,4,4
SCItemTaskSuccessPacket,world:doodad_created,2,"human_potato_plant,place_chick",0.2,10,2
SCNpcInteractionSkillListPacket,SCSkillStartedPacket,2,"human_potato_plant,quest_accept_and_turnin",0.25,6,4
SCOneUnitMovementPacket,world:doodad_created,2,"human_potato_plant,place_chick",0.1429,14,2
SCSkillEndedPacket,resource:money_changed,2,"human_potato_plant,quest_accept_and_turnin",0.1667,10,4
SCSkillFiredPacket,resource:money_changed,2,"human_potato_plant,quest_accept_and_turnin",0.1667,10,4
SCSkillStartedPacket,resource:money_changed,2,"human_potato_plant,quest_accept_and_turnin",0.3333,4,4
SCUnitModelPostureChangedPacket,world:doodad_created,2,"human_potato_plant,place_chick",0.1429,14,2
SCUnitPointsPacket,resource:money_changed,2,"human_potato_plant,quest_accept_and_turnin",0.1667,10,4
interaction:doodad_use,movement:movement_update,2,"human_potato_plant,pick_potato",0.3333,3,5
lifecycle:trace_started,world:doodad_created,2,"human_potato_plant,place_chick",0.1429,14,2
movement:movement_update,resource:money_changed,2,"human_potato_plant,quest_accept_and_turnin",0.2857,5,4
movement:movement_update,skill:cast_started,2,"human_potato_plant,pick_potato",0.3333,5,3
movement:movement_update,world:doodad_phase_changed,2,"human_potato_plant,pick_potato",0.2857,5,4
packet:packet_in,world:doodad_created,2,"human_potato_plant,place_chick",0.1429,14,2
packet:packet_out,world:doodad_created,2,"human_potato_plant,place_chick",0.1429,14,2
resource:money_changed,skill:skill_requested,2,"human_potato_plant,quest_accept_and_turnin",0.1818,4,9
world:doodad_created,world:doodad_phase_changed,2,"human_potato_plant,place_chick",0.5,2,4
CompressedGamePackets,SCItemTaskSuccessPacket,2,"quest_accept_and_turnin,use_bag_consumable",0.1667,4,10
CompressedGamePackets,SCUnitStatePacket,2,"quest_accept_and_turnin,use_bag_consumable",0.3333,4,4
CSChangeTargetPacket,SCQuestContextStartedPacket,2,"combat_basic_melee,quest_accept_and_turnin",0.2222,9,2
CSChangeTargetPacket,SCUnitHealedPacket,2,"combat_basic_melee,quest_accept_and_turnin",0.2222,9,2
CSChangeTargetPacket,SCUnitsRemovedPacket,2,"combat_basic_melee,quest_accept_and_turnin",0.2,9,3
CSInteractNPCPacket,CompressedGamePackets,2,"combat_basic_melee,quest_accept_and_turnin",0.25,6,4
CSInteractNPCPacket,FastPingPacket,2,"combat_basic_melee,quest_accept_and_turnin",0.2857,6,3
CSInteractNPCPacket,FastPongPacket,2,"combat_basic_melee,quest_accept_and_turnin",0.2857,6,3
CSInteractNPCPacket,SCAggroTargetChangedPacket,2,"combat_basic_melee,quest_accept_and_turnin",0.2857,6,3
CSInteractNPCPacket,SCBuffCreatedPacket,2,"combat_basic_melee,quest_accept_and_turnin",0.2857,6,3
CSInteractNPCPacket,SCBuffRemovedPacket,2,"combat_basic_melee,quest_accept_and_turnin",0.2857,6,3
CSInteractNPCPacket,SCCombatClearedPacket,2,"combat_basic_melee,quest_accept_and_turnin",0.2857,6,3
CSInteractNPCPacket,SCCombatFirstHitPacket,2,"combat_basic_melee,quest_accept_and_turnin",0.2857,6,3
CSInteractNPCPacket,SCQuestContextStartedPacket,2,"combat_basic_melee,quest_accept_and_turnin",0.3333,6,2
CSInteractNPCPacket,SCQuestContextUpdatedPacket,2,"combat_basic_melee,quest_accept_and_turnin",0.2857,6,3
CSInteractNPCPacket,SCUnitDeathPacket,2,"combat_basic_melee,quest_accept_and_turnin",0.2857,6,3
CSInteractNPCPacket,SCUnitHealedPacket,2,"combat_basic_melee,quest_accept_and_turnin",0.3333,6,2
CSInteractNPCPacket,SCUnitsRemovedPacket,2,"combat_basic_melee,quest_accept_and_turnin",0.2857,6,3
CSInteractNPCPacket,skill:instant_cast,2,"combat_basic_melee,quest_accept_and_turnin",0.2,6,6
CSMoveUnitPacket,SCQuestContextStartedPacket,2,"combat_basic_melee,quest_accept_and_turnin",0.1429,14,2
CSMoveUnitPacket,SCUnitHealedPacket,2,"combat_basic_melee,quest_accept_and_turnin",0.1429,14,2
CSStartInteractionPacket,CompressedGamePackets,2,"combat_basic_melee,quest_accept_and_turnin",0.25,6,4
CSStartInteractionPacket,FastPingPacket,2,"combat_basic_melee,quest_accept_and_turnin",0.2857,6,3
CSStartInteractionPacket,FastPongPacket,2,"combat_basic_melee,quest_accept_and_turnin",0.2857,6,3
CSStartInteractionPacket,SCAggroTargetChangedPacket,2,"combat_basic_melee,quest_accept_and_turnin",0.2857,6,3
CSStartInteractionPacket,SCBuffCreatedPacket,2,"combat_basic_melee,quest_accept_and_turnin",0.2857,6,3
CSStartInteractionPacket,SCBuffRemovedPacket,2,"combat_basic_melee,quest_accept_and_turnin",0.2857,6,3
CSStartInteractionPacket,SCCombatClearedPacket,2,"combat_basic_melee,quest_accept_and_turnin",0.2857,6,3
CSStartInteractionPacket,SCCombatFirstHitPacket,2,"combat_basic_melee,quest_accept_and_turnin",0.2857,6,3
CSStartInteractionPacket,SCQuestContextStartedPacket,2,"combat_basic_melee,quest_accept_and_turnin",0.3333,6,2
CSStartInteractionPacket,SCQuestContextUpdatedPacket,2,"combat_basic_melee,quest_accept_and_turnin",0.2857,6,3
CSStartInteractionPacket,SCUnitDeathPacket,2,"combat_basic_melee,quest_accept_and_turnin",0.2857,6,3
CSStartInteractionPacket,SCUnitHealedPacket,2,"combat_basic_melee,quest_accept_and_turnin",0.3333,6,2
CSStartInteractionPacket,SCUnitsRemovedPacket,2,"combat_basic_melee,quest_accept_and_turnin",0.2857,6,3
CSStartInteractionPacket,skill:instant_cast,2,"combat_basic_melee,quest_accept_and_turnin",0.2,6,6
CSStartSkillPacket,SCQuestContextStartedPacket,2,"combat_basic_melee,quest_accept_and_turnin",0.2222,9,2
CSStartSkillPacket,SCUnitHealedPacket,2,"combat_basic_melee,quest_accept_and_turnin",0.2222,9,2
CompressedGamePackets,SCDoodadsCreatedPacket,2,"combat_basic_melee,quest_accept_and_turnin",0.3333,4,4
CompressedGamePackets,SCDoodadsRemovedPacket,2,"combat_basic_melee,quest_accept_and_turnin",0.3333,4,4
CompressedGamePackets,SCNpcInteractionSkillListPacket,2,"combat_basic_melee,quest_accept_and_turnin",0.25,4,6
CompressedGamePackets,SCQuestContextStartedPacket,2,"combat_basic_melee,quest_accept_and_turnin",0.5,4,2
CompressedGamePackets,SCUnitHealedPacket,2,"combat_basic_melee,quest_accept_and_turnin",0.5,4,2
CompressedGamePackets,SCUnitsRemovedPacket,2,"combat_basic_melee,quest_accept_and_turnin",0.4,4,3
CompressedGamePackets,movement:move_begin,2,"combat_basic_melee,quest_accept_and_turnin",0.1818,4,9
CompressedGamePackets,movement:move_stop,2,"combat_basic_melee,quest_accept_and_turnin",0.1818,4,9
CompressedGamePackets,movement:movement_update,2,"combat_basic_melee,quest_accept_and_turnin",0.2857,4,5
FastPingPacket,SCDoodadsCreatedPacket,2,"combat_basic_melee,quest_accept_and_turnin",0.4,3,4
FastPingPacket,SCDoodadsRemovedPacket,2,"combat_basic_melee,quest_accept_and_turnin",0.4,3,4
FastPingPacket,SCNpcInteractionSkillListPacket,2,"combat_basic_melee,quest_accept_and_turnin",0.2857,3,6
FastPingPacket,SCQuestContextStartedPacket,2,"combat_basic_melee,quest_accept_and_turnin",0.6667,3,2
FastPingPacket,SCUnitHealedPacket,2,"combat_basic_melee,quest_accept_and_turnin",0.6667,3,2
FastPingPacket,SCUnitsRemovedPacket,2,"combat_basic_melee,quest_accept_and_turnin",0.5,3,3
FastPingPacket,movement:move_begin,2,"combat_basic_melee,quest_accept_and_turnin",0.2,3,9
FastPingPacket,movement:move_stop,2,"combat_basic_melee,quest_accept_and_turnin",0.2,3,9
FastPingPacket,movement:movement_update,2,"combat_basic_melee,quest_accept_and_turnin",0.3333,3,5
FastPongPacket,SCDoodadsCreatedPacket,2,"combat_basic_melee,quest_accept_and_turnin",0.4,3,4
FastPongPacket,SCDoodadsRemovedPacket,2,"combat_basic_melee,quest_accept_and_turnin",0.4,3,4
FastPongPacket,SCNpcInteractionSkillListPacket,2,"combat_basic_melee,quest_accept_and_turnin",0.2857,3,6
FastPongPacket,SCQuestContextStartedPacket,2,"combat_basic_melee,quest_accept_and_turnin",0.6667,3,2
FastPongPacket,SCUnitHealedPacket,2,"combat_basic_melee,quest_accept_and_turnin",0.6667,3,2
FastPongPacket,SCUnitsRemovedPacket,2,"combat_basic_melee,quest_accept_and_turnin",0.5,3,3
FastPongPacket,movement:move_begin,2,"combat_basic_melee,quest_accept_and_turnin",0.2,3,9
FastPongPacket,movement:move_stop,2,"combat_basic_melee,quest_accept_and_turnin",0.2,3,9
FastPongPacket,movement:movement_update,2,"combat_basic_melee,quest_accept_and_turnin",0.3333,3,5
PingPacket,SCQuestContextStartedPacket,2,"combat_basic_melee,quest_accept_and_turnin",0.1429,14,2
PingPacket,SCUnitHealedPacket,2,"combat_basic_melee,quest_accept_and_turnin",0.1429,14,2
PongPacket,SCQuestContextStartedPacket,2,"combat_basic_melee,quest_accept_and_turnin",0.1429,14,2
PongPacket,SCUnitHealedPacket,2,"combat_basic_melee,quest_accept_and_turnin",0.1429,14,2
SCAggroTargetChangedPacket,SCDoodadsCreatedPacket,2,"combat_basic_melee,quest_accept_and_turnin",0.4,3,4
SCAggroTargetChangedPacket,SCDoodadsRemovedPacket,2,"combat_basic_melee,quest_accept_and_turnin",0.4,3,4
SCAggroTargetChangedPacket,SCNpcInteractionSkillListPacket,2,"combat_basic_melee,quest_accept_and_turnin",0.2857,3,6
SCAggroTargetChangedPacket,SCQuestContextStartedPacket,2,"combat_basic_melee,quest_accept_and_turnin",0.6667,3,2
SCAggroTargetChangedPacket,SCUnitHealedPacket,2,"combat_basic_melee,quest_accept_and_turnin",0.6667,3,2
SCAggroTargetChangedPacket,SCUnitsRemovedPacket,2,"combat_basic_melee,quest_accept_and_turnin",0.5,3,3
SCAggroTargetChangedPacket,movement:move_begin,2,"combat_basic_melee,quest_accept_and_turnin",0.2,3,9
SCAggroTargetChangedPacket,movement:move_stop,2,"combat_basic_melee,quest_accept_and_turnin",0.2,3,9
SCAggroTargetChangedPacket,movement:movement_update,2,"combat_basic_melee,quest_accept_and_turnin",0.3333,3,5
SCAiAggroPacket,SCQuestContextStartedPacket,2,"combat_basic_melee,quest_accept_and_turnin",0.2857,7,2
SCAiAggroPacket,SCUnitHealedPacket,2,"combat_basic_melee,quest_accept_and_turnin",0.2857,7,2
SCAiAggroPacket,SCUnitsRemovedPacket,2,"combat_basic_melee,quest_accept_and_turnin",0.25,7,3
SCBuffCreatedPacket,SCDoodadsCreatedPacket,2,"combat_basic_melee,quest_accept_and_turnin",0.4,3,4
SCBuffCreatedPacket,SCDoodadsRemovedPacket,2,"combat_basic_melee,quest_accept_and_turnin",0.4,3,4
SCBuffCreatedPacket,SCNpcInteractionSkillListPacket,2,"combat_basic_melee,quest_accept_and_turnin",0.2857,3,6
SCBuffCreatedPacket,SCQuestContextStartedPacket,2,"combat_basic_melee,quest_accept_and_turnin",0.6667,3,2
SCBuffCreatedPacket,SCUnitHealedPacket,2,"combat_basic_melee,quest_accept_and_turnin",0.6667,3,2
SCBuffCreatedPacket,SCUnitsRemovedPacket,2,"combat_basic_melee,quest_accept_and_turnin",0.5,3,3
SCBuffCreatedPacket,movement:move_begin,2,"combat_basic_melee,quest_accept_and_turnin",0.2,3,9
SCBuffCreatedPacket,movement:move_stop,2,"combat_basic_melee,quest_accept_and_turnin",0.2,3,9
SCBuffCreatedPacket,movement:movement_update,2,"combat_basic_melee,quest_accept_and_turnin",0.3333,3,5
SCBuffRemovedPacket,SCDoodadsCreatedPacket,2,"combat_basic_melee,quest_accept_and_turnin",0.4,3,4
SCBuffRemovedPacket,SCDoodadsRemovedPacket,2,"combat_basic_melee,quest_accept_and_turnin",0.4,3,4
SCBuffRemovedPacket,SCNpcInteractionSkillListPacket,2,"combat_basic_melee,quest_accept_and_turnin",0.2857,3,6
SCBuffRemovedPacket,SCQuestContextStartedPacket,2,"combat_basic_melee,quest_accept_and_turnin",0.6667,3,2
SCBuffRemovedPacket,SCUnitHealedPacket,2,"combat_basic_melee,quest_accept_and_turnin",0.6667,3,2
SCBuffRemovedPacket,SCUnitsRemovedPacket,2,"combat_basic_melee,quest_accept_and_turnin",0.5,3,3
SCBuffRemovedPacket,movement:move_begin,2,"combat_basic_melee,quest_accept_and_turnin",0.2,3,9
SCBuffRemovedPacket,movement:move_stop,2,"combat_basic_melee,quest_accept_and_turnin",0.2,3,9
SCBuffRemovedPacket,movement:movement_update,2,"combat_basic_melee,quest_accept_and_turnin",0.3333,3,5
SCChatMessagePacket,SCQuestContextStartedPacket,2,"combat_basic_melee,quest_accept_and_turnin",0.1429,14,2
SCChatMessagePacket,SCUnitHealedPacket,2,"combat_basic_melee,quest_accept_and_turnin",0.1429,14,2
SCCombatClearedPacket,SCDoodadsCreatedPacket,2,"combat_basic_melee,quest_accept_and_turnin",0.4,3,4
SCCombatClearedPacket,SCDoodadsRemovedPacket,2,"combat_basic_melee,quest_accept_and_turnin",0.4,3,4
SCCombatClearedPacket,SCNpcInteractionSkillListPacket,2,"combat_basic_melee,quest_accept_and_turnin",0.2857,3,6
SCCombatClearedPacket,SCQuestContextStartedPacket,2,"combat_basic_melee,quest_accept_and_turnin",0.6667,3,2
SCCombatClearedPacket,SCUnitHealedPacket,2,"combat_basic_melee,quest_accept_and_turnin",0.6667,3,2
SCCombatClearedPacket,SCUnitsRemovedPacket,2,"combat_basic_melee,quest_accept_and_turnin",0.5,3,3
SCCombatClearedPacket,movement:move_begin,2,"combat_basic_melee,quest_accept_and_turnin",0.2,3,9
SCCombatClearedPacket,movement:move_stop,2,"combat_basic_melee,quest_accept_and_turnin",0.2,3,9
SCCombatClearedPacket,movement:movement_update,2,"combat_basic_melee,quest_accept_and_turnin",0.3333,3,5
SCCombatFirstHitPacket,SCDoodadsCreatedPacket,2,"combat_basic_melee,quest_accept_and_turnin",0.4,3,4
SCCombatFirstHitPacket,SCDoodadsRemovedPacket,2,"combat_basic_melee,quest_accept_and_turnin",0.4,3,4
SCCombatFirstHitPacket,SCNpcInteractionSkillListPacket,2,"combat_basic_melee,quest_accept_and_turnin",0.2857,3,6
SCCombatFirstHitPacket,SCQuestContextStartedPacket,2,"combat_basic_melee,quest_accept_and_turnin",0.6667,3,2
SCCombatFirstHitPacket,SCUnitHealedPacket,2,"combat_basic_melee,quest_accept_and_turnin",0.6667,3,2
SCCombatFirstHitPacket,SCUnitsRemovedPacket,2,"combat_basic_melee,quest_accept_and_turnin",0.5,3,3
SCCombatFirstHitPacket,movement:move_begin,2,"combat_basic_melee,quest_accept_and_turnin",0.2,3,9
SCCombatFirstHitPacket,movement:move_stop,2,"combat_basic_melee,quest_accept_and_turnin",0.2,3,9
SCCombatFirstHitPacket,movement:movement_update,2,"combat_basic_melee,quest_accept_and_turnin",0.3333,3,5
SCDoodadsCreatedPacket,SCQuestContextStartedPacket,2,"combat_basic_melee,quest_accept_and_turnin",0.5,4,2
SCDoodadsCreatedPacket,SCQuestContextUpdatedPacket,2,"combat_basic_melee,quest_accept_and_turnin",0.4,4,3
SCDoodadsCreatedPacket,SCUnitDeathPacket,2,"combat_basic_melee,quest_accept_and_turnin",0.4,4,3
SCDoodadsCreatedPacket,SCUnitHealedPacket,2,"combat_basic_melee,quest_accept_and_turnin",0.5,4,2
SCDoodadsCreatedPacket,SCUnitsRemovedPacket,2,"combat_basic_melee,quest_accept_and_turnin",0.4,4,3
SCDoodadsCreatedPacket,skill:instant_cast,2,"combat_basic_melee,quest_accept_and_turnin",0.25,4,6
SCDoodadsRemovedPacket,SCQuestContextStartedPacket,2,"combat_basic_melee,quest_accept_and_turnin",0.5,4,2
SCDoodadsRemovedPacket,SCQuestContextUpdatedPacket,2,"combat_basic_melee,quest_accept_and_turnin",0.4,4,3
SCDoodadsRemovedPacket,SCUnitDeathPacket,2,"combat_basic_melee,quest_accept_and_turnin",0.4,4,3
SCDoodadsRemovedPacket,SCUnitHealedPacket,2,"combat_basic_melee,quest_accept_and_turnin",0.5,4,2
SCDoodadsRemovedPacket,SCUnitsRemovedPacket,2,"combat_basic_melee,quest_accept_and_turnin",0.4,4,3
SCDoodadsRemovedPacket,skill:instant_cast,2,"combat_basic_melee,quest_accept_and_turnin",0.25,4,6
SCNpcInteractionSkillListPacket,SCQuestContextStartedPacket,2,"combat_basic_melee,quest_accept_and_turnin",0.3333,6,2
SCNpcInteractionSkillListPacket,SCQuestContextUpdatedPacket,2,"combat_basic_melee,quest_accept_and_turnin",0.2857,6,3
SCNpcInteractionSkillListPacket,SCUnitDeathPacket,2,"combat_basic_melee,quest_accept_and_turnin",0.2857,6,3
SCNpcInteractionSkillListPacket,SCUnitHealedPacket,2,"combat_basic_melee,quest_accept_and_turnin",0.3333,6,2
SCNpcInteractionSkillListPacket,SCUnitsRemovedPacket,2,"combat_basic_melee,quest_accept_and_turnin",0.2857,6,3
SCNpcInteractionSkillListPacket,skill:instant_cast,2,"combat_basic_melee,quest_accept_and_turnin",0.2,6,6
SCOneUnitMovementPacket,SCQuestContextStartedPacket,2,"combat_basic_melee,quest_accept_and_turnin",0.1429,14,2
SCOneUnitMovementPacket,SCUnitHealedPacket,2,"combat_basic_melee,quest_accept_and_turnin",0.1429,14,2
SCQuestContextStartedPacket,SCQuestContextUpdatedPacket,2,"combat_basic_melee,quest_accept_and_turnin",0.6667,2,3
SCQuestContextStartedPacket,SCSkillEndedPacket,2,"combat_basic_melee,quest_accept_and_turnin",0.2,2,10
SCQuestContextStartedPacket,SCSkillFiredPacket,2,"combat_basic_melee,quest_accept_and_turnin",0.2,2,10
SCQuestContextStartedPacket,SCTargetChangedPacket,2,"combat_basic_melee,quest_accept_and_turnin",0.1667,2,12
SCQuestContextStartedPacket,SCTimeOfDayPacket,2,"combat_basic_melee,quest_accept_and_turnin",0.1538,2,13
SCQuestContextStartedPacket,SCUnitDeathPacket,2,"combat_basic_melee,quest_accept_and_turnin",0.6667,2,3
SCQuestContextStartedPacket,SCUnitHealedPacket,2,"combat_basic_melee,quest_accept_and_turnin",1.0,2,2
SCQuestContextStartedPacket,SCUnitModelPostureChangedPacket,2,"combat_basic_melee,quest_accept_and_turnin",0.1429,2,14
SCQuestContextStartedPacket,SCUnitPointsPacket,2,"combat_basic_melee,quest_accept_and_turnin",0.2,2,10
SCQuestContextStartedPacket,SCUnitsRemovedPacket,2,"combat_basic_melee,quest_accept_and_turnin",0.6667,2,3
SCQuestContextStartedPacket,lifecycle:trace_started,2,"combat_basic_melee,quest_accept_and_turnin",0.1429,2,14
SCQuestContextStartedPacket,lifecycle:trace_stopped,2,"combat_basic_melee,quest_accept_and_turnin",0.1538,2,13
SCQuestContextStartedPacket,movement:move_begin,2,"combat_basic_melee,quest_accept_and_turnin",0.2222,2,9
SCQuestContextStartedPacket,movement:move_stop,2,"combat_basic_melee,quest_accept_and_turnin",0.2222,2,9
SCQuestContextStartedPacket,movement:movement_update,2,"combat_basic_melee,quest_accept_and_turnin",0.4,2,5
SCQuestContextStartedPacket,packet:packet_in,2,"combat_basic_melee,quest_accept_and_turnin",0.1429,2,14
SCQuestContextStartedPacket,packet:packet_out,2,"combat_basic_melee,quest_accept_and_turnin",0.1429,2,14
SCQuestContextStartedPacket,skill:instant_cast,2,"combat_basic_melee,quest_accept_and_turnin",0.3333,2,6
SCQuestContextStartedPacket,skill:skill_requested,2,"combat_basic_melee,quest_accept_and_turnin",0.2222,2,9
SCQuestContextUpdatedPacket,SCUnitHealedPacket,2,"combat_basic_melee,quest_accept_and_turnin",0.6667,3,2
SCQuestContextUpdatedPacket,SCUnitsRemovedPacket,2,"combat_basic_melee,quest_accept_and_turnin",0.5,3,3
SCQuestContextUpdatedPacket,movement:move_begin,2,"combat_basic_melee,quest_accept_and_turnin",0.2,3,9
SCQuestContextUpdatedPacket,movement:move_stop,2,"combat_basic_melee,quest_accept_and_turnin",0.2,3,9
SCQuestContextUpdatedPacket,movement:movement_update,2,"combat_basic_melee,quest_accept_and_turnin",0.3333,3,5
SCSkillEndedPacket,SCUnitHealedPacket,2,"combat_basic_melee,quest_accept_and_turnin",0.2,10,2
SCSkillFiredPacket,SCUnitHealedPacket,2,"combat_basic_melee,quest_accept_and_turnin",0.2,10,2
SCTargetChangedPacket,SCUnitHealedPacket,2,"combat_basic_melee,quest_accept_and_turnin",0.1667,12,2
SCTimeOfDayPacket,SCUnitHealedPacket,2,"combat_basic_melee,quest_accept_and_turnin",0.1538,13,2
SCUnitDeathPacket,SCUnitHealedPacket,2,"combat_basic_melee,quest_accept_and_turnin",0.6667,3,2
SCUnitDeathPacket,SCUnitsRemovedPacket,2,"combat_basic_melee,quest_accept_and_turnin",0.5,3,3
SCUnitDeathPacket,movement:move_begin,2,"combat_basic_melee,quest_accept_and_turnin",0.2,3,9
SCUnitDeathPacket,movement:move_stop,2,"combat_basic_melee,quest_accept_and_turnin",0.2,3,9
SCUnitDeathPacket,movement:movement_update,2,"combat_basic_melee,quest_accept_and_turnin",0.3333,3,5
SCUnitHealedPacket,SCUnitModelPostureChangedPacket,2,"combat_basic_melee,quest_accept_and_turnin",0.1429,2,14
SCUnitHealedPacket,SCUnitPointsPacket,2,"combat_basic_melee,quest_accept_and_turnin",0.2,2,10
SCUnitHealedPacket,SCUnitsRemovedPacket,2,"combat_basic_melee,quest_accept_and_turnin",0.6667,2,3
SCUnitHealedPacket,lifecycle:trace_started,2,"combat_basic_melee,quest_accept_and_turnin",0.1429,2,14
SCUnitHealedPacket,lifecycle:trace_stopped,2,"combat_basic_melee,quest_accept_and_turnin",0.1538,2,13
SCUnitHealedPacket,movement:move_begin,2,"combat_basic_melee,quest_accept_and_turnin",0.2222,2,9
SCUnitHealedPacket,movement:move_stop,2,"combat_basic_melee,quest_accept_and_turnin",0.2222,2,9
SCUnitHealedPacket,movement:movement_update,2,"combat_basic_melee,quest_accept_and_turnin",0.4,2,5
SCUnitHealedPacket,packet:packet_in,2,"combat_basic_melee,quest_accept_and_turnin",0.1429,2,14
SCUnitHealedPacket,packet:packet_out,2,"combat_basic_melee,quest_accept_and_turnin",0.1429,2,14
SCUnitHealedPacket,skill:instant_cast,2,"combat_basic_melee,quest_accept_and_turnin",0.3333,2,6
SCUnitHealedPacket,skill:skill_requested,2,"combat_basic_melee,quest_accept_and_turnin",0.2222,2,9
SCUnitsRemovedPacket,movement:movement_update,2,"combat_basic_melee,quest_accept_and_turnin",0.3333,3,5
movement:movement_update,skill:instant_cast,2,"combat_basic_melee,quest_accept_and_turnin",0.2222,5,6
CSChangeTargetPacket,SCBmPointPacket,2,"pick_potato,quest_accept_and_turnin",0.2222,9,2
CSChangeTargetPacket,SCCharacterLaborPowerChangedPacket,2,"harvest_chicken,pick_potato",0.2222,9,2
CSChangeTargetPacket,SCDoodadRemovedPacket,2,"pick_potato,quest_accept_and_turnin",0.2222,9,2
CSChangeTargetPacket,SCGamePointChangedPacket,2,"harvest_chicken,pick_potato",0.2222,9,2
CSChangeTargetPacket,SCICSCashPointPacket,2,"pick_potato,quest_accept_and_turnin",0.2222,9,2
CSChangeTargetPacket,resource:labor_changed,2,"harvest_chicken,pick_potato",0.2222,9,2
CSMoveUnitPacket,SCBmPointPacket,2,"pick_potato,quest_accept_and_turnin",0.1429,14,2
CSMoveUnitPacket,SCCharacterLaborPowerChangedPacket,2,"harvest_chicken,pick_potato",0.1429,14,2
CSMoveUnitPacket,SCDoodadRemovedPacket,2,"pick_potato,quest_accept_and_turnin",0.1429,14,2
CSMoveUnitPacket,SCGamePointChangedPacket,2,"harvest_chicken,pick_potato",0.1429,14,2
CSMoveUnitPacket,SCICSCashPointPacket,2,"pick_potato,quest_accept_and_turnin",0.1429,14,2
CSMoveUnitPacket,resource:labor_changed,2,"harvest_chicken,pick_potato",0.1429,14,2
CSSendChatMessagePacket,SCCharacterLaborPowerChangedPacket,2,"harvest_chicken,pick_potato",0.2,10,2
CSSendChatMessagePacket,SCErrorMsgPacket,2,"harvest_chicken,pick_potato",0.1818,10,3
CSSendChatMessagePacket,SCExpChangedPacket,2,"harvest_chicken,pick_potato",0.1818,10,3
CSSendChatMessagePacket,SCGamePointChangedPacket,2,"harvest_chicken,pick_potato",0.2,10,2
CSSendChatMessagePacket,resource:labor_changed,2,"harvest_chicken,pick_potato",0.2,10,2
CSStartSkillPacket,SCBmPointPacket,2,"pick_potato,quest_accept_and_turnin",0.2222,9,2
CSStartSkillPacket,SCCharacterLaborPowerChangedPacket,2,"harvest_chicken,pick_potato",0.2222,9,2
CSStartSkillPacket,SCDoodadRemovedPacket,2,"pick_potato,quest_accept_and_turnin",0.2222,9,2
CSStartSkillPacket,SCGamePointChangedPacket,2,"harvest_chicken,pick_potato",0.2222,9,2
CSStartSkillPacket,SCICSCashPointPacket,2,"pick_potato,quest_accept_and_turnin",0.2222,9,2
CSStartSkillPacket,resource:labor_changed,2,"harvest_chicken,pick_potato",0.2222,9,2
PingPacket,SCBmPointPacket,2,"pick_potato,quest_accept_and_turnin",0.1429,14,2
PingPacket,SCCharacterLaborPowerChangedPacket,2,"harvest_chicken,pick_potato",0.1429,14,2
PingPacket,SCDoodadRemovedPacket,2,"pick_potato,quest_accept_and_turnin",0.1429,14,2
PingPacket,SCGamePointChangedPacket,2,"harvest_chicken,pick_potato",0.1429,14,2
PingPacket,SCICSCashPointPacket,2,"pick_potato,quest_accept_and_turnin",0.1429,14,2
PingPacket,resource:labor_changed,2,"harvest_chicken,pick_potato",0.1429,14,2
PongPacket,SCBmPointPacket,2,"pick_potato,quest_accept_and_turnin",0.1429,14,2
PongPacket,SCCharacterLaborPowerChangedPacket,2,"harvest_chicken,pick_potato",0.1429,14,2
PongPacket,SCDoodadRemovedPacket,2,"pick_potato,quest_accept_and_turnin",0.1429,14,2
PongPacket,SCGamePointChangedPacket,2,"harvest_chicken,pick_potato",0.1429,14,2
PongPacket,SCICSCashPointPacket,2,"pick_potato,quest_accept_and_turnin",0.1429,14,2
PongPacket,resource:labor_changed,2,"harvest_chicken,pick_potato",0.1429,14,2
SCBmPointPacket,SCChatMessagePacket,2,"pick_potato,quest_accept_and_turnin",0.1429,2,14
SCBmPointPacket,SCDoodadRemovedPacket,2,"pick_potato,quest_accept_and_turnin",1.0,2,2
SCBmPointPacket,SCDoodadsCreatedPacket,2,"pick_potato,quest_accept_and_turnin",0.5,2,4
SCBmPointPacket,SCDoodadsRemovedPacket,2,"pick_potato,quest_accept_and_turnin",0.5,2,4
SCBmPointPacket,SCErrorMsgPacket,2,"pick_potato,quest_accept_and_turnin",0.6667,2,3
SCBmPointPacket,SCExpChangedPacket,2,"pick_potato,quest_accept_and_turnin",0.6667,2,3
SCBmPointPacket,SCICSCashPointPacket,2,"pick_potato,quest_accept_and_turnin",1.0,2,2
SCBmPointPacket,SCItemTaskSuccessPacket,2,"pick_potato,quest_accept_and_turnin",0.2,2,10
SCBmPointPacket,SCOneUnitMovementPacket,2,"pick_potato,quest_accept_and_turnin",0.1429,2,14
SCBmPointPacket,SCSkillEndedPacket,2,"pick_potato,quest_accept_and_turnin",0.2,2,10
SCBmPointPacket,SCSkillFiredPacket,2,"pick_potato,quest_accept_and_turnin",0.2,2,10
SCBmPointPacket,SCSkillStartedPacket,2,"pick_potato,quest_accept_and_turnin",0.5,2,4
SCBmPointPacket,SCTargetChangedPacket,2,"pick_potato,quest_accept_and_turnin",0.1667,2,12
SCBmPointPacket,SCTimeOfDayPacket,2,"pick_potato,quest_accept_and_turnin",0.1538,2,13
SCBmPointPacket,SCUnitModelPostureChangedPacket,2,"pick_potato,quest_accept_and_turnin",0.1429,2,14
SCBmPointPacket,SCUnitPointsPacket,2,"pick_potato,quest_accept_and_turnin",0.2,2,10
SCBmPointPacket,lifecycle:trace_started,2,"pick_potato,quest_accept_and_turnin",0.1429,2,14
SCBmPointPacket,lifecycle:trace_stopped,2,"pick_potato,quest_accept_and_turnin",0.1538,2,13
SCBmPointPacket,movement:move_begin,2,"pick_potato,quest_accept_and_turnin",0.2222,2,9
SCBmPointPacket,movement:move_stop,2,"pick_potato,quest_accept_and_turnin",0.2222,2,9
SCBmPointPacket,movement:movement_update,2,"pick_potato,quest_accept_and_turnin",0.4,2,5
SCBmPointPacket,packet:packet_in,2,"pick_potato,quest_accept_and_turnin",0.1429,2,14
SCBmPointPacket,packet:packet_out,2,"pick_potato,quest_accept_and_turnin",0.1429,2,14
SCBmPointPacket,skill:skill_requested,2,"pick_potato,quest_accept_and_turnin",0.2222,2,9
SCCharacterLaborPowerChangedPacket,SCChatMessagePacket,2,"harvest_chicken,pick_potato",0.1429,2,14
SCCharacterLaborPowerChangedPacket,SCDoodadPhaseChangedPacket,2,"harvest_chicken,pick_potato",0.6667,2,3
SCCharacterLaborPowerChangedPacket,SCErrorMsgPacket,2,"harvest_chicken,pick_potato",0.6667,2,3
SCCharacterLaborPowerChangedPacket,SCExpChangedPacket,2,"harvest_chicken,pick_potato",0.6667,2,3
SCCharacterLaborPowerChangedPacket,SCGamePointChangedPacket,2,"harvest_chicken,pick_potato",1.0,2,2
SCCharacterLaborPowerChangedPacket,SCItemTaskSuccessPacket,2,"harvest_chicken,pick_potato",0.2,2,10
SCCharacterLaborPowerChangedPacket,SCOneUnitMovementPacket,2,"harvest_chicken,pick_potato",0.1429,2,14
SCCharacterLaborPowerChangedPacket,SCSkillEndedPacket,2,"harvest_chicken,pick_potato",0.2,2,10
SCCharacterLaborPowerChangedPacket,SCSkillFiredPacket,2,"harvest_chicken,pick_potato",0.2,2,10
SCCharacterLaborPowerChangedPacket,SCSkillStartedPacket,2,"harvest_chicken,pick_potato",0.5,2,4
SCCharacterLaborPowerChangedPacket,SCTargetChangedPacket,2,"harvest_chicken,pick_potato",0.1667,2,12
SCCharacterLaborPowerChangedPacket,SCTimeOfDayPacket,2,"harvest_chicken,pick_potato",0.1538,2,13
SCCharacterLaborPowerChangedPacket,SCUnitModelPostureChangedPacket,2,"harvest_chicken,pick_potato",0.1429,2,14
SCCharacterLaborPowerChangedPacket,SCUnitPointsPacket,2,"harvest_chicken,pick_potato",0.2,2,10
SCCharacterLaborPowerChangedPacket,interaction:doodad_use,2,"harvest_chicken,pick_potato",0.6667,2,3
SCCharacterLaborPowerChangedPacket,lifecycle:trace_started,2,"harvest_chicken,pick_potato",0.1429,2,14
SCCharacterLaborPowerChangedPacket,lifecycle:trace_stopped,2,"harvest_chicken,pick_potato",0.1538,2,13
SCCharacterLaborPowerChangedPacket,movement:move_begin,2,"harvest_chicken,pick_potato",0.2222,2,9
SCCharacterLaborPowerChangedPacket,movement:move_stop,2,"harvest_chicken,pick_potato",0.2222,2,9
SCCharacterLaborPowerChangedPacket,packet:packet_in,2,"harvest_chicken,pick_potato",0.1429,2,14
SCCharacterLaborPowerChangedPacket,packet:packet_out,2,"harvest_chicken,pick_potato",0.1429,2,14
SCCharacterLaborPowerChangedPacket,resource:labor_changed,2,"harvest_chicken,pick_potato",1.0,2,2
SCCharacterLaborPowerChangedPacket,skill:cast_started,2,"harvest_chicken,pick_potato",0.6667,2,3
SCCharacterLaborPowerChangedPacket,skill:skill_requested,2,"harvest_chicken,pick_potato",0.2222,2,9
SCCharacterLaborPowerChangedPacket,world:doodad_phase_changed,2,"harvest_chicken,pick_potato",0.5,2,4
SCChatMessagePacket,SCDoodadRemovedPacket,2,"pick_potato,quest_accept_and_turnin",0.1429,14,2
SCChatMessagePacket,SCGamePointChangedPacket,2,"harvest_chicken,pick_potato",0.1429,14,2
SCChatMessagePacket,SCICSCashPointPacket,2,"pick_potato,quest_accept_and_turnin",0.1429,14,2
SCChatMessagePacket,resource:labor_changed,2,"harvest_chicken,pick_potato",0.1429,14,2
SCDoodadPhaseChangedPacket,SCErrorMsgPacket,2,"harvest_chicken,pick_potato",0.5,3,3
SCDoodadPhaseChangedPacket,SCExpChangedPacket,2,"harvest_chicken,pick_potato",0.5,3,3
SCDoodadPhaseChangedPacket,SCGamePointChangedPacket,2,"harvest_chicken,pick_potato",0.6667,3,2
SCDoodadPhaseChangedPacket,lifecycle:trace_stopped,2,"harvest_chicken,pick_potato",0.1429,3,13
SCDoodadPhaseChangedPacket,resource:labor_changed,2,"harvest_chicken,pick_potato",0.6667,3,2
SCDoodadRemovedPacket,SCDoodadsCreatedPacket,2,"pick_potato,quest_accept_and_turnin",0.5,2,4
SCDoodadRemovedPacket,SCDoodadsRemovedPacket,2,"pick_potato,quest_accept_and_turnin",0.5,2,4
SCDoodadRemovedPacket,SCErrorMsgPacket,2,"pick_potato,quest_accept_and_turnin",0.6667,2,3
SCDoodadRemovedPacket,SCExpChangedPacket,2,"pick_potato,quest_accept_and_turnin",0.6667,2,3
SCDoodadRemovedPacket,SCICSCashPointPacket,2,"pick_potato,quest_accept_and_turnin",1.0,2,2
SCDoodadRemovedPacket,SCItemTaskSuccessPacket,2,"pick_potato,quest_accept_and_turnin",0.2,2,10
SCDoodadRemovedPacket,SCOneUnitMovementPacket,2,"pick_potato,quest_accept_and_turnin",0.1429,2,14
SCDoodadRemovedPacket,SCSkillEndedPacket,2,"pick_potato,quest_accept_and_turnin",0.2,2,10
SCDoodadRemovedPacket,SCSkillFiredPacket,2,"pick_potato,quest_accept_and_turnin",0.2,2,10
SCDoodadRemovedPacket,SCSkillStartedPacket,2,"pick_potato,quest_accept_and_turnin",0.5,2,4
SCDoodadRemovedPacket,SCTargetChangedPacket,2,"pick_potato,quest_accept_and_turnin",0.1667,2,12
SCDoodadRemovedPacket,SCTimeOfDayPacket,2,"pick_potato,quest_accept_and_turnin",0.1538,2,13
SCDoodadRemovedPacket,SCUnitModelPostureChangedPacket,2,"pick_potato,quest_accept_and_turnin",0.1429,2,14
SCDoodadRemovedPacket,SCUnitPointsPacket,2,"pick_potato,quest_accept_and_turnin",0.2,2,10
SCDoodadRemovedPacket,lifecycle:trace_started,2,"pick_potato,quest_accept_and_turnin",0.1429,2,14
SCDoodadRemovedPacket,lifecycle:trace_stopped,2,"pick_potato,quest_accept_and_turnin",0.1538,2,13
SCDoodadRemovedPacket,movement:move_begin,2,"pick_potato,quest_accept_and_turnin",0.2222,2,9
SCDoodadRemovedPacket,movement:move_stop,2,"pick_potato,quest_accept_and_turnin",0.2222,2,9
SCDoodadRemovedPacket,movement:movement_update,2,"pick_potato,quest_accept_and_turnin",0.4,2,5
SCDoodadRemovedPacket,packet:packet_in,2,"pick_potato,quest_accept_and_turnin",0.1429,2,14
SCDoodadRemovedPacket,packet:packet_out,2,"pick_potato,quest_accept_and_turnin",0.1429,2,14
SCDoodadRemovedPacket,skill:skill_requested,2,"pick_potato,quest_accept_and_turnin",0.2222,2,9
SCDoodadsCreatedPacket,SCErrorMsgPacket,2,"pick_potato,quest_accept_and_turnin",0.4,4,3
SCDoodadsCreatedPacket,SCExpChangedPacket,2,"pick_potato,quest_accept_and_turnin",0.4,4,3
SCDoodadsCreatedPacket,SCICSCashPointPacket,2,"pick_potato,quest_accept_and_turnin",0.5,4,2
SCDoodadsRemovedPacket,SCErrorMsgPacket,2,"pick_potato,quest_accept_and_turnin",0.4,4,3
SCDoodadsRemovedPacket,SCExpChangedPacket,2,"pick_potato,quest_accept_and_turnin",0.4,4,3
SCDoodadsRemovedPacket,SCICSCashPointPacket,2,"pick_potato,quest_accept_and_turnin",0.5,4,2
SCErrorMsgPacket,SCGamePointChangedPacket,2,"harvest_chicken,pick_potato",0.6667,3,2
SCErrorMsgPacket,SCICSCashPointPacket,2,"pick_potato,quest_accept_and_turnin",0.6667,3,2
SCErrorMsgPacket,interaction:doodad_use,2,"harvest_chicken,pick_potato",0.5,3,3
SCErrorMsgPacket,movement:movement_update,2,"pick_potato,quest_accept_and_turnin",0.3333,3,5
SCErrorMsgPacket,resource:labor_changed,2,"harvest_chicken,pick_potato",0.6667,3,2
SCErrorMsgPacket,skill:cast_started,2,"harvest_chicken,pick_potato",0.5,3,3
SCErrorMsgPacket,world:doodad_phase_changed,2,"harvest_chicken,pick_potato",0.4,3,4
SCExpChangedPacket,SCGamePointChangedPacket,2,"harvest_chicken,pick_potato",0.6667,3,2
SCExpChangedPacket,SCICSCashPointPacket,2,"pick_potato,quest_accept_and_turnin",0.6667,3,2
SCExpChangedPacket,interaction:doodad_use,2,"harvest_chicken,pick_potato",0.5,3,3
SCExpChangedPacket,movement:movement_update,2,"pick_potato,quest_accept_and_turnin",0.3333,3,5
SCExpChangedPacket,resource:labor_changed,2,"harvest_chicken,pick_potato",0.6667,3,2
SCExpChangedPacket,skill:cast_started,2,"harvest_chicken,pick_potato",0.5,3,3
SCExpChangedPacket,world:doodad_phase_changed,2,"harvest_chicken,pick_potato",0.4,3,4
SCGamePointChangedPacket,SCItemTaskSuccessPacket,2,"harvest_chicken,pick_potato",0.2,2,10
SCGamePointChangedPacket,SCOneUnitMovementPacket,2,"harvest_chicken,pick_potato",0.1429,2,14
SCGamePointChangedPacket,SCSkillEndedPacket,2,"harvest_chicken,pick_potato",0.2,2,10
SCGamePointChangedPacket,SCSkillFiredPacket,2,"harvest_chicken,pick_potato",0.2,2,10
SCGamePointChangedPacket,SCSkillStartedPacket,2,"harvest_chicken,pick_potato",0.5,2,4
SCGamePointChangedPacket,SCTargetChangedPacket,2,"harvest_chicken,pick_potato",0.1667,2,12
SCGamePointChangedPacket,SCTimeOfDayPacket,2,"harvest_chicken,pick_potato",0.1538,2,13
SCGamePointChangedPacket,SCUnitModelPostureChangedPacket,2,"harvest_chicken,pick_potato",0.1429,2,14
SCGamePointChangedPacket,SCUnitPointsPacket,2,"harvest_chicken,pick_potato",0.2,2,10
SCGamePointChangedPacket,interaction:doodad_use,2,"harvest_chicken,pick_potato",0.6667,2,3
SCGamePointChangedPacket,lifecycle:trace_started,2,"harvest_chicken,pick_potato",0.1429,2,14
SCGamePointChangedPacket,lifecycle:trace_stopped,2,"harvest_chicken,pick_potato",0.1538,2,13
SCGamePointChangedPacket,movement:move_begin,2,"harvest_chicken,pick_potato",0.2222,2,9
SCGamePointChangedPacket,movement:move_stop,2,"harvest_chicken,pick_potato",0.2222,2,9
SCGamePointChangedPacket,packet:packet_in,2,"harvest_chicken,pick_potato",0.1429,2,14
SCGamePointChangedPacket,packet:packet_out,2,"harvest_chicken,pick_potato",0.1429,2,14
SCGamePointChangedPacket,resource:labor_changed,2,"harvest_chicken,pick_potato",1.0,2,2
SCGamePointChangedPacket,skill:cast_started,2,"harvest_chicken,pick_potato",0.6667,2,3
SCGamePointChangedPacket,skill:skill_requested,2,"harvest_chicken,pick_potato",0.2222,2,9
SCGamePointChangedPacket,world:doodad_phase_changed,2,"harvest_chicken,pick_potato",0.5,2,4
SCICSCashPointPacket,SCItemTaskSuccessPacket,2,"pick_potato,quest_accept_and_turnin",0.2,2,10
SCICSCashPointPacket,SCOneUnitMovementPacket,2,"pick_potato,quest_accept_and_turnin",0.1429,2,14
SCICSCashPointPacket,SCSkillEndedPacket,2,"pick_potato,quest_accept_and_turnin",0.2,2,10
SCICSCashPointPacket,SCSkillFiredPacket,2,"pick_potato,quest_accept_and_turnin",0.2,2,10
SCICSCashPointPacket,SCSkillStartedPacket,2,"pick_potato,quest_accept_and_turnin",0.5,2,4
SCICSCashPointPacket,SCTargetChangedPacket,2,"pick_potato,quest_accept_and_turnin",0.1667,2,12
SCICSCashPointPacket,SCTimeOfDayPacket,2,"pick_potato,quest_accept_and_turnin",0.1538,2,13
SCICSCashPointPacket,SCUnitModelPostureChangedPacket,2,"pick_potato,quest_accept_and_turnin",0.1429,2,14
SCICSCashPointPacket,SCUnitPointsPacket,2,"pick_potato,quest_accept_and_turnin",0.2,2,10
SCICSCashPointPacket,lifecycle:trace_started,2,"pick_potato,quest_accept_and_turnin",0.1429,2,14
SCICSCashPointPacket,lifecycle:trace_stopped,2,"pick_potato,quest_accept_and_turnin",0.1538,2,13
SCICSCashPointPacket,movement:move_begin,2,"pick_potato,quest_accept_and_turnin",0.2222,2,9
SCICSCashPointPacket,movement:move_stop,2,"pick_potato,quest_accept_and_turnin",0.2222,2,9
SCICSCashPointPacket,movement:movement_update,2,"pick_potato,quest_accept_and_turnin",0.4,2,5
SCICSCashPointPacket,packet:packet_in,2,"pick_potato,quest_accept_and_turnin",0.1429,2,14
SCICSCashPointPacket,packet:packet_out,2,"pick_potato,quest_accept_and_turnin",0.1429,2,14
SCICSCashPointPacket,skill:skill_requested,2,"pick_potato,quest_accept_and_turnin",0.2222,2,9
SCItemTaskSuccessPacket,resource:labor_changed,2,"harvest_chicken,pick_potato",0.2,10,2
SCOneUnitMovementPacket,resource:labor_changed,2,"harvest_chicken,pick_potato",0.1429,14,2
SCSkillEndedPacket,resource:labor_changed,2,"harvest_chicken,pick_potato",0.2,10,2
SCSkillFiredPacket,resource:labor_changed,2,"harvest_chicken,pick_potato",0.2,10,2
SCSkillStartedPacket,resource:labor_changed,2,"harvest_chicken,pick_potato",0.5,4,2
SCTargetChangedPacket,resource:labor_changed,2,"harvest_chicken,pick_potato",0.1667,12,2
SCTimeOfDayPacket,resource:labor_changed,2,"harvest_chicken,pick_potato",0.1538,13,2
SCUnitModelPostureChangedPacket,resource:labor_changed,2,"harvest_chicken,pick_potato",0.1429,14,2
SCUnitPointsPacket,resource:labor_changed,2,"harvest_chicken,pick_potato",0.2,10,2
interaction:doodad_use,lifecycle:trace_stopped,2,"harvest_chicken,pick_potato",0.1429,3,13
interaction:doodad_use,resource:labor_changed,2,"harvest_chicken,pick_potato",0.6667,3,2
lifecycle:trace_started,resource:labor_changed,2,"harvest_chicken,pick_potato",0.1429,14,2
lifecycle:trace_stopped,resource:labor_changed,2,"harvest_chicken,pick_potato",0.1538,13,2
lifecycle:trace_stopped,skill:cast_started,2,"harvest_chicken,pick_potato",0.1429,13,3
movement:move_begin,resource:labor_changed,2,"harvest_chicken,pick_potato",0.2222,9,2
movement:move_stop,resource:labor_changed,2,"harvest_chicken,pick_potato",0.2222,9,2
packet:packet_in,resource:labor_changed,2,"harvest_chicken,pick_potato",0.1429,14,2
packet:packet_out,resource:labor_changed,2,"harvest_chicken,pick_potato",0.1429,14,2
resource:labor_changed,skill:cast_started,2,"harvest_chicken,pick_potato",0.6667,2,3
resource:labor_changed,skill:skill_requested,2,"harvest_chicken,pick_potato",0.2222,2,9
resource:labor_changed,world:doodad_phase_changed,2,"harvest_chicken,pick_potato",0.5,2,4
CSChangeMateTargetPacket,CSChangeTargetPacket,2,"mount_horse,quest_accept_and_turnin",0.2,3,9
CSChangeMateTargetPacket,CSMountMatePacket,2,"mount_horse,quest_accept_and_turnin",0.6667,3,2
CSChangeMateTargetPacket,SCUnitAttachedPacket,2,"mount_horse,quest_accept_and_turnin",0.6667,3,2
CSChangeTargetPacket,CSCreateSkillControllerPacket,2,"mount_horse,quest_accept_and_turnin",0.1818,9,4
CSChangeTargetPacket,CSMountMatePacket,2,"mount_horse,quest_accept_and_turnin",0.2222,9,2
CSChangeTargetPacket,SCMateSpawnedPacket,2,"mount_horse,quest_accept_and_turnin",0.2,9,3
CSChangeTargetPacket,SCMateStatePacket,2,"mount_horse,quest_accept_and_turnin",0.2,9,3
CSChangeTargetPacket,SCUnitAttachedPacket,2,"mount_horse,quest_accept_and_turnin",0.2222,9,2
CSChangeTargetPacket,SCUnitDamagedPacket,2,"combat_basic_ranged,quest_accept_and_turnin",0.2222,9,2
CSChangeTargetPacket,SCUnitStatePacket,2,"mount_horse,quest_accept_and_turnin",0.1818,9,4
CSCreateSkillControllerPacket,CSMountMatePacket,2,"mount_horse,quest_accept_and_turnin",0.5,4,2
CSCreateSkillControllerPacket,CSUnMountMatePacket,2,"dismount_horse,quest_accept_and_turnin",0.5,4,2
CSCreateSkillControllerPacket,SCUnitAttachedPacket,2,"mount_horse,quest_accept_and_turnin",0.5,4,2
CSCreateSkillControllerPacket,SCUnitDetachedPacket,2,"dismount_horse,quest_accept_and_turnin",0.5,4,2
CSCreateSkillControllerPacket,movement:movement_update,2,"dismount_horse,quest_accept_and_turnin",0.2857,4,5
CSInteractNPCEndPacket,lifecycle:trace_stopped,2,"quest_accept_and_turnin,talk_npc",0.1429,3,13
CSMountMatePacket,CSMoveUnitPacket,2,"mount_horse,quest_accept_and_turnin",0.1429,2,14
CSMountMatePacket,CSStartSkillPacket,2,"mount_horse,quest_accept_and_turnin",0.2222,2,9
CSMountMatePacket,PingPacket,2,"mount_horse,quest_accept_and_turnin",0.1429,2,14
CSMountMatePacket,PongPacket,2,"mount_horse,quest_accept_and_turnin",0.1429,2,14
CSMountMatePacket,SCChatMessagePacket,2,"mount_horse,quest_accept_and_turnin",0.1429,2,14
CSMountMatePacket,SCItemTaskSuccessPacket,2,"mount_horse,quest_accept_and_turnin",0.2,2,10
CSMountMatePacket,SCMateSpawnedPacket,2,"mount_horse,quest_accept_and_turnin",0.6667,2,3
CSMountMatePacket,SCMateStatePacket,2,"mount_horse,quest_accept_and_turnin",0.6667,2,3
CSMountMatePacket,SCOneUnitMovementPacket,2,"mount_horse,quest_accept_and_turnin",0.1429,2,14
CSMountMatePacket,SCSkillEndedPacket,2,"mount_horse,quest_accept_and_turnin",0.2,2,10
CSMountMatePacket,SCSkillFiredPacket,2,"mount_horse,quest_accept_and_turnin",0.2,2,10
CSMountMatePacket,SCTargetChangedPacket,2,"mount_horse,quest_accept_and_turnin",0.1667,2,12
CSMountMatePacket,SCTimeOfDayPacket,2,"mount_horse,quest_accept_and_turnin",0.1538,2,13
CSMountMatePacket,SCUnitAttachedPacket,2,"mount_horse,quest_accept_and_turnin",1.0,2,2
CSMountMatePacket,SCUnitModelPostureChangedPacket,2,"mount_horse,quest_accept_and_turnin",0.1429,2,14
CSMountMatePacket,SCUnitPointsPacket,2,"mount_horse,quest_accept_and_turnin",0.2,2,10
CSMountMatePacket,SCUnitStatePacket,2,"mount_horse,quest_accept_and_turnin",0.5,2,4
CSMountMatePacket,lifecycle:trace_started,2,"mount_horse,quest_accept_and_turnin",0.1429,2,14
CSMountMatePacket,lifecycle:trace_stopped,2,"mount_horse,quest_accept_and_turnin",0.1538,2,13
CSMountMatePacket,packet:packet_in,2,"mount_horse,quest_accept_and_turnin",0.1429,2,14
CSMountMatePacket,packet:packet_out,2,"mount_horse,quest_accept_and_turnin",0.1429,2,14
CSMountMatePacket,skill:instant_cast,2,"mount_horse,quest_accept_and_turnin",0.3333,2,6
CSMountMatePacket,skill:skill_requested,2,"mount_horse,quest_accept_and_turnin",0.2222,2,9
CSMoveUnitPacket,CSUnMountMatePacket,2,"dismount_horse,quest_accept_and_turnin",0.1429,14,2
CSMoveUnitPacket,SCUnitAttachedPacket,2,"mount_horse,quest_accept_and_turnin",0.1429,14,2
CSMoveUnitPacket,SCUnitDamagedPacket,2,"combat_basic_ranged,quest_accept_and_turnin",0.1429,14,2
CSMoveUnitPacket,SCUnitDetachedPacket,2,"dismount_horse,quest_accept_and_turnin",0.1429,14,2
CSStartSkillPacket,SCUnitAttachedPacket,2,"mount_horse,quest_accept_and_turnin",0.2222,9,2
CSStartSkillPacket,SCUnitDamagedPacket,2,"combat_basic_ranged,quest_accept_and_turnin",0.2222,9,2
CSUnMountMatePacket,PingPacket,2,"dismount_horse,quest_accept_and_turnin",0.1429,2,14
CSUnMountMatePacket,PongPacket,2,"dismount_horse,quest_accept_and_turnin",0.1429,2,14
CSUnMountMatePacket,SCChatMessagePacket,2,"dismount_horse,quest_accept_and_turnin",0.1429,2,14
CSUnMountMatePacket,SCOneUnitMovementPacket,2,"dismount_horse,quest_accept_and_turnin",0.1429,2,14
CSUnMountMatePacket,SCSkillEndedPacket,2,"dismount_horse,quest_accept_and_turnin",0.2,2,10
CSUnMountMatePacket,SCSkillFiredPacket,2,"dismount_horse,quest_accept_and_turnin",0.2,2,10
CSUnMountMatePacket,SCTargetChangedPacket,2,"dismount_horse,quest_accept_and_turnin",0.1667,2,12
CSUnMountMatePacket,SCTimeOfDayPacket,2,"dismount_horse,quest_accept_and_turnin",0.1538,2,13
CSUnMountMatePacket,SCUnitDetachedPacket,2,"dismount_horse,quest_accept_and_turnin",1.0,2,2
CSUnMountMatePacket,SCUnitModelPostureChangedPacket,2,"dismount_horse,quest_accept_and_turnin",0.1429,2,14
CSUnMountMatePacket,SCUnitPointsPacket,2,"dismount_horse,quest_accept_and_turnin",0.2,2,10
CSUnMountMatePacket,lifecycle:trace_started,2,"dismount_horse,quest_accept_and_turnin",0.1429,2,14
CSUnMountMatePacket,lifecycle:trace_stopped,2,"dismount_horse,quest_accept_and_turnin",0.1538,2,13
CSUnMountMatePacket,movement:move_begin,2,"dismount_horse,quest_accept_and_turnin",0.2222,2,9
CSUnMountMatePacket,movement:move_stop,2,"dismount_horse,quest_accept_and_turnin",0.2222,2,9
CSUnMountMatePacket,movement:movement_update,2,"dismount_horse,quest_accept_and_turnin",0.4,2,5
CSUnMountMatePacket,packet:packet_in,2,"dismount_horse,quest_accept_and_turnin",0.1429,2,14
CSUnMountMatePacket,packet:packet_out,2,"dismount_horse,quest_accept_and_turnin",0.1429,2,14
CompressedGamePackets,SCUnitDamagedPacket,2,"combat_basic_ranged,quest_accept_and_turnin",0.5,4,2
FastPingPacket,SCUnitDamagedPacket,2,"combat_basic_ranged,quest_accept_and_turnin",0.6667,3,2
FastPongPacket,SCUnitDamagedPacket,2,"combat_basic_ranged,quest_accept_and_turnin",0.6667,3,2
PingPacket,SCUnitAttachedPacket,2,"mount_horse,quest_accept_and_turnin",0.1429,14,2
PingPacket,SCUnitDamagedPacket,2,"combat_basic_ranged,quest_accept_and_turnin",0.1429,14,2
PingPacket,SCUnitDetachedPacket,2,"dismount_horse,quest_accept_and_turnin",0.1429,14,2
PongPacket,SCUnitAttachedPacket,2,"mount_horse,quest_accept_and_turnin",0.1429,14,2
PongPacket,SCUnitDamagedPacket,2,"combat_basic_ranged,quest_accept_and_turnin",0.1429,14,2
PongPacket,SCUnitDetachedPacket,2,"dismount_horse,quest_accept_and_turnin",0.1429,14,2
SCAggroTargetChangedPacket,SCUnitDamagedPacket,2,"combat_basic_ranged,quest_accept_and_turnin",0.6667,3,2
SCAiAggroPacket,SCUnitDamagedPacket,2,"combat_basic_ranged,quest_accept_and_turnin",0.2857,7,2
SCBuffCreatedPacket,SCUnitDamagedPacket,2,"combat_basic_ranged,quest_accept_and_turnin",0.6667,3,2
SCBuffRemovedPacket,SCUnitDamagedPacket,2,"combat_basic_ranged,quest_accept_and_turnin",0.6667,3,2
SCChatMessagePacket,SCUnitAttachedPacket,2,"mount_horse,quest_accept_and_turnin",0.1429,14,2
SCChatMessagePacket,SCUnitDamagedPacket,2,"combat_basic_ranged,quest_accept_and_turnin",0.1429,14,2
SCChatMessagePacket,SCUnitDetachedPacket,2,"dismount_horse,quest_accept_and_turnin",0.1429,14,2
SCCombatClearedPacket,SCUnitDamagedPacket,2,"combat_basic_ranged,quest_accept_and_turnin",0.6667,3,2
SCCombatFirstHitPacket,SCUnitDamagedPacket,2,"combat_basic_ranged,quest_accept_and_turnin",0.6667,3,2
SCDoodadCreatedPacket,lifecycle:trace_stopped,2,"place_chick,quest_accept_and_turnin",0.1429,3,13
SCItemTaskSuccessPacket,SCUnitAttachedPacket,2,"mount_horse,quest_accept_and_turnin",0.2,10,2
SCMateSpawnedPacket,SCUnitAttachedPacket,2,"mount_horse,quest_accept_and_turnin",0.6667,3,2
SCMateStatePacket,SCUnitAttachedPacket,2,"mount_horse,quest_accept_and_turnin",0.6667,3,2
SCOneUnitMovementPacket,SCUnitAttachedPacket,2,"mount_horse,quest_accept_and_turnin",0.1429,14,2
SCOneUnitMovementPacket,SCUnitDamagedPacket,2,"combat_basic_ranged,quest_accept_and_turnin",0.1429,14,2
SCOneUnitMovementPacket,SCUnitDetachedPacket,2,"dismount_horse,quest_accept_and_turnin",0.1429,14,2
SCQuestContextUpdatedPacket,SCUnitDamagedPacket,2,"combat_basic_ranged,quest_accept_and_turnin",0.6667,3,2
SCSkillEndedPacket,SCUnitAttachedPacket,2,"mount_horse,quest_accept_and_turnin",0.2,10,2
SCSkillEndedPacket,SCUnitDamagedPacket,2,"combat_basic_ranged,quest_accept_and_turnin",0.2,10,2
SCSkillEndedPacket,SCUnitDetachedPacket,2,"dismount_horse,quest_accept_and_turnin",0.2,10,2
SCSkillFiredPacket,SCUnitAttachedPacket,2,"mount_horse,quest_accept_and_turnin",0.2,10,2
SCSkillFiredPacket,SCUnitDamagedPacket,2,"combat_basic_ranged,quest_accept_and_turnin",0.2,10,2
SCSkillFiredPacket,SCUnitDetachedPacket,2,"dismount_horse,quest_accept_and_turnin",0.2,10,2
SCTargetChangedPacket,SCUnitAttachedPacket,2,"mount_horse,quest_accept_and_turnin",0.1667,12,2
SCTargetChangedPacket,SCUnitDamagedPacket,2,"combat_basic_ranged,quest_accept_and_turnin",0.1667,12,2
SCTargetChangedPacket,SCUnitDetachedPacket,2,"dismount_horse,quest_accept_and_turnin",0.1667,12,2
SCTimeOfDayPacket,SCUnitAttachedPacket,2,"mount_horse,quest_accept_and_turnin",0.1538,13,2
SCTimeOfDayPacket,SCUnitDamagedPacket,2,"combat_basic_ranged,quest_accept_and_turnin",0.1538,13,2
SCTimeOfDayPacket,SCUnitDetachedPacket,2,"dismount_horse,quest_accept_and_turnin",0.1538,13,2
SCUnitAttachedPacket,SCUnitModelPostureChangedPacket,2,"mount_horse,quest_accept_and_turnin",0.1429,2,14
SCUnitAttachedPacket,SCUnitPointsPacket,2,"mount_horse,quest_accept_and_turnin",0.2,2,10
SCUnitAttachedPacket,SCUnitStatePacket,2,"mount_horse,quest_accept_and_turnin",0.5,2,4
SCUnitAttachedPacket,lifecycle:trace_started,2,"mount_horse,quest_accept_and_turnin",0.1429,2,14
SCUnitAttachedPacket,lifecycle:trace_stopped,2,"mount_horse,quest_accept_and_turnin",0.1538,2,13
SCUnitAttachedPacket,packet:packet_in,2,"mount_horse,quest_accept_and_turnin",0.1429,2,14
SCUnitAttachedPacket,packet:packet_out,2,"mount_horse,quest_accept_and_turnin",0.1429,2,14
SCUnitAttachedPacket,skill:instant_cast,2,"mount_horse,quest_accept_and_turnin",0.3333,2,6
SCUnitAttachedPacket,skill:skill_requested,2,"mount_horse,quest_accept_and_turnin",0.2222,2,9
SCUnitDamagedPacket,SCUnitDeathPacket,2,"combat_basic_ranged,quest_accept_and_turnin",0.6667,2,3
SCUnitDamagedPacket,SCUnitModelPostureChangedPacket,2,"combat_basic_ranged,quest_accept_and_turnin",0.1429,2,14
SCUnitDamagedPacket,SCUnitPointsPacket,2,"combat_basic_ranged,quest_accept_and_turnin",0.2,2,10
SCUnitDamagedPacket,lifecycle:trace_started,2,"combat_basic_ranged,quest_accept_and_turnin",0.1429,2,14
SCUnitDamagedPacket,lifecycle:trace_stopped,2,"combat_basic_ranged,quest_accept_and_turnin",0.1538,2,13
SCUnitDamagedPacket,packet:packet_in,2,"combat_basic_ranged,quest_accept_and_turnin",0.1429,2,14
SCUnitDamagedPacket,packet:packet_out,2,"combat_basic_ranged,quest_accept_and_turnin",0.1429,2,14
SCUnitDamagedPacket,skill:instant_cast,2,"combat_basic_ranged,quest_accept_and_turnin",0.3333,2,6
SCUnitDamagedPacket,skill:skill_requested,2,"combat_basic_ranged,quest_accept_and_turnin",0.2222,2,9
SCUnitDetachedPacket,SCUnitModelPostureChangedPacket,2,"dismount_horse,quest_accept_and_turnin",0.1429,2,14
SCUnitDetachedPacket,SCUnitPointsPacket,2,"dismount_horse,quest_accept_and_turnin",0.2,2,10
SCUnitDetachedPacket,lifecycle:trace_started,2,"dismount_horse,quest_accept_and_turnin",0.1429,2,14
SCUnitDetachedPacket,lifecycle:trace_stopped,2,"dismount_horse,quest_accept_and_turnin",0.1538,2,13
SCUnitDetachedPacket,movement:move_begin,2,"dismount_horse,quest_accept_and_turnin",0.2222,2,9
SCUnitDetachedPacket,movement:move_stop,2,"dismount_horse,quest_accept_and_turnin",0.2222,2,9
SCUnitDetachedPacket,movement:movement_update,2,"dismount_horse,quest_accept_and_turnin",0.4,2,5
SCUnitDetachedPacket,packet:packet_in,2,"dismount_horse,quest_accept_and_turnin",0.1429,2,14
SCUnitDetachedPacket,packet:packet_out,2,"dismount_horse,quest_accept_and_turnin",0.1429,2,14
CSRemoveMatePacket,CSSendChatMessagePacket,1,summon_dismiss_pet,0.0909,2,10
CSSendChatMessagePacket,SCUnitsRemovedPacket,1,summon_dismiss_pet,0.0833,10,3
CSBuyItemsPacket,CSChangeTargetPacket,1,human_potato_plant,0.1,2,9
CSBuyItemsPacket,CSCreateDoodadPacket,1,human_potato_plant,0.3333,2,2
CSBuyItemsPacket,CSInteractNPCEndPacket,1,human_potato_plant,0.25,2,3
CSBuyItemsPacket,CSStartSkillPacket,1,human_potato_plant,0.1,2,9
CSBuyItemsPacket,SCDoodadCreatedPacket,1,human_potato_plant,0.25,2,3
CSBuyItemsPacket,SCDoodadPhaseChangedPacket,1,human_potato_plant,0.25,2,3
CSBuyItemsPacket,SCDoodadsCreatedPacket,1,human_potato_plant,0.2,2,4
CSBuyItemsPacket,SCDoodadsRemovedPacket,1,human_potato_plant,0.2,2,4
CSBuyItemsPacket,SCSkillEndedPacket,1,human_potato_plant,0.0909,2,10
CSBuyItemsPacket,SCSkillFiredPacket,1,human_potato_plant,0.0909,2,10
CSBuyItemsPacket,SCSkillStartedPacket,1,human_potato_plant,0.2,2,4
CSBuyItemsPacket,SCTargetChangedPacket,1,human_potato_plant,0.0769,2,12
CSBuyItemsPacket,SCUnitPointsPacket,1,human_potato_plant,0.0909,2,10
CSBuyItemsPacket,interaction:doodad_use,1,human_potato_plant,0.25,2,3
CSBuyItemsPacket,marker:mark,1,human_potato_plant,0.5,2,1
CSBuyItemsPacket,movement:move_begin,1,human_potato_plant,0.1,2,9
CSBuyItemsPacket,movement:move_stop,1,human_potato_plant,0.1,2,9
CSBuyItemsPacket,movement:movement_update,1,human_potato_plant,0.1667,2,5
CSBuyItemsPacket,skill:cast_started,1,human_potato_plant,0.25,2,3
CSBuyItemsPacket,skill:skill_requested,1,human_potato_plant,0.1,2,9
CSBuyItemsPacket,world:doodad_created,1,human_potato_plant,0.3333,2,2
CSBuyItemsPacket,world:doodad_phase_changed,1,human_potato_plant,0.2,2,4
CSChangeTargetPacket,CSCreateDoodadPacket,1,human_potato_plant,0.1,9,2
CSChangeTargetPacket,marker:mark,1,human_potato_plant,0.1111,9,1
CSChangeTargetPacket,world:doodad_created,1,human_potato_plant,0.1,9,2
CSCreateDoodadPacket,CSInteractNPCEndPacket,1,human_potato_plant,0.25,2,3
CSCreateDoodadPacket,CSInteractNPCPacket,1,human_potato_plant,0.1429,2,6
CSCreateDoodadPacket,CSStartInteractionPacket,1,human_potato_plant,0.1429,2,6
CSCreateDoodadPacket,CSStartSkillPacket,1,human_potato_plant,0.1,2,9
CSCreateDoodadPacket,SCAiAggroPacket,1,human_potato_plant,0.125,2,7
CSCreateDoodadPacket,SCDoodadPhaseChangedPacket,1,human_potato_plant,0.25,2,3
CSCreateDoodadPacket,SCDoodadsCreatedPacket,1,human_potato_plant,0.2,2,4
CSCreateDoodadPacket,SCDoodadsRemovedPacket,1,human_potato_plant,0.2,2,4
CSCreateDoodadPacket,SCNpcInteractionSkillListPacket,1,human_potato_plant,0.1429,2,6
CSCreateDoodadPacket,SCSkillEndedPacket,1,human_potato_plant,0.0909,2,10
CSCreateDoodadPacket,SCSkillFiredPacket,1,human_potato_plant,0.0909,2,10
CSCreateDoodadPacket,SCSkillStartedPacket,1,human_potato_plant,0.2,2,4
CSCreateDoodadPacket,SCTargetChangedPacket,1,human_potato_plant,0.0769,2,12
CSCreateDoodadPacket,SCTimeOfDayPacket,1,human_potato_plant,0.0714,2,13
CSCreateDoodadPacket,SCUnitPointsPacket,1,human_potato_plant,0.0909,2,10
CSCreateDoodadPacket,interaction:doodad_use,1,human_potato_plant,0.25,2,3
CSCreateDoodadPacket,marker:mark,1,human_potato_plant,0.5,2,1
CSCreateDoodadPacket,movement:move_begin,1,human_potato_plant,0.1,2,9
CSCreateDoodadPacket,movement:move_stop,1,human_potato_plant,0.1,2,9
CSCreateDoodadPacket,movement:movement_update,1,human_potato_plant,0.1667,2,5
CSCreateDoodadPacket,resource:money_changed,1,human_potato_plant,0.2,2,4
CSCreateDoodadPacket,skill:cast_started,1,human_potato_plant,0.25,2,3
CSCreateDoodadPacket,skill:skill_requested,1,human_potato_plant,0.1,2,9
CSInteractNPCEndPacket,SCDoodadPhaseChangedPacket,1,human_potato_plant,0.2,3,3
CSInteractNPCEndPacket,interaction:doodad_use,1,human_potato_plant,0.2,3,3
CSInteractNPCEndPacket,marker:mark,1,human_potato_plant,0.3333,3,1
CSInteractNPCEndPacket,skill:cast_started,1,human_potato_plant,0.2,3,3
CSInteractNPCEndPacket,world:doodad_created,1,human_potato_plant,0.25,3,2
CSInteractNPCEndPacket,world:doodad_phase_changed,1,human_potato_plant,0.1667,3,4
CSInteractNPCPacket,SCDoodadPhaseChangedPacket,1,human_potato_plant,0.125,6,3
CSInteractNPCPacket,interaction:doodad_use,1,human_potato_plant,0.125,6,3
CSInteractNPCPacket,marker:mark,1,human_potato_plant,0.1667,6,1
CSInteractNPCPacket,skill:cast_started,1,human_potato_plant,0.125,6,3
CSInteractNPCPacket,world:doodad_created,1,human_potato_plant,0.1429,6,2
CSInteractNPCPacket,world:doodad_phase_changed,1,human_potato_plant,0.1111,6,4
CSMoveUnitPacket,marker:mark,1,human_potato_plant,0.0714,14,1
CSSendChatMessagePacket,marker:mark,1,human_potato_plant,0.1,10,1
CSStartInteractionPacket,SCDoodadPhaseChangedPacket,1,human_potato_plant,0.125,6,3
CSStartInteractionPacket,interaction:doodad_use,1,human_potato_plant,0.125,6,3
CSStartInteractionPacket,marker:mark,1,human_potato_plant,0.1667,6,1
CSStartInteractionPacket,skill:cast_started,1,human_potato_plant,0.125,6,3
CSStartInteractionPacket,world:doodad_created,1,human_potato_plant,0.1429,6,2
CSStartInteractionPacket,world:doodad_phase_changed,1,human_potato_plant,0.1111,6,4
CSStartSkillPacket,marker:mark,1,human_potato_plant,0.1111,9,1
CSStartSkillPacket,world:doodad_created,1,human_potato_plant,0.1,9,2
PingPacket,marker:mark,1,human_potato_plant,0.0714,14,1
PongPacket,marker:mark,1,human_potato_plant,0.0714,14,1
SCAiAggroPacket,SCDoodadPhaseChangedPacket,1,human_potato_plant,0.1111,7,3
SCAiAggroPacket,interaction:doodad_use,1,human_potato_plant,0.1111,7,3
SCAiAggroPacket,marker:mark,1,human_potato_plant,0.1429,7,1
SCAiAggroPacket,skill:cast_started,1,human_potato_plant,0.1111,7,3
SCAiAggroPacket,world:doodad_created,1,human_potato_plant,0.125,7,2
SCAiAggroPacket,world:doodad_phase_changed,1,human_potato_plant,0.1,7,4
SCChatMessagePacket,marker:mark,1,human_potato_plant,0.0714,14,1
SCDoodadCreatedPacket,SCDoodadPhaseChangedPacket,1,human_potato_plant,0.2,3,3
SCDoodadCreatedPacket,interaction:doodad_use,1,human_potato_plant,0.2,3,3
SCDoodadCreatedPacket,marker:mark,1,human_potato_plant,0.3333,3,1
SCDoodadCreatedPacket,skill:cast_started,1,human_potato_plant,0.2,3,3
SCDoodadPhaseChangedPacket,SCNpcInteractionSkillListPacket,1,human_potato_plant,0.125,3,6
SCDoodadPhaseChangedPacket,marker:mark,1,human_potato_plant,0.3333,3,1
SCDoodadPhaseChangedPacket,resource:money_changed,1,human_potato_plant,0.1667,3,4
SCDoodadPhaseChangedPacket,world:doodad_created,1,human_potato_plant,0.25,3,2
SCDoodadsCreatedPacket,marker:mark,1,human_potato_plant,0.25,4,1
SCDoodadsCreatedPacket,world:doodad_created,1,human_potato_plant,0.2,4,2
SCDoodadsRemovedPacket,marker:mark,1,human_potato_plant,0.25,4,1
SCDoodadsRemovedPacket,world:doodad_created,1,human_potato_plant,0.2,4,2
SCItemTaskSuccessPacket,marker:mark,1,human_potato_plant,0.1,10,1
SCNpcInteractionSkillListPacket,interaction:doodad_use,1,human_potato_plant,0.125,6,3
SCNpcInteractionSkillListPacket,marker:mark,1,human_potato_plant,0.1667,6,1
SCNpcInteractionSkillListPacket,skill:cast_started,1,human_potato_plant,0.125,6,3
SCNpcInteractionSkillListPacket,world:doodad_created,1,human_potato_plant,0.1429,6,2
SCNpcInteractionSkillListPacket,world:doodad_phase_changed,1,human_potato_plant,0.1111,6,4
SCOneUnitMovementPacket,marker:mark,1,human_potato_plant,0.0714,14,1
SCSkillEndedPacket,marker:mark,1,human_potato_plant,0.1,10,1
SCSkillEndedPacket,world:doodad_created,1,human_potato_plant,0.0909,10,2
SCSkillFiredPacket,marker:mark,1,human_potato_plant,0.1,10,1
SCSkillFiredPacket,world:doodad_created,1,human_potato_plant,0.0909,10,2
SCSkillStartedPacket,marker:mark,1,human_potato_plant,0.25,4,1
SCSkillStartedPacket,world:doodad_created,1,human_potato_plant,0.2,4,2
SCTargetChangedPacket,marker:mark,1,human_potato_plant,0.0833,12,1
SCTargetChangedPacket,world:doodad_created,1,human_potato_plant,0.0769,12,2
SCTimeOfDayPacket,marker:mark,1,human_potato_plant,0.0769,13,1
SCTimeOfDayPacket,world:doodad_created,1,human_potato_plant,0.0714,13,2
SCUnitModelPostureChangedPacket,marker:mark,1,human_potato_plant,0.0714,14,1
SCUnitPointsPacket,marker:mark,1,human_potato_plant,0.1,10,1
SCUnitPointsPacket,world:doodad_created,1,human_potato_plant,0.0909,10,2
interaction:doodad_use,marker:mark,1,human_potato_plant,0.3333,3,1
interaction:doodad_use,resource:money_changed,1,human_potato_plant,0.1667,3,4
interaction:doodad_use,world:doodad_created,1,human_potato_plant,0.25,3,2
lifecycle:trace_started,marker:mark,1,human_potato_plant,0.0714,14,1
marker:mark,movement:move_begin,1,human_potato_plant,0.1111,1,9
marker:mark,movement:move_stop,1,human_potato_plant,0.1111,1,9
marker:mark,movement:movement_update,1,human_potato_plant,0.2,1,5
marker:mark,packet:packet_in,1,human_potato_plant,0.0714,1,14
marker:mark,packet:packet_out,1,human_potato_plant,0.0714,1,14
marker:mark,resource:money_changed,1,human_potato_plant,0.25,1,4
marker:mark,skill:cast_started,1,human_potato_plant,0.3333,1,3
marker:mark,skill:skill_requested,1,human_potato_plant,0.1111,1,9
marker:mark,world:doodad_created,1,human_potato_plant,0.5,1,2
marker:mark,world:doodad_phase_changed,1,human_potato_plant,0.25,1,4
movement:move_begin,world:doodad_created,1,human_potato_plant,0.1,9,2
movement:move_stop,world:doodad_created,1,human_potato_plant,0.1,9,2
movement:movement_update,world:doodad_created,1,human_potato_plant,0.1667,5,2
resource:money_changed,skill:cast_started,1,human_potato_plant,0.1667,4,3
resource:money_changed,world:doodad_created,1,human_potato_plant,0.2,4,2
resource:money_changed,world:doodad_phase_changed,1,human_potato_plant,0.1429,4,4
skill:cast_started,world:doodad_created,1,human_potato_plant,0.25,3,2
skill:skill_requested,world:doodad_created,1,human_potato_plant,0.1,9,2
CSChangeTargetPacket,CSListSoldItemPacket,1,sell_items,0.1111,9,1
CSChangeTargetPacket,CSSellItemsPacket,1,sell_items,0.1111,9,1
CSChangeTargetPacket,SCGotMailPacket,1,sell_items,0.1111,9,1
CSChangeTargetPacket,SCSoldItemListPacket,1,sell_items,0.1111,9,1
CSInteractNPCPacket,CSListSoldItemPacket,1,sell_items,0.1667,6,1
CSInteractNPCPacket,CSSellItemsPacket,1,sell_items,0.1667,6,1
CSInteractNPCPacket,SCGotMailPacket,1,sell_items,0.1667,6,1
CSInteractNPCPacket,SCSoldItemListPacket,1,sell_items,0.1667,6,1
CSListSoldItemPacket,CSMoveUnitPacket,1,sell_items,0.0714,1,14
CSListSoldItemPacket,CSSellItemsPacket,1,sell_items,1.0,1,1
CSListSoldItemPacket,CSSendChatMessagePacket,1,sell_items,0.1,1,10
CSListSoldItemPacket,CSStartInteractionPacket,1,sell_items,0.1667,1,6
CSListSoldItemPacket,PingPacket,1,sell_items,0.0714,1,14
CSListSoldItemPacket,PongPacket,1,sell_items,0.0714,1,14
CSListSoldItemPacket,SCAiAggroPacket,1,sell_items,0.1429,1,7
CSListSoldItemPacket,SCChatMessagePacket,1,sell_items,0.0714,1,14
CSListSoldItemPacket,SCGotMailPacket,1,sell_items,1.0,1,1
CSListSoldItemPacket,SCItemTaskSuccessPacket,1,sell_items,0.1,1,10
CSListSoldItemPacket,SCNpcInteractionSkillListPacket,1,sell_items,0.1667,1,6
CSListSoldItemPacket,SCOneUnitMovementPacket,1,sell_items,0.0714,1,14
CSListSoldItemPacket,SCSoldItemListPacket,1,sell_items,1.0,1,1
CSListSoldItemPacket,SCTargetChangedPacket,1,sell_items,0.0833,1,12
CSListSoldItemPacket,SCTimeOfDayPacket,1,sell_items,0.0769,1,13
CSListSoldItemPacket,SCUnitModelPostureChangedPacket,1,sell_items,0.0714,1,14
CSListSoldItemPacket,lifecycle:trace_started,1,sell_items,0.0714,1,14
CSListSoldItemPacket,lifecycle:trace_stopped,1,sell_items,0.0769,1,13
CSListSoldItemPacket,movement:move_begin,1,sell_items,0.1111,1,9
CSListSoldItemPacket,movement:move_stop,1,sell_items,0.1111,1,9
CSListSoldItemPacket,packet:packet_in,1,sell_items,0.0714,1,14
CSListSoldItemPacket,packet:packet_out,1,sell_items,0.0714,1,14
CSListSoldItemPacket,resource:money_changed,1,sell_items,0.25,1,4
CSMoveUnitPacket,CSSellItemsPacket,1,sell_items,0.0714,14,1
CSMoveUnitPacket,SCGotMailPacket,1,sell_items,0.0714,14,1
CSMoveUnitPacket,SCSoldItemListPacket,1,sell_items,0.0714,14,1
CSSellItemsPacket,CSSendChatMessagePacket,1,sell_items,0.1,1,10
CSSellItemsPacket,CSStartInteractionPacket,1,sell_items,0.1667,1,6
CSSellItemsPacket,PingPacket,1,sell_items,0.0714,1,14
CSSellItemsPacket,PongPacket,1,sell_items,0.0714,1,14
CSSellItemsPacket,SCAiAggroPacket,1,sell_items,0.1429,1,7
CSSellItemsPacket,SCChatMessagePacket,1,sell_items,0.0714,1,14
CSSellItemsPacket,SCGotMailPacket,1,sell_items,1.0,1,1
CSSellItemsPacket,SCItemTaskSuccessPacket,1,sell_items,0.1,1,10
CSSellItemsPacket,SCNpcInteractionSkillListPacket,1,sell_items,0.1667,1,6
CSSellItemsPacket,SCOneUnitMovementPacket,1,sell_items,0.0714,1,14
CSSellItemsPacket,SCSoldItemListPacket,1,sell_items,1.0,1,1
CSSellItemsPacket,SCTargetChangedPacket,1,sell_items,0.0833,1,12
CSSellItemsPacket,SCTimeOfDayPacket,1,sell_items,0.0769,1,13
CSSellItemsPacket,SCUnitModelPostureChangedPacket,1,sell_items,0.0714,1,14
CSSellItemsPacket,lifecycle:trace_started,1,sell_items,0.0714,1,14
CSSellItemsPacket,lifecycle:trace_stopped,1,sell_items,0.0769,1,13
CSSellItemsPacket,movement:move_begin,1,sell_items,0.1111,1,9
CSSellItemsPacket,movement:move_stop,1,sell_items,0.1111,1,9
CSSellItemsPacket,packet:packet_in,1,sell_items,0.0714,1,14
CSSellItemsPacket,packet:packet_out,1,sell_items,0.0714,1,14
CSSellItemsPacket,resource:money_changed,1,sell_items,0.25,1,4
CSSendChatMessagePacket,SCGotMailPacket,1,sell_items,0.1,10,1
CSSendChatMessagePacket,SCSoldItemListPacket,1,sell_items,0.1,10,1
CSStartInteractionPacket,SCGotMailPacket,1,sell_items,0.1667,6,1
CSStartInteractionPacket,SCSoldItemListPacket,1,sell_items,0.1667,6,1
PingPacket,SCGotMailPacket,1,sell_items,0.0714,14,1
PingPacket,SCSoldItemListPacket,1,sell_items,0.0714,14,1
PongPacket,SCGotMailPacket,1,sell_items,0.0714,14,1
PongPacket,SCSoldItemListPacket,1,sell_items,0.0714,14,1
SCAiAggroPacket,SCGotMailPacket,1,sell_items,0.1429,7,1
SCAiAggroPacket,SCSoldItemListPacket,1,sell_items,0.1429,7,1
SCChatMessagePacket,SCGotMailPacket,1,sell_items,0.0714,14,1
SCChatMessagePacket,SCSoldItemListPacket,1,sell_items,0.0714,14,1
SCGotMailPacket,SCItemTaskSuccessPacket,1,sell_items,0.1,1,10
SCGotMailPacket,SCNpcInteractionSkillListPacket,1,sell_items,0.1667,1,6
SCGotMailPacket,SCOneUnitMovementPacket,1,sell_items,0.0714,1,14
SCGotMailPacket,SCSoldItemListPacket,1,sell_items,1.0,1,1
SCGotMailPacket,SCTargetChangedPacket,1,sell_items,0.0833,1,12
SCGotMailPacket,SCTimeOfDayPacket,1,sell_items,0.0769,1,13
SCGotMailPacket,SCUnitModelPostureChangedPacket,1,sell_items,0.0714,1,14
SCGotMailPacket,lifecycle:trace_started,1,sell_items,0.0714,1,14
SCGotMailPacket,lifecycle:trace_stopped,1,sell_items,0.0769,1,13
SCGotMailPacket,movement:move_begin,1,sell_items,0.1111,1,9
SCGotMailPacket,movement:move_stop,1,sell_items,0.1111,1,9
SCGotMailPacket,packet:packet_in,1,sell_items,0.0714,1,14
SCGotMailPacket,packet:packet_out,1,sell_items,0.0714,1,14
SCGotMailPacket,resource:money_changed,1,sell_items,0.25,1,4
SCItemTaskSuccessPacket,SCSoldItemListPacket,1,sell_items,0.1,10,1
SCNpcInteractionSkillListPacket,SCSoldItemListPacket,1,sell_items,0.1667,6,1
SCOneUnitMovementPacket,SCSoldItemListPacket,1,sell_items,0.0714,14,1
SCSoldItemListPacket,SCTargetChangedPacket,1,sell_items,0.0833,1,12
SCSoldItemListPacket,SCTimeOfDayPacket,1,sell_items,0.0769,1,13
SCSoldItemListPacket,SCUnitModelPostureChangedPacket,1,sell_items,0.0714,1,14
SCSoldItemListPacket,lifecycle:trace_started,1,sell_items,0.0714,1,14
SCSoldItemListPacket,lifecycle:trace_stopped,1,sell_items,0.0769,1,13
SCSoldItemListPacket,movement:move_begin,1,sell_items,0.1111,1,9
SCSoldItemListPacket,movement:move_stop,1,sell_items,0.1111,1,9
SCSoldItemListPacket,packet:packet_in,1,sell_items,0.0714,1,14
SCSoldItemListPacket,packet:packet_out,1,sell_items,0.0714,1,14
SCSoldItemListPacket,resource:money_changed,1,sell_items,0.25,1,4
CSBuyItemsPacket,CSSaveTutorialPacket,1,buy_chick,0.5,2,1
CSBuyItemsPacket,SCTutorialSavedPacket,1,buy_chick,0.5,2,1
CSBuyItemsPacket,lifecycle:trace_stopped,1,buy_chick,0.0714,2,13
CSInteractNPCPacket,CSSaveTutorialPacket,1,buy_chick,0.1667,6,1
CSInteractNPCPacket,SCTutorialSavedPacket,1,buy_chick,0.1667,6,1
CSMoveUnitPacket,CSSaveTutorialPacket,1,buy_chick,0.0714,14,1
CSMoveUnitPacket,SCTutorialSavedPacket,1,buy_chick,0.0714,14,1
CSSaveTutorialPacket,CSSendChatMessagePacket,1,buy_chick,0.1,1,10
CSSaveTutorialPacket,CSStartInteractionPacket,1,buy_chick,0.1667,1,6
CSSaveTutorialPacket,PingPacket,1,buy_chick,0.0714,1,14
CSSaveTutorialPacket,PongPacket,1,buy_chick,0.0714,1,14
CSSaveTutorialPacket,SCAiAggroPacket,1,buy_chick,0.1429,1,7
CSSaveTutorialPacket,SCChatMessagePacket,1,buy_chick,0.0714,1,14
CSSaveTutorialPacket,SCItemTaskSuccessPacket,1,buy_chick,0.1,1,10
CSSaveTutorialPacket,SCNpcInteractionSkillListPacket,1,buy_chick,0.1667,1,6
CSSaveTutorialPacket,SCOneUnitMovementPacket,1,buy_chick,0.0714,1,14
CSSaveTutorialPacket,SCTimeOfDayPacket,1,buy_chick,0.0769,1,13
CSSaveTutorialPacket,SCTutorialSavedPacket,1,buy_chick,1.0,1,1
CSSaveTutorialPacket,SCUnitModelPostureChangedPacket,1,buy_chick,0.0714,1,14
CSSaveTutorialPacket,lifecycle:trace_started,1,buy_chick,0.0714,1,14
CSSaveTutorialPacket,lifecycle:trace_stopped,1,buy_chick,0.0769,1,13
CSSaveTutorialPacket,packet:packet_in,1,buy_chick,0.0714,1,14
CSSaveTutorialPacket,packet:packet_out,1,buy_chick,0.0714,1,14
CSSaveTutorialPacket,resource:money_changed,1,buy_chick,0.25,1,4
CSSendChatMessagePacket,SCTutorialSavedPacket,1,buy_chick,0.1,10,1
CSStartInteractionPacket,SCTutorialSavedPacket,1,buy_chick,0.1667,6,1
PingPacket,SCTutorialSavedPacket,1,buy_chick,0.0714,14,1
PongPacket,SCTutorialSavedPacket,1,buy_chick,0.0714,14,1
SCAiAggroPacket,SCTutorialSavedPacket,1,buy_chick,0.1429,7,1
SCChatMessagePacket,SCTutorialSavedPacket,1,buy_chick,0.0714,14,1
SCItemTaskSuccessPacket,SCTutorialSavedPacket,1,buy_chick,0.1,10,1
SCNpcInteractionSkillListPacket,SCTutorialSavedPacket,1,buy_chick,0.1667,6,1
SCOneUnitMovementPacket,SCTutorialSavedPacket,1,buy_chick,0.0714,14,1
SCTimeOfDayPacket,SCTutorialSavedPacket,1,buy_chick,0.0769,13,1
SCTutorialSavedPacket,SCUnitModelPostureChangedPacket,1,buy_chick,0.0714,1,14
SCTutorialSavedPacket,lifecycle:trace_started,1,buy_chick,0.0714,1,14
SCTutorialSavedPacket,lifecycle:trace_stopped,1,buy_chick,0.0769,1,13
SCTutorialSavedPacket,packet:packet_in,1,buy_chick,0.0714,1,14
SCTutorialSavedPacket,packet:packet_out,1,buy_chick,0.0714,1,14
SCTutorialSavedPacket,resource:money_changed,1,buy_chick,0.25,1,4
CSSendChatMessagePacket,SCBmPointPacket,1,pick_potato,0.0909,10,2
CSSendChatMessagePacket,SCDoodadRemovedPacket,1,pick_potato,0.0909,10,2
CSSendChatMessagePacket,SCICSCashPointPacket,1,pick_potato,0.0909,10,2
SCBmPointPacket,SCCharacterLaborPowerChangedPacket,1,pick_potato,0.3333,2,2
SCBmPointPacket,SCDoodadPhaseChangedPacket,1,pick_potato,0.25,2,3
SCBmPointPacket,SCGamePointChangedPacket,1,pick_potato,0.3333,2,2
SCBmPointPacket,interaction:doodad_use,1,pick_potato,0.25,2,3
SCBmPointPacket,resource:labor_changed,1,pick_potato,0.3333,2,2
SCBmPointPacket,skill:cast_started,1,pick_potato,0.25,2,3
SCBmPointPacket,world:doodad_phase_changed,1,pick_potato,0.2,2,4
SCCharacterLaborPowerChangedPacket,SCDoodadRemovedPacket,1,pick_potato,0.3333,2,2
SCCharacterLaborPowerChangedPacket,SCDoodadsCreatedPacket,1,pick_potato,0.2,2,4
SCCharacterLaborPowerChangedPacket,SCDoodadsRemovedPacket,1,pick_potato,0.2,2,4
SCCharacterLaborPowerChangedPacket,SCICSCashPointPacket,1,pick_potato,0.3333,2,2
SCCharacterLaborPowerChangedPacket,movement:movement_update,1,pick_potato,0.1667,2,5
SCDoodadPhaseChangedPacket,SCDoodadRemovedPacket,1,pick_potato,0.25,3,2
SCDoodadPhaseChangedPacket,SCICSCashPointPacket,1,pick_potato,0.25,3,2
SCDoodadRemovedPacket,SCGamePointChangedPacket,1,pick_potato,0.3333,2,2
SCDoodadRemovedPacket,interaction:doodad_use,1,pick_potato,0.25,2,3
SCDoodadRemovedPacket,resource:labor_changed,1,pick_potato,0.3333,2,2
SCDoodadRemovedPacket,skill:cast_started,1,pick_potato,0.25,2,3
SCDoodadRemovedPacket,world:doodad_phase_changed,1,pick_potato,0.2,2,4
SCDoodadsCreatedPacket,SCGamePointChangedPacket,1,pick_potato,0.2,4,2
SCDoodadsCreatedPacket,resource:labor_changed,1,pick_potato,0.2,4,2
SCDoodadsRemovedPacket,SCGamePointChangedPacket,1,pick_potato,0.2,4,2
SCDoodadsRemovedPacket,resource:labor_changed,1,pick_potato,0.2,4,2
SCGamePointChangedPacket,SCICSCashPointPacket,1,pick_potato,0.3333,2,2
SCGamePointChangedPacket,movement:movement_update,1,pick_potato,0.1667,2,5
SCICSCashPointPacket,interaction:doodad_use,1,pick_potato,0.25,2,3
SCICSCashPointPacket,resource:labor_changed,1,pick_potato,0.3333,2,2
SCICSCashPointPacket,skill:cast_started,1,pick_potato,0.25,2,3
SCICSCashPointPacket,world:doodad_phase_changed,1,pick_potato,0.2,2,4
movement:movement_update,resource:labor_changed,1,pick_potato,0.1667,5,2
CSChangeMateTargetPacket,CSCompleteQuestContextPacket,1,quest_accept_and_turnin,0.3333,3,1
CSChangeMateTargetPacket,CSInteractNPCEndPacket,1,quest_accept_and_turnin,0.2,3,3
CSChangeMateTargetPacket,CSInteractNPCPacket,1,quest_accept_and_turnin,0.125,3,6
CSChangeMateTargetPacket,CSNotifySubZonePacket,1,quest_accept_and_turnin,0.3333,3,1
CSChangeMateTargetPacket,CSStartInteractionPacket,1,quest_accept_and_turnin,0.125,3,6
CSChangeMateTargetPacket,CSStartQuestContextPacket,1,quest_accept_and_turnin,0.3333,3,1
CSChangeMateTargetPacket,CSUnMountMatePacket,1,quest_accept_and_turnin,0.25,3,2
CSChangeMateTargetPacket,CSUpdateActionSlotPacket,1,quest_accept_and_turnin,0.3333,3,1
CSChangeMateTargetPacket,CompressedGamePackets,1,quest_accept_and_turnin,0.1667,3,4
CSChangeMateTargetPacket,FastPingPacket,1,quest_accept_and_turnin,0.2,3,3
CSChangeMateTargetPacket,FastPongPacket,1,quest_accept_and_turnin,0.2,3,3
CSChangeMateTargetPacket,SCAggroTargetChangedPacket,1,quest_accept_and_turnin,0.2,3,3
CSChangeMateTargetPacket,SCAiAggroPacket,1,quest_accept_and_turnin,0.1111,3,7
CSChangeMateTargetPacket,SCBmPointPacket,1,quest_accept_and_turnin,0.25,3,2
CSChangeMateTargetPacket,SCBuffCreatedPacket,1,quest_accept_and_turnin,0.2,3,3
CSChangeMateTargetPacket,SCBuffRemovedPacket,1,quest_accept_and_turnin,0.2,3,3
CSChangeMateTargetPacket,SCCastingStoppedPacket,1,quest_accept_and_turnin,0.3333,3,1
CSChangeMateTargetPacket,SCChatBubblePacket,1,quest_accept_and_turnin,0.3333,3,1
CSChangeMateTargetPacket,SCCombatClearedPacket,1,quest_accept_and_turnin,0.2,3,3
CSChangeMateTargetPacket,SCCombatFirstHitPacket,1,quest_accept_and_turnin,0.2,3,3
CSChangeMateTargetPacket,SCDoodadCreatedPacket,1,quest_accept_and_turnin,0.2,3,3
CSChangeMateTargetPacket,SCDoodadRemovedPacket,1,quest_accept_and_turnin,0.25,3,2
CSChangeMateTargetPacket,SCDoodadsCreatedPacket,1,quest_accept_and_turnin,0.1667,3,4
CSChangeMateTargetPacket,SCDoodadsRemovedPacket,1,quest_accept_and_turnin,0.1667,3,4
CSChangeMateTargetPacket,SCErrorMsgPacket,1,quest_accept_and_turnin,0.2,3,3
CSChangeMateTargetPacket,SCExpChangedPacket,1,quest_accept_and_turnin,0.2,3,3
CSChangeMateTargetPacket,SCICSCashPointPacket,1,quest_accept_and_turnin,0.25,3,2
CSChangeMateTargetPacket,SCNpcChatMessagePacket,1,quest_accept_and_turnin,0.3333,3,1
CSChangeMateTargetPacket,SCNpcInteractionSkillListPacket,1,quest_accept_and_turnin,0.125,3,6
CSChangeMateTargetPacket,SCPlaySoundPacket,1,quest_accept_and_turnin,0.3333,3,1
CSChangeMateTargetPacket,SCPlotEndedPacket,1,quest_accept_and_turnin,0.3333,3,1
CSChangeMateTargetPacket,SCQuestContextCompletedPacket,1,quest_accept_and_turnin,0.3333,3,1
CSChangeMateTargetPacket,SCQuestContextStartedPacket,1,quest_accept_and_turnin,0.25,3,2
CSChangeMateTargetPacket,SCQuestContextUpdatedPacket,1,quest_accept_and_turnin,0.2,3,3
CSChangeMateTargetPacket,SCSkillStartedPacket,1,quest_accept_and_turnin,0.1667,3,4
CSChangeMateTargetPacket,SCUnitDamagedPacket,1,quest_accept_and_turnin,0.25,3,2
CSChangeMateTargetPacket,SCUnitDeathPacket,1,quest_accept_and_turnin,0.2,3,3
CSChangeMateTargetPacket,SCUnitDetachedPacket,1,quest_accept_and_turnin,0.25,3,2
CSChangeMateTargetPacket,SCUnitHealedPacket,1,quest_accept_and_turnin,0.25,3,2
CSChangeMateTargetPacket,movement:movement_update,1,quest_accept_and_turnin,0.1429,3,5
CSChangeMateTargetPacket,refusal:skill_refused,1,quest_accept_and_turnin,0.3333,3,1
CSChangeMateTargetPacket,resource:money_changed,1,quest_accept_and_turnin,0.1667,3,4
CSChangeTargetPacket,CSCompleteQuestContextPacket,1,quest_accept_and_turnin,0.1111,9,1
CSChangeTargetPacket,CSNotifySubZonePacket,1,quest_accept_and_turnin,0.1111,9,1
CSChangeTargetPacket,CSRemoveMatePacket,1,quest_accept_and_turnin,0.1,9,2
CSChangeTargetPacket,CSStartQuestContextPacket,1,quest_accept_and_turnin,0.1111,9,1
CSChangeTargetPacket,CSUnMountMatePacket,1,quest_accept_and_turnin,0.1,9,2
CSChangeTargetPacket,CSUpdateActionSlotPacket,1,quest_accept_and_turnin,0.1111,9,1
CSChangeTargetPacket,SCCastingStoppedPacket,1,quest_accept_and_turnin,0.1111,9,1
CSChangeTargetPacket,SCChatBubblePacket,1,quest_accept_and_turnin,0.1111,9,1
CSChangeTargetPacket,SCNpcChatMessagePacket,1,quest_accept_and_turnin,0.1111,9,1
CSChangeTargetPacket,SCPlaySoundPacket,1,quest_accept_and_turnin,0.1111,9,1
CSChangeTargetPacket,SCPlotEndedPacket,1,quest_accept_and_turnin,0.1111,9,1
CSChangeTargetPacket,SCQuestContextCompletedPacket,1,quest_accept_and_turnin,0.1111,9,1
CSChangeTargetPacket,SCUnitDetachedPacket,1,quest_accept_and_turnin,0.1,9,2
CSChangeTargetPacket,refusal:skill_refused,1,quest_accept_and_turnin,0.1111,9,1
CSCompleteQuestContextPacket,CSCreateSkillControllerPacket,1,quest_accept_and_turnin,0.25,1,4
CSCompleteQuestContextPacket,CSInteractNPCEndPacket,1,quest_accept_and_turnin,0.3333,1,3
CSCompleteQuestContextPacket,CSInteractNPCPacket,1,quest_accept_and_turnin,0.1667,1,6
CSCompleteQuestContextPacket,CSMountMatePacket,1,quest_accept_and_turnin,0.5,1,2
CSCompleteQuestContextPacket,CSMoveUnitPacket,1,quest_accept_and_turnin,0.0714,1,14
CSCompleteQuestContextPacket,CSNotifySubZonePacket,1,quest_accept_and_turnin,1.0,1,1
CSCompleteQuestContextPacket,CSRemoveMatePacket,1,quest_accept_and_turnin,0.5,1,2
CSCompleteQuestContextPacket,CSStartInteractionPacket,1,quest_accept_and_turnin,0.1667,1,6
CSCompleteQuestContextPacket,CSStartQuestContextPacket,1,quest_accept_and_turnin,1.0,1,1
CSCompleteQuestContextPacket,CSStartSkillPacket,1,quest_accept_and_turnin,0.1111,1,9
CSCompleteQuestContextPacket,CSUnMountMatePacket,1,quest_accept_and_turnin,0.5,1,2
CSCompleteQuestContextPacket,CSUpdateActionSlotPacket,1,quest_accept_and_turnin,1.0,1,1
CSCompleteQuestContextPacket,CompressedGamePackets,1,quest_accept_and_turnin,0.25,1,4
CSCompleteQuestContextPacket,FastPingPacket,1,quest_accept_and_turnin,0.3333,1,3
CSCompleteQuestContextPacket,FastPongPacket,1,quest_accept_and_turnin,0.3333,1,3
CSCompleteQuestContextPacket,PingPacket,1,quest_accept_and_turnin,0.0714,1,14
CSCompleteQuestContextPacket,PongPacket,1,quest_accept_and_turnin,0.0714,1,14
CSCompleteQuestContextPacket,SCAggroTargetChangedPacket,1,quest_accept_and_turnin,0.3333,1,3
CSCompleteQuestContextPacket,SCAiAggroPacket,1,quest_accept_and_turnin,0.1429,1,7
CSCompleteQuestContextPacket,SCBmPointPacket,1,quest_accept_and_turnin,0.5,1,2
CSCompleteQuestContextPacket,SCBuffCreatedPacket,1,quest_accept_and_turnin,0.3333,1,3
CSCompleteQuestContextPacket,SCBuffRemovedPacket,1,quest_accept_and_turnin,0.3333,1,3
CSCompleteQuestContextPacket,SCCastingStoppedPacket,1,quest_accept_and_turnin,1.0,1,1
CSCompleteQuestContextPacket,SCChatBubblePacket,1,quest_accept_and_turnin,1.0,1,1
CSCompleteQuestContextPacket,SCChatMessagePacket,1,quest_accept_and_turnin,0.0714,1,14
CSCompleteQuestContextPacket,SCCombatClearedPacket,1,quest_accept_and_turnin,0.3333,1,3
CSCompleteQuestContextPacket,SCCombatFirstHitPacket,1,quest_accept_and_turnin,0.3333,1,3
CSCompleteQuestContextPacket,SCDoodadCreatedPacket,1,quest_accept_and_turnin,0.3333,1,3
CSCompleteQuestContextPacket,SCDoodadRemovedPacket,1,quest_accept_and_turnin,0.5,1,2
CSCompleteQuestContextPacket,SCDoodadsCreatedPacket,1,quest_accept_and_turnin,0.25,1,4
CSCompleteQuestContextPacket,SCDoodadsRemovedPacket,1,quest_accept_and_turnin,0.25,1,4
CSCompleteQuestContextPacket,SCErrorMsgPacket,1,quest_accept_and_turnin,0.3333,1,3
CSCompleteQuestContextPacket,SCExpChangedPacket,1,quest_accept_and_turnin,0.3333,1,3
CSCompleteQuestContextPacket,SCICSCashPointPacket,1,quest_accept_and_turnin,0.5,1,2
CSCompleteQuestContextPacket,SCItemTaskSuccessPacket,1,quest_accept_and_turnin,0.1,1,10
CSCompleteQuestContextPacket,SCMateSpawnedPacket,1,quest_accept_and_turnin,0.3333,1,3
CSCompleteQuestContextPacket,SCMateStatePacket,1,quest_accept_and_turnin,0.3333,1,3
CSCompleteQuestContextPacket,SCNpcChatMessagePacket,1,quest_accept_and_turnin,1.0,1,1
CSCompleteQuestContextPacket,SCNpcInteractionSkillListPacket,1,quest_accept_and_turnin,0.1667,1,6
CSCompleteQuestContextPacket,SCOneUnitMovementPacket,1,quest_accept_and_turnin,0.0714,1,14
CSCompleteQuestContextPacket,SCPlaySoundPacket,1,quest_accept_and_turnin,1.0,1,1
CSCompleteQuestContextPacket,SCPlotEndedPacket,1,quest_accept_and_turnin,1.0,1,1
CSCompleteQuestContextPacket,SCQuestContextCompletedPacket,1,quest_accept_and_turnin,1.0,1,1
CSCompleteQuestContextPacket,SCQuestContextStartedPacket,1,quest_accept_and_turnin,0.5,1,2
CSCompleteQuestContextPacket,SCQuestContextUpdatedPacket,1,quest_accept_and_turnin,0.3333,1,3
CSCompleteQuestContextPacket,SCSkillEndedPacket,1,quest_accept_and_turnin,0.1,1,10
CSCompleteQuestContextPacket,SCSkillFiredPacket,1,quest_accept_and_turnin,0.1,1,10
CSCompleteQuestContextPacket,SCSkillStartedPacket,1,quest_accept_and_turnin,0.25,1,4
CSCompleteQuestContextPacket,SCTargetChangedPacket,1,quest_accept_and_turnin,0.0833,1,12
CSCompleteQuestContextPacket,SCTimeOfDayPacket,1,quest_accept_and_turnin,0.0769,1,13
CSCompleteQuestContextPacket,SCUnitAttachedPacket,1,quest_accept_and_turnin,0.5,1,2
CSCompleteQuestContextPacket,SCUnitDamagedPacket,1,quest_accept_and_turnin,0.5,1,2
CSCompleteQuestContextPacket,SCUnitDeathPacket,1,quest_accept_and_turnin,0.3333,1,3
CSCompleteQuestContextPacket,SCUnitDetachedPacket,1,quest_accept_and_turnin,0.5,1,2
CSCompleteQuestContextPacket,SCUnitHealedPacket,1,quest_accept_and_turnin,0.5,1,2
CSCompleteQuestContextPacket,SCUnitModelPostureChangedPacket,1,quest_accept_and_turnin,0.0714,1,14
CSCompleteQuestContextPacket,SCUnitPointsPacket,1,quest_accept_and_turnin,0.1,1,10
CSCompleteQuestContextPacket,SCUnitStatePacket,1,quest_accept_and_turnin,0.25,1,4
CSCompleteQuestContextPacket,SCUnitsRemovedPacket,1,quest_accept_and_turnin,0.3333,1,3
CSCompleteQuestContextPacket,lifecycle:trace_started,1,quest_accept_and_turnin,0.0714,1,14
CSCompleteQuestContextPacket,lifecycle:trace_stopped,1,quest_accept_and_turnin,0.0769,1,13
CSCompleteQuestContextPacket,movement:move_begin,1,quest_accept_and_turnin,0.1111,1,9
CSCompleteQuestContextPacket,movement:move_stop,1,quest_accept_and_turnin,0.1111,1,9
CSCompleteQuestContextPacket,movement:movement_update,1,quest_accept_and_turnin,0.2,1,5
CSCompleteQuestContextPacket,packet:packet_in,1,quest_accept_and_turnin,0.0714,1,14
CSCompleteQuestContextPacket,packet:packet_out,1,quest_accept_and_turnin,0.0714,1,14
CSCompleteQuestContextPacket,refusal:skill_refused,1,quest_accept_and_turnin,1.0,1,1
CSCompleteQuestContextPacket,resource:money_changed,1,quest_accept_and_turnin,0.25,1,4
CSCompleteQuestContextPacket,skill:instant_cast,1,quest_accept_and_turnin,0.1667,1,6
CSCompleteQuestContextPacket,skill:skill_requested,1,quest_accept_and_turnin,0.1111,1,9
CSCreateSkillControllerPacket,CSInteractNPCEndPacket,1,quest_accept_and_turnin,0.1667,4,3
CSCreateSkillControllerPacket,CSInteractNPCPacket,1,quest_accept_and_turnin,0.1111,4,6
CSCreateSkillControllerPacket,CSNotifySubZonePacket,1,quest_accept_and_turnin,0.25,4,1
CSCreateSkillControllerPacket,CSStartInteractionPacket,1,quest_accept_and_turnin,0.1111,4,6
CSCreateSkillControllerPacket,CSStartQuestContextPacket,1,quest_accept_and_turnin,0.25,4,1
CSCreateSkillControllerPacket,CSUpdateActionSlotPacket,1,quest_accept_and_turnin,0.25,4,1
CSCreateSkillControllerPacket,CompressedGamePackets,1,quest_accept_and_turnin,0.1429,4,4
CSCreateSkillControllerPacket,FastPingPacket,1,quest_accept_and_turnin,0.1667,4,3
CSCreateSkillControllerPacket,FastPongPacket,1,quest_accept_and_turnin,0.1667,4,3
CSCreateSkillControllerPacket,SCAggroTargetChangedPacket,1,quest_accept_and_turnin,0.1667,4,3
CSCreateSkillControllerPacket,SCAiAggroPacket,1,quest_accept_and_turnin,0.1,4,7
CSCreateSkillControllerPacket,SCBmPointPacket,1,quest_accept_and_turnin,0.2,4,2
CSCreateSkillControllerPacket,SCBuffCreatedPacket,1,quest_accept_and_turnin,0.1667,4,3
CSCreateSkillControllerPacket,SCBuffRemovedPacket,1,quest_accept_and_turnin,0.1667,4,3
CSCreateSkillControllerPacket,SCCastingStoppedPacket,1,quest_accept_and_turnin,0.25,4,1
CSCreateSkillControllerPacket,SCChatBubblePacket,1,quest_accept_and_turnin,0.25,4,1
CSCreateSkillControllerPacket,SCCombatClearedPacket,1,quest_accept_and_turnin,0.1667,4,3
CSCreateSkillControllerPacket,SCCombatFirstHitPacket,1,quest_accept_and_turnin,0.1667,4,3
CSCreateSkillControllerPacket,SCDoodadCreatedPacket,1,quest_accept_and_turnin,0.1667,4,3
CSCreateSkillControllerPacket,SCDoodadRemovedPacket,1,quest_accept_and_turnin,0.2,4,2
CSCreateSkillControllerPacket,SCDoodadsCreatedPacket,1,quest_accept_and_turnin,0.1429,4,4
CSCreateSkillControllerPacket,SCDoodadsRemovedPacket,1,quest_accept_and_turnin,0.1429,4,4
CSCreateSkillControllerPacket,SCErrorMsgPacket,1,quest_accept_and_turnin,0.1667,4,3
CSCreateSkillControllerPacket,SCExpChangedPacket,1,quest_accept_and_turnin,0.1667,4,3
CSCreateSkillControllerPacket,SCICSCashPointPacket,1,quest_accept_and_turnin,0.2,4,2
CSCreateSkillControllerPacket,SCNpcChatMessagePacket,1,quest_accept_and_turnin,0.25,4,1
CSCreateSkillControllerPacket,SCNpcInteractionSkillListPacket,1,quest_accept_and_turnin,0.1111,4,6
CSCreateSkillControllerPacket,SCPlaySoundPacket,1,quest_accept_and_turnin,0.25,4,1
CSCreateSkillControllerPacket,SCPlotEndedPacket,1,quest_accept_and_turnin,0.25,4,1
CSCreateSkillControllerPacket,SCQuestContextCompletedPacket,1,quest_accept_and_turnin,0.25,4,1
CSCreateSkillControllerPacket,SCQuestContextStartedPacket,1,quest_accept_and_turnin,0.2,4,2
CSCreateSkillControllerPacket,SCQuestContextUpdatedPacket,1,quest_accept_and_turnin,0.1667,4,3
CSCreateSkillControllerPacket,SCSkillStartedPacket,1,quest_accept_and_turnin,0.1429,4,4
CSCreateSkillControllerPacket,SCUnitDamagedPacket,1,quest_accept_and_turnin,0.2,4,2
CSCreateSkillControllerPacket,SCUnitDeathPacket,1,quest_accept_and_turnin,0.1667,4,3
CSCreateSkillControllerPacket,SCUnitHealedPacket,1,quest_accept_and_turnin,0.2,4,2
CSCreateSkillControllerPacket,refusal:skill_refused,1,quest_accept_and_turnin,0.25,4,1
CSCreateSkillControllerPacket,resource:money_changed,1,quest_accept_and_turnin,0.1429,4,4
CSInteractNPCEndPacket,CSMountMatePacket,1,quest_accept_and_turnin,0.25,3,2
CSInteractNPCEndPacket,CSNotifySubZonePacket,1,quest_accept_and_turnin,0.3333,3,1
CSInteractNPCEndPacket,CSRemoveMatePacket,1,quest_accept_and_turnin,0.25,3,2
CSInteractNPCEndPacket,CSStartQuestContextPacket,1,quest_accept_and_turnin,0.3333,3,1
CSInteractNPCEndPacket,CSUnMountMatePacket,1,quest_accept_and_turnin,0.25,3,2
CSInteractNPCEndPacket,CSUpdateActionSlotPacket,1,quest_accept_and_turnin,0.3333,3,1
CSInteractNPCEndPacket,CompressedGamePackets,1,quest_accept_and_turnin,0.1667,3,4
CSInteractNPCEndPacket,FastPingPacket,1,quest_accept_and_turnin,0.2,3,3
CSInteractNPCEndPacket,FastPongPacket,1,quest_accept_and_turnin,0.2,3,3
CSInteractNPCEndPacket,SCAggroTargetChangedPacket,1,quest_accept_and_turnin,0.2,3,3
CSInteractNPCEndPacket,SCBmPointPacket,1,quest_accept_and_turnin,0.25,3,2
CSInteractNPCEndPacket,SCBuffCreatedPacket,1,quest_accept_and_turnin,0.2,3,3
CSInteractNPCEndPacket,SCBuffRemovedPacket,1,quest_accept_and_turnin,0.2,3,3
CSInteractNPCEndPacket,SCCastingStoppedPacket,1,quest_accept_and_turnin,0.3333,3,1
CSInteractNPCEndPacket,SCChatBubblePacket,1,quest_accept_and_turnin,0.3333,3,1
CSInteractNPCEndPacket,SCCombatClearedPacket,1,quest_accept_and_turnin,0.2,3,3
CSInteractNPCEndPacket,SCCombatFirstHitPacket,1,quest_accept_and_turnin,0.2,3,3
CSInteractNPCEndPacket,SCDoodadRemovedPacket,1,quest_accept_and_turnin,0.25,3,2
CSInteractNPCEndPacket,SCErrorMsgPacket,1,quest_accept_and_turnin,0.2,3,3
CSInteractNPCEndPacket,SCExpChangedPacket,1,quest_accept_and_turnin,0.2,3,3
CSInteractNPCEndPacket,SCICSCashPointPacket,1,quest_accept_and_turnin,0.25,3,2
CSInteractNPCEndPacket,SCMateSpawnedPacket,1,quest_accept_and_turnin,0.2,3,3
CSInteractNPCEndPacket,SCMateStatePacket,1,quest_accept_and_turnin,0.2,3,3
CSInteractNPCEndPacket,SCNpcChatMessagePacket,1,quest_accept_and_turnin,0.3333,3,1
CSInteractNPCEndPacket,SCPlaySoundPacket,1,quest_accept_and_turnin,0.3333,3,1
CSInteractNPCEndPacket,SCPlotEndedPacket,1,quest_accept_and_turnin,0.3333,3,1
CSInteractNPCEndPacket,SCQuestContextCompletedPacket,1,quest_accept_and_turnin,0.3333,3,1
CSInteractNPCEndPacket,SCQuestContextStartedPacket,1,quest_accept_and_turnin,0.25,3,2
CSInteractNPCEndPacket,SCQuestContextUpdatedPacket,1,quest_accept_and_turnin,0.2,3,3
CSInteractNPCEndPacket,SCUnitAttachedPacket,1,quest_accept_and_turnin,0.25,3,2
CSInteractNPCEndPacket,SCUnitDamagedPacket,1,quest_accept_and_turnin,0.25,3,2
CSInteractNPCEndPacket,SCUnitDeathPacket,1,quest_accept_and_turnin,0.2,3,3
CSInteractNPCEndPacket,SCUnitDetachedPacket,1,quest_accept_and_turnin,0.25,3,2
CSInteractNPCEndPacket,SCUnitHealedPacket,1,quest_accept_and_turnin,0.25,3,2
CSInteractNPCEndPacket,SCUnitStatePacket,1,quest_accept_and_turnin,0.1667,3,4
CSInteractNPCEndPacket,SCUnitsRemovedPacket,1,quest_accept_and_turnin,0.2,3,3
CSInteractNPCEndPacket,refusal:skill_refused,1,quest_accept_and_turnin,0.3333,3,1
CSInteractNPCEndPacket,skill:instant_cast,1,quest_accept_and_turnin,0.125,3,6
CSInteractNPCPacket,CSMountMatePacket,1,quest_accept_and_turnin,0.1429,6,2
CSInteractNPCPacket,CSNotifySubZonePacket,1,quest_accept_and_turnin,0.1667,6,1
CSInteractNPCPacket,CSRemoveMatePacket,1,quest_accept_and_turnin,0.1429,6,2
CSInteractNPCPacket,CSStartQuestContextPacket,1,quest_accept_and_turnin,0.1667,6,1
CSInteractNPCPacket,CSUnMountMatePacket,1,quest_accept_and_turnin,0.1429,6,2
CSInteractNPCPacket,CSUpdateActionSlotPacket,1,quest_accept_and_turnin,0.1667,6,1
CSInteractNPCPacket,SCBmPointPacket,1,quest_accept_and_turnin,0.1429,6,2
CSInteractNPCPacket,SCCastingStoppedPacket,1,quest_accept_and_turnin,0.1667,6,1
CSInteractNPCPacket,SCChatBubblePacket,1,quest_accept_and_turnin,0.1667,6,1
CSInteractNPCPacket,SCDoodadRemovedPacket,1,quest_accept_and_turnin,0.1429,6,2
CSInteractNPCPacket,SCErrorMsgPacket,1,quest_accept_and_turnin,0.125,6,3
CSInteractNPCPacket,SCExpChangedPacket,1,quest_accept_and_turnin,0.125,6,3
CSInteractNPCPacket,SCICSCashPointPacket,1,quest_accept_and_turnin,0.1429,6,2
CSInteractNPCPacket,SCMateSpawnedPacket,1,quest_accept_and_turnin,0.125,6,3
CSInteractNPCPacket,SCMateStatePacket,1,quest_accept_and_turnin,0.125,6,3
CSInteractNPCPacket,SCNpcChatMessagePacket,1,quest_accept_and_turnin,0.1667,6,1
CSInteractNPCPacket,SCPlaySoundPacket,1,quest_accept_and_turnin,0.1667,6,1
CSInteractNPCPacket,SCPlotEndedPacket,1,quest_accept_and_turnin,0.1667,6,1
CSInteractNPCPacket,SCQuestContextCompletedPacket,1,quest_accept_and_turnin,0.1667,6,1
CSInteractNPCPacket,SCUnitAttachedPacket,1,quest_accept_and_turnin,0.1429,6,2
CSInteractNPCPacket,SCUnitDamagedPacket,1,quest_accept_and_turnin,0.1429,6,2
CSInteractNPCPacket,SCUnitDetachedPacket,1,quest_accept_and_turnin,0.1429,6,2
CSInteractNPCPacket,SCUnitStatePacket,1,quest_accept_and_turnin,0.1111,6,4
CSInteractNPCPacket,refusal:skill_refused,1,quest_accept_and_turnin,0.1667,6,1
CSMountMatePacket,CSNotifySubZonePacket,1,quest_accept_and_turnin,0.5,2,1
CSMountMatePacket,CSRemoveMatePacket,1,quest_accept_and_turnin,0.3333,2,2
CSMountMatePacket,CSStartInteractionPacket,1,quest_accept_and_turnin,0.1429,2,6
CSMountMatePacket,CSStartQuestContextPacket,1,quest_accept_and_turnin,0.5,2,1
CSMountMatePacket,CSUnMountMatePacket,1,quest_accept_and_turnin,0.3333,2,2
CSMountMatePacket,CSUpdateActionSlotPacket,1,quest_accept_and_turnin,0.5,2,1
CSMountMatePacket,CompressedGamePackets,1,quest_accept_and_turnin,0.2,2,4
CSMountMatePacket,FastPingPacket,1,quest_accept_and_turnin,0.25,2,3
CSMountMatePacket,FastPongPacket,1,quest_accept_and_turnin,0.25,2,3
CSMountMatePacket,SCAggroTargetChangedPacket,1,quest_accept_and_turnin,0.25,2,3
CSMountMatePacket,SCAiAggroPacket,1,quest_accept_and_turnin,0.125,2,7
CSMountMatePacket,SCBmPointPacket,1,quest_accept_and_turnin,0.3333,2,2
CSMountMatePacket,SCBuffCreatedPacket,1,quest_accept_and_turnin,0.25,2,3
CSMountMatePacket,SCBuffRemovedPacket,1,quest_accept_and_turnin,0.25,2,3
CSMountMatePacket,SCCastingStoppedPacket,1,quest_accept_and_turnin,0.5,2,1
CSMountMatePacket,SCChatBubblePacket,1,quest_accept_and_turnin,0.5,2,1
CSMountMatePacket,SCCombatClearedPacket,1,quest_accept_and_turnin,0.25,2,3
CSMountMatePacket,SCCombatFirstHitPacket,1,quest_accept_and_turnin,0.25,2,3
CSMountMatePacket,SCDoodadCreatedPacket,1,quest_accept_and_turnin,0.25,2,3
CSMountMatePacket,SCDoodadRemovedPacket,1,quest_accept_and_turnin,0.3333,2,2
CSMountMatePacket,SCDoodadsCreatedPacket,1,quest_accept_and_turnin,0.2,2,4
CSMountMatePacket,SCDoodadsRemovedPacket,1,quest_accept_and_turnin,0.2,2,4
CSMountMatePacket,SCErrorMsgPacket,1,quest_accept_and_turnin,0.25,2,3
CSMountMatePacket,SCExpChangedPacket,1,quest_accept_and_turnin,0.25,2,3
CSMountMatePacket,SCICSCashPointPacket,1,quest_accept_and_turnin,0.3333,2,2
CSMountMatePacket,SCNpcChatMessagePacket,1,quest_accept_and_turnin,0.5,2,1
CSMountMatePacket,SCNpcInteractionSkillListPacket,1,quest_accept_and_turnin,0.1429,2,6
CSMountMatePacket,SCPlaySoundPacket,1,quest_accept_and_turnin,0.5,2,1
CSMountMatePacket,SCPlotEndedPacket,1,quest_accept_and_turnin,0.5,2,1
CSMountMatePacket,SCQuestContextCompletedPacket,1,quest_accept_and_turnin,0.5,2,1
CSMountMatePacket,SCQuestContextStartedPacket,1,quest_accept_and_turnin,0.3333,2,2
CSMountMatePacket,SCQuestContextUpdatedPacket,1,quest_accept_and_turnin,0.25,2,3
CSMountMatePacket,SCSkillStartedPacket,1,quest_accept_and_turnin,0.2,2,4
CSMountMatePacket,SCUnitDamagedPacket,1,quest_accept_and_turnin,0.3333,2,2
CSMountMatePacket,SCUnitDeathPacket,1,quest_accept_and_turnin,0.25,2,3
CSMountMatePacket,SCUnitDetachedPacket,1,quest_accept_and_turnin,0.3333,2,2
CSMountMatePacket,SCUnitHealedPacket,1,quest_accept_and_turnin,0.3333,2,2
CSMountMatePacket,SCUnitsRemovedPacket,1,quest_accept_and_turnin,0.25,2,3
CSMountMatePacket,movement:move_begin,1,quest_accept_and_turnin,0.1,2,9
CSMountMatePacket,movement:move_stop,1,quest_accept_and_turnin,0.1,2,9
CSMountMatePacket,movement:movement_update,1,quest_accept_and_turnin,0.1667,2,5
CSMountMatePacket,refusal:skill_refused,1,quest_accept_and_turnin,0.5,2,1
CSMountMatePacket,resource:money_changed,1,quest_accept_and_turnin,0.2,2,4
CSMoveUnitPacket,CSNotifySubZonePacket,1,quest_accept_and_turnin,0.0714,14,1
CSMoveUnitPacket,CSStartQuestContextPacket,1,quest_accept_and_turnin,0.0714,14,1
CSMoveUnitPacket,CSUpdateActionSlotPacket,1,quest_accept_and_turnin,0.0714,14,1
CSMoveUnitPacket,SCCastingStoppedPacket,1,quest_accept_and_turnin,0.0714,14,1
CSMoveUnitPacket,SCChatBubblePacket,1,quest_accept_and_turnin,0.0714,14,1
CSMoveUnitPacket,SCNpcChatMessagePacket,1,quest_accept_and_turnin,0.0714,14,1
CSMoveUnitPacket,SCPlaySoundPacket,1,quest_accept_and_turnin,0.0714,14,1
CSMoveUnitPacket,SCPlotEndedPacket,1,quest_accept_and_turnin,0.0714,14,1
CSMoveUnitPacket,SCQuestContextCompletedPacket,1,quest_accept_and_turnin,0.0714,14,1
CSMoveUnitPacket,refusal:skill_refused,1,quest_accept_and_turnin,0.0714,14,1
CSNotifySubZonePacket,CSRemoveMatePacket,1,quest_accept_and_turnin,0.5,1,2
CSNotifySubZonePacket,CSStartInteractionPacket,1,quest_accept_and_turnin,0.1667,1,6
CSNotifySubZonePacket,CSStartQuestContextPacket,1,quest_accept_and_turnin,1.0,1,1
CSNotifySubZonePacket,CSStartSkillPacket,1,quest_accept_and_turnin,0.1111,1,9
CSNotifySubZonePacket,CSUnMountMatePacket,1,quest_accept_and_turnin,0.5,1,2
CSNotifySubZonePacket,CSUpdateActionSlotPacket,1,quest_accept_and_turnin,1.0,1,1
CSNotifySubZonePacket,CompressedGamePackets,1,quest_accept_and_turnin,0.25,1,4
CSNotifySubZonePacket,FastPingPacket,1,quest_accept_and_turnin,0.3333,1,3
CSNotifySubZonePacket,FastPongPacket,1,quest_accept_and_turnin,0.3333,1,3
CSNotifySubZonePacket,PingPacket,1,quest_accept_and_turnin,0.0714,1,14
CSNotifySubZonePacket,PongPacket,1,quest_accept_and_turnin,0.0714,1,14
CSNotifySubZonePacket,SCAggroTargetChangedPacket,1,quest_accept_and_turnin,0.3333,1,3
CSNotifySubZonePacket,SCAiAggroPacket,1,quest_accept_and_turnin,0.1429,1,7
CSNotifySubZonePacket,SCBmPointPacket,1,quest_accept_and_turnin,0.5,1,2
CSNotifySubZonePacket,SCBuffCreatedPacket,1,quest_accept_and_turnin,0.3333,1,3
CSNotifySubZonePacket,SCBuffRemovedPacket,1,quest_accept_and_turnin,0.3333,1,3
CSNotifySubZonePacket,SCCastingStoppedPacket,1,quest_accept_and_turnin,1.0,1,1
CSNotifySubZonePacket,SCChatBubblePacket,1,quest_accept_and_turnin,1.0,1,1
CSNotifySubZonePacket,SCChatMessagePacket,1,quest_accept_and_turnin,0.0714,1,14
CSNotifySubZonePacket,SCCombatClearedPacket,1,quest_accept_and_turnin,0.3333,1,3
CSNotifySubZonePacket,SCCombatFirstHitPacket,1,quest_accept_and_turnin,0.3333,1,3
CSNotifySubZonePacket,SCDoodadCreatedPacket,1,quest_accept_and_turnin,0.3333,1,3
CSNotifySubZonePacket,SCDoodadRemovedPacket,1,quest_accept_and_turnin,0.5,1,2
CSNotifySubZonePacket,SCDoodadsCreatedPacket,1,quest_accept_and_turnin,0.25,1,4
CSNotifySubZonePacket,SCDoodadsRemovedPacket,1,quest_accept_and_turnin,0.25,1,4
CSNotifySubZonePacket,SCErrorMsgPacket,1,quest_accept_and_turnin,0.3333,1,3
CSNotifySubZonePacket,SCExpChangedPacket,1,quest_accept_and_turnin,0.3333,1,3
CSNotifySubZonePacket,SCICSCashPointPacket,1,quest_accept_and_turnin,0.5,1,2
CSNotifySubZonePacket,SCItemTaskSuccessPacket,1,quest_accept_and_turnin,0.1,1,10
CSNotifySubZonePacket,SCMateSpawnedPacket,1,quest_accept_and_turnin,0.3333,1,3
CSNotifySubZonePacket,SCMateStatePacket,1,quest_accept_and_turnin,0.3333,1,3
CSNotifySubZonePacket,SCNpcChatMessagePacket,1,quest_accept_and_turnin,1.0,1,1
CSNotifySubZonePacket,SCNpcInteractionSkillListPacket,1,quest_accept_and_turnin,0.1667,1,6
CSNotifySubZonePacket,SCOneUnitMovementPacket,1,quest_accept_and_turnin,0.0714,1,14
CSNotifySubZonePacket,SCPlaySoundPacket,1,quest_accept_and_turnin,1.0,1,1
CSNotifySubZonePacket,SCPlotEndedPacket,1,quest_accept_and_turnin,1.0,1,1
CSNotifySubZonePacket,SCQuestContextCompletedPacket,1,quest_accept_and_turnin,1.0,1,1
CSNotifySubZonePacket,SCQuestContextStartedPacket,1,quest_accept_and_turnin,0.5,1,2
CSNotifySubZonePacket,SCQuestContextUpdatedPacket,1,quest_accept_and_turnin,0.3333,1,3
CSNotifySubZonePacket,SCSkillEndedPacket,1,quest_accept_and_turnin,0.1,1,10
CSNotifySubZonePacket,SCSkillFiredPacket,1,quest_accept_and_turnin,0.1,1,10
CSNotifySubZonePacket,SCSkillStartedPacket,1,quest_accept_and_turnin,0.25,1,4
CSNotifySubZonePacket,SCTargetChangedPacket,1,quest_accept_and_turnin,0.0833,1,12
CSNotifySubZonePacket,SCTimeOfDayPacket,1,quest_accept_and_turnin,0.0769,1,13
CSNotifySubZonePacket,SCUnitAttachedPacket,1,quest_accept_and_turnin,0.5,1,2
CSNotifySubZonePacket,SCUnitDamagedPacket,1,quest_accept_and_turnin,0.5,1,2
CSNotifySubZonePacket,SCUnitDeathPacket,1,quest_accept_and_turnin,0.3333,1,3
CSNotifySubZonePacket,SCUnitDetachedPacket,1,quest_accept_and_turnin,0.5,1,2
CSNotifySubZonePacket,SCUnitHealedPacket,1,quest_accept_and_turnin,0.5,1,2
CSNotifySubZonePacket,SCUnitModelPostureChangedPacket,1,quest_accept_and_turnin,0.0714,1,14
CSNotifySubZonePacket,SCUnitPointsPacket,1,quest_accept_and_turnin,0.1,1,10
CSNotifySubZonePacket,SCUnitStatePacket,1,quest_accept_and_turnin,0.25,1,4
CSNotifySubZonePacket,SCUnitsRemovedPacket,1,quest_accept_and_turnin,0.3333,1,3
CSNotifySubZonePacket,lifecycle:trace_started,1,quest_accept_and_turnin,0.0714,1,14
CSNotifySubZonePacket,lifecycle:trace_stopped,1,quest_accept_and_turnin,0.0769,1,13
CSNotifySubZonePacket,movement:move_begin,1,quest_accept_and_turnin,0.1111,1,9
CSNotifySubZonePacket,movement:move_stop,1,quest_accept_and_turnin,0.1111,1,9
CSNotifySubZonePacket,movement:movement_update,1,quest_accept_and_turnin,0.2,1,5
CSNotifySubZonePacket,packet:packet_in,1,quest_accept_and_turnin,0.0714,1,14
CSNotifySubZonePacket,packet:packet_out,1,quest_accept_and_turnin,0.0714,1,14
CSNotifySubZonePacket,refusal:skill_refused,1,quest_accept_and_turnin,1.0,1,1
CSNotifySubZonePacket,resource:money_changed,1,quest_accept_and_turnin,0.25,1,4
CSNotifySubZonePacket,skill:instant_cast,1,quest_accept_and_turnin,0.1667,1,6
CSNotifySubZonePacket,skill:skill_requested,1,quest_accept_and_turnin,0.1111,1,9
CSRemoveMatePacket,CSStartInteractionPacket,1,quest_accept_and_turnin,0.1429,2,6
CSRemoveMatePacket,CSStartQuestContextPacket,1,quest_accept_and_turnin,0.5,2,1
CSRemoveMatePacket,CSUnMountMatePacket,1,quest_accept_and_turnin,0.3333,2,2
CSRemoveMatePacket,CSUpdateActionSlotPacket,1,quest_accept_and_turnin,0.5,2,1
CSRemoveMatePacket,CompressedGamePackets,1,quest_accept_and_turnin,0.2,2,4
CSRemoveMatePacket,FastPingPacket,1,quest_accept_and_turnin,0.25,2,3
CSRemoveMatePacket,FastPongPacket,1,quest_accept_and_turnin,0.25,2,3
CSRemoveMatePacket,SCAggroTargetChangedPacket,1,quest_accept_and_turnin,0.25,2,3
CSRemoveMatePacket,SCAiAggroPacket,1,quest_accept_and_turnin,0.125,2,7
CSRemoveMatePacket,SCBmPointPacket,1,quest_accept_and_turnin,0.3333,2,2
CSRemoveMatePacket,SCBuffCreatedPacket,1,quest_accept_and_turnin,0.25,2,3
CSRemoveMatePacket,SCBuffRemovedPacket,1,quest_accept_and_turnin,0.25,2,3
CSRemoveMatePacket,SCCastingStoppedPacket,1,quest_accept_and_turnin,0.5,2,1
CSRemoveMatePacket,SCChatBubblePacket,1,quest_accept_and_turnin,0.5,2,1
CSRemoveMatePacket,SCCombatClearedPacket,1,quest_accept_and_turnin,0.25,2,3
CSRemoveMatePacket,SCCombatFirstHitPacket,1,quest_accept_and_turnin,0.25,2,3
CSRemoveMatePacket,SCDoodadCreatedPacket,1,quest_accept_and_turnin,0.25,2,3
CSRemoveMatePacket,SCDoodadRemovedPacket,1,quest_accept_and_turnin,0.3333,2,2
CSRemoveMatePacket,SCDoodadsCreatedPacket,1,quest_accept_and_turnin,0.2,2,4
CSRemoveMatePacket,SCDoodadsRemovedPacket,1,quest_accept_and_turnin,0.2,2,4
CSRemoveMatePacket,SCErrorMsgPacket,1,quest_accept_and_turnin,0.25,2,3
CSRemoveMatePacket,SCExpChangedPacket,1,quest_accept_and_turnin,0.25,2,3
CSRemoveMatePacket,SCICSCashPointPacket,1,quest_accept_and_turnin,0.3333,2,2
CSRemoveMatePacket,SCNpcChatMessagePacket,1,quest_accept_and_turnin,0.5,2,1
CSRemoveMatePacket,SCNpcInteractionSkillListPacket,1,quest_accept_and_turnin,0.1429,2,6
CSRemoveMatePacket,SCPlaySoundPacket,1,quest_accept_and_turnin,0.5,2,1
CSRemoveMatePacket,SCPlotEndedPacket,1,quest_accept_and_turnin,0.5,2,1
CSRemoveMatePacket,SCQuestContextCompletedPacket,1,quest_accept_and_turnin,0.5,2,1
CSRemoveMatePacket,SCQuestContextStartedPacket,1,quest_accept_and_turnin,0.3333,2,2
CSRemoveMatePacket,SCQuestContextUpdatedPacket,1,quest_accept_and_turnin,0.25,2,3
CSRemoveMatePacket,SCSkillStartedPacket,1,quest_accept_and_turnin,0.2,2,4
CSRemoveMatePacket,SCUnitAttachedPacket,1,quest_accept_and_turnin,0.3333,2,2
CSRemoveMatePacket,SCUnitDamagedPacket,1,quest_accept_and_turnin,0.3333,2,2
CSRemoveMatePacket,SCUnitDeathPacket,1,quest_accept_and_turnin,0.25,2,3
CSRemoveMatePacket,SCUnitDetachedPacket,1,quest_accept_and_turnin,0.3333,2,2
CSRemoveMatePacket,SCUnitHealedPacket,1,quest_accept_and_turnin,0.3333,2,2
CSRemoveMatePacket,movement:movement_update,1,quest_accept_and_turnin,0.1667,2,5
CSRemoveMatePacket,refusal:skill_refused,1,quest_accept_and_turnin,0.5,2,1
CSRemoveMatePacket,resource:money_changed,1,quest_accept_and_turnin,0.2,2,4
CSStartInteractionPacket,CSStartQuestContextPacket,1,quest_accept_and_turnin,0.1667,6,1
CSStartInteractionPacket,CSUnMountMatePacket,1,quest_accept_and_turnin,0.1429,6,2
CSStartInteractionPacket,CSUpdateActionSlotPacket,1,quest_accept_and_turnin,0.1667,6,1
CSStartInteractionPacket,SCBmPointPacket,1,quest_accept_and_turnin,0.1429,6,2
CSStartInteractionPacket,SCCastingStoppedPacket,1,quest_accept_and_turnin,0.1667,6,1
CSStartInteractionPacket,SCChatBubblePacket,1,quest_accept_and_turnin,0.1667,6,1
CSStartInteractionPacket,SCDoodadRemovedPacket,1,quest_accept_and_turnin,0.1429,6,2
CSStartInteractionPacket,SCErrorMsgPacket,1,quest_accept_and_turnin,0.125,6,3
CSStartInteractionPacket,SCExpChangedPacket,1,quest_accept_and_turnin,0.125,6,3
CSStartInteractionPacket,SCICSCashPointPacket,1,quest_accept_and_turnin,0.1429,6,2
CSStartInteractionPacket,SCMateSpawnedPacket,1,quest_accept_and_turnin,0.125,6,3
CSStartInteractionPacket,SCMateStatePacket,1,quest_accept_and_turnin,0.125,6,3
CSStartInteractionPacket,SCNpcChatMessagePacket,1,quest_accept_and_turnin,0.1667,6,1
CSStartInteractionPacket,SCPlaySoundPacket,1,quest_accept_and_turnin,0.1667,6,1
CSStartInteractionPacket,SCPlotEndedPacket,1,quest_accept_and_turnin,0.1667,6,1
CSStartInteractionPacket,SCQuestContextCompletedPacket,1,quest_accept_and_turnin,0.1667,6,1
CSStartInteractionPacket,SCUnitAttachedPacket,1,quest_accept_and_turnin,0.1429,6,2
CSStartInteractionPacket,SCUnitDamagedPacket,1,quest_accept_and_turnin,0.1429,6,2
CSStartInteractionPacket,SCUnitDetachedPacket,1,quest_accept_and_turnin,0.1429,6,2
CSStartInteractionPacket,SCUnitStatePacket,1,quest_accept_and_turnin,0.1111,6,4
CSStartInteractionPacket,refusal:skill_refused,1,quest_accept_and_turnin,0.1667,6,1
CSStartQuestContextPacket,CSStartSkillPacket,1,quest_accept_and_turnin,0.1111,1,9
CSStartQuestContextPacket,CSUnMountMatePacket,1,quest_accept_and_turnin,0.5,1,2
CSStartQuestContextPacket,CSUpdateActionSlotPacket,1,quest_accept_and_turnin,1.0,1,1
CSStartQuestContextPacket,CompressedGamePackets,1,quest_accept_and_turnin,0.25,1,4
CSStartQuestContextPacket,FastPingPacket,1,quest_accept_and_turnin,0.3333,1,3
CSStartQuestContextPacket,FastPongPacket,1,quest_accept_and_turnin,0.3333,1,3
CSStartQuestContextPacket,PingPacket,1,quest_accept_and_turnin,0.0714,1,14
CSStartQuestContextPacket,PongPacket,1,quest_accept_and_turnin,0.0714,1,14
CSStartQuestContextPacket,SCAggroTargetChangedPacket,1,quest_accept_and_turnin,0.3333,1,3
CSStartQuestContextPacket,SCAiAggroPacket,1,quest_accept_and_turnin,0.1429,1,7
CSStartQuestContextPacket,SCBmPointPacket,1,quest_accept_and_turnin,0.5,1,2
CSStartQuestContextPacket,SCBuffCreatedPacket,1,quest_accept_and_turnin,0.3333,1,3
CSStartQuestContextPacket,SCBuffRemovedPacket,1,quest_accept_and_turnin,0.3333,1,3
CSStartQuestContextPacket,SCCastingStoppedPacket,1,quest_accept_and_turnin,1.0,1,1
CSStartQuestContextPacket,SCChatBubblePacket,1,quest_accept_and_turnin,1.0,1,1
CSStartQuestContextPacket,SCChatMessagePacket,1,quest_accept_and_turnin,0.0714,1,14
CSStartQuestContextPacket,SCCombatClearedPacket,1,quest_accept_and_turnin,0.3333,1,3
CSStartQuestContextPacket,SCCombatFirstHitPacket,1,quest_accept_and_turnin,0.3333,1,3
CSStartQuestContextPacket,SCDoodadCreatedPacket,1,quest_accept_and_turnin,0.3333,1,3
CSStartQuestContextPacket,SCDoodadRemovedPacket,1,quest_accept_and_turnin,0.5,1,2
CSStartQuestContextPacket,SCDoodadsCreatedPacket,1,quest_accept_and_turnin,0.25,1,4
CSStartQuestContextPacket,SCDoodadsRemovedPacket,1,quest_accept_and_turnin,0.25,1,4
CSStartQuestContextPacket,SCErrorMsgPacket,1,quest_accept_and_turnin,0.3333,1,3
CSStartQuestContextPacket,SCExpChangedPacket,1,quest_accept_and_turnin,0.3333,1,3
CSStartQuestContextPacket,SCICSCashPointPacket,1,quest_accept_and_turnin,0.5,1,2
CSStartQuestContextPacket,SCItemTaskSuccessPacket,1,quest_accept_and_turnin,0.1,1,10
CSStartQuestContextPacket,SCMateSpawnedPacket,1,quest_accept_and_turnin,0.3333,1,3
CSStartQuestContextPacket,SCMateStatePacket,1,quest_accept_and_turnin,0.3333,1,3
CSStartQuestContextPacket,SCNpcChatMessagePacket,1,quest_accept_and_turnin,1.0,1,1
CSStartQuestContextPacket,SCNpcInteractionSkillListPacket,1,quest_accept_and_turnin,0.1667,1,6
CSStartQuestContextPacket,SCOneUnitMovementPacket,1,quest_accept_and_turnin,0.0714,1,14
CSStartQuestContextPacket,SCPlaySoundPacket,1,quest_accept_and_turnin,1.0,1,1
CSStartQuestContextPacket,SCPlotEndedPacket,1,quest_accept_and_turnin,1.0,1,1
CSStartQuestContextPacket,SCQuestContextCompletedPacket,1,quest_accept_and_turnin,1.0,1,1
CSStartQuestContextPacket,SCQuestContextStartedPacket,1,quest_accept_and_turnin,0.5,1,2
CSStartQuestContextPacket,SCQuestContextUpdatedPacket,1,quest_accept_and_turnin,0.3333,1,3
CSStartQuestContextPacket,SCSkillEndedPacket,1,quest_accept_and_turnin,0.1,1,10
CSStartQuestContextPacket,SCSkillFiredPacket,1,quest_accept_and_turnin,0.1,1,10
CSStartQuestContextPacket,SCSkillStartedPacket,1,quest_accept_and_turnin,0.25,1,4
CSStartQuestContextPacket,SCTargetChangedPacket,1,quest_accept_and_turnin,0.0833,1,12
CSStartQuestContextPacket,SCTimeOfDayPacket,1,quest_accept_and_turnin,0.0769,1,13
CSStartQuestContextPacket,SCUnitAttachedPacket,1,quest_accept_and_turnin,0.5,1,2
CSStartQuestContextPacket,SCUnitDamagedPacket,1,quest_accept_and_turnin,0.5,1,2
CSStartQuestContextPacket,SCUnitDeathPacket,1,quest_accept_and_turnin,0.3333,1,3
CSStartQuestContextPacket,SCUnitDetachedPacket,1,quest_accept_and_turnin,0.5,1,2
CSStartQuestContextPacket,SCUnitHealedPacket,1,quest_accept_and_turnin,0.5,1,2
CSStartQuestContextPacket,SCUnitModelPostureChangedPacket,1,quest_accept_and_turnin,0.0714,1,14
CSStartQuestContextPacket,SCUnitPointsPacket,1,quest_accept_and_turnin,0.1,1,10
CSStartQuestContextPacket,SCUnitStatePacket,1,quest_accept_and_turnin,0.25,1,4
CSStartQuestContextPacket,SCUnitsRemovedPacket,1,quest_accept_and_turnin,0.3333,1,3
CSStartQuestContextPacket,lifecycle:trace_started,1,quest_accept_and_turnin,0.0714,1,14
CSStartQuestContextPacket,lifecycle:trace_stopped,1,quest_accept_and_turnin,0.0769,1,13
CSStartQuestContextPacket,movement:move_begin,1,quest_accept_and_turnin,0.1111,1,9
CSStartQuestContextPacket,movement:move_stop,1,quest_accept_and_turnin,0.1111,1,9
CSStartQuestContextPacket,movement:movement_update,1,quest_accept_and_turnin,0.2,1,5
CSStartQuestContextPacket,packet:packet_in,1,quest_accept_and_turnin,0.0714,1,14
CSStartQuestContextPacket,packet:packet_out,1,quest_accept_and_turnin,0.0714,1,14
CSStartQuestContextPacket,refusal:skill_refused,1,quest_accept_and_turnin,1.0,1,1
CSStartQuestContextPacket,resource:money_changed,1,quest_accept_and_turnin,0.25,1,4
CSStartQuestContextPacket,skill:instant_cast,1,quest_accept_and_turnin,0.1667,1,6
CSStartQuestContextPacket,skill:skill_requested,1,quest_accept_and_turnin,0.1111,1,9
CSStartSkillPacket,CSUnMountMatePacket,1,quest_accept_and_turnin,0.1,9,2
CSStartSkillPacket,CSUpdateActionSlotPacket,1,quest_accept_and_turnin,0.1111,9,1
CSStartSkillPacket,SCCastingStoppedPacket,1,quest_accept_and_turnin,0.1111,9,1
CSStartSkillPacket,SCChatBubblePacket,1,quest_accept_and_turnin,0.1111,9,1
CSStartSkillPacket,SCNpcChatMessagePacket,1,quest_accept_and_turnin,0.1111,9,1
CSStartSkillPacket,SCPlaySoundPacket,1,quest_accept_and_turnin,0.1111,9,1
CSStartSkillPacket,SCPlotEndedPacket,1,quest_accept_and_turnin,0.1111,9,1
CSStartSkillPacket,SCQuestContextCompletedPacket,1,quest_accept_and_turnin,0.1111,9,1
CSStartSkillPacket,SCUnitDetachedPacket,1,quest_accept_and_turnin,0.1,9,2
CSStartSkillPacket,refusal:skill_refused,1,quest_accept_and_turnin,0.1111,9,1
CSUnMountMatePacket,CSUpdateActionSlotPacket,1,quest_accept_and_turnin,0.5,2,1
CSUnMountMatePacket,CompressedGamePackets,1,quest_accept_and_turnin,0.2,2,4
CSUnMountMatePacket,FastPingPacket,1,quest_accept_and_turnin,0.25,2,3
CSUnMountMatePacket,FastPongPacket,1,quest_accept_and_turnin,0.25,2,3
CSUnMountMatePacket,SCAggroTargetChangedPacket,1,quest_accept_and_turnin,0.25,2,3
CSUnMountMatePacket,SCAiAggroPacket,1,quest_accept_and_turnin,0.125,2,7
CSUnMountMatePacket,SCBmPointPacket,1,quest_accept_and_turnin,0.3333,2,2
CSUnMountMatePacket,SCBuffCreatedPacket,1,quest_accept_and_turnin,0.25,2,3
CSUnMountMatePacket,SCBuffRemovedPacket,1,quest_accept_and_turnin,0.25,2,3
CSUnMountMatePacket,SCCastingStoppedPacket,1,quest_accept_and_turnin,0.5,2,1
CSUnMountMatePacket,SCChatBubblePacket,1,quest_accept_and_turnin,0.5,2,1
CSUnMountMatePacket,SCCombatClearedPacket,1,quest_accept_and_turnin,0.25,2,3
CSUnMountMatePacket,SCCombatFirstHitPacket,1,quest_accept_and_turnin,0.25,2,3
CSUnMountMatePacket,SCDoodadCreatedPacket,1,quest_accept_and_turnin,0.25,2,3
CSUnMountMatePacket,SCDoodadRemovedPacket,1,quest_accept_and_turnin,0.3333,2,2
CSUnMountMatePacket,SCDoodadsCreatedPacket,1,quest_accept_and_turnin,0.2,2,4
CSUnMountMatePacket,SCDoodadsRemovedPacket,1,quest_accept_and_turnin,0.2,2,4
CSUnMountMatePacket,SCErrorMsgPacket,1,quest_accept_and_turnin,0.25,2,3
CSUnMountMatePacket,SCExpChangedPacket,1,quest_accept_and_turnin,0.25,2,3
CSUnMountMatePacket,SCICSCashPointPacket,1,quest_accept_and_turnin,0.3333,2,2
CSUnMountMatePacket,SCItemTaskSuccessPacket,1,quest_accept_and_turnin,0.0909,2,10
CSUnMountMatePacket,SCMateSpawnedPacket,1,quest_accept_and_turnin,0.25,2,3
CSUnMountMatePacket,SCMateStatePacket,1,quest_accept_and_turnin,0.25,2,3
CSUnMountMatePacket,SCNpcChatMessagePacket,1,quest_accept_and_turnin,0.5,2,1
CSUnMountMatePacket,SCNpcInteractionSkillListPacket,1,quest_accept_and_turnin,0.1429,2,6
CSUnMountMatePacket,SCPlaySoundPacket,1,quest_accept_and_turnin,0.5,2,1
CSUnMountMatePacket,SCPlotEndedPacket,1,quest_accept_and_turnin,0.5,2,1
CSUnMountMatePacket,SCQuestContextCompletedPacket,1,quest_accept_and_turnin,0.5,2,1
CSUnMountMatePacket,SCQuestContextStartedPacket,1,quest_accept_and_turnin,0.3333,2,2
CSUnMountMatePacket,SCQuestContextUpdatedPacket,1,quest_accept_and_turnin,0.25,2,3
CSUnMountMatePacket,SCSkillStartedPacket,1,quest_accept_and_turnin,0.2,2,4
CSUnMountMatePacket,SCUnitAttachedPacket,1,quest_accept_and_turnin,0.3333,2,2
CSUnMountMatePacket,SCUnitDamagedPacket,1,quest_accept_and_turnin,0.3333,2,2
CSUnMountMatePacket,SCUnitDeathPacket,1,quest_accept_and_turnin,0.25,2,3
CSUnMountMatePacket,SCUnitHealedPacket,1,quest_accept_and_turnin,0.3333,2,2
CSUnMountMatePacket,SCUnitStatePacket,1,quest_accept_and_turnin,0.2,2,4
CSUnMountMatePacket,SCUnitsRemovedPacket,1,quest_accept_and_turnin,0.25,2,3
CSUnMountMatePacket,refusal:skill_refused,1,quest_accept_and_turnin,0.5,2,1
CSUnMountMatePacket,resource:money_changed,1,quest_accept_and_turnin,0.2,2,4
CSUnMountMatePacket,skill:instant_cast,1,quest_accept_and_turnin,0.1429,2,6
CSUnMountMatePacket,skill:skill_requested,1,quest_accept_and_turnin,0.1,2,9
CSUpdateActionSlotPacket,CompressedGamePackets,1,quest_accept_and_turnin,0.25,1,4
CSUpdateActionSlotPacket,FastPingPacket,1,quest_accept_and_turnin,0.3333,1,3
CSUpdateActionSlotPacket,FastPongPacket,1,quest_accept_and_turnin,0.3333,1,3
CSUpdateActionSlotPacket,PingPacket,1,quest_accept_and_turnin,0.0714,1,14
CSUpdateActionSlotPacket,PongPacket,1,quest_accept_and_turnin,0.0714,1,14
CSUpdateActionSlotPacket,SCAggroTargetChangedPacket,1,quest_accept_and_turnin,0.3333,1,3
CSUpdateActionSlotPacket,SCAiAggroPacket,1,quest_accept_and_turnin,0.1429,1,7
CSUpdateActionSlotPacket,SCBmPointPacket,1,quest_accept_and_turnin,0.5,1,2
CSUpdateActionSlotPacket,SCBuffCreatedPacket,1,quest_accept_and_turnin,0.3333,1,3
CSUpdateActionSlotPacket,SCBuffRemovedPacket,1,quest_accept_and_turnin,0.3333,1,3
CSUpdateActionSlotPacket,SCCastingStoppedPacket,1,quest_accept_and_turnin,1.0,1,1
CSUpdateActionSlotPacket,SCChatBubblePacket,1,quest_accept_and_turnin,1.0,1,1
CSUpdateActionSlotPacket,SCChatMessagePacket,1,quest_accept_and_turnin,0.0714,1,14
CSUpdateActionSlotPacket,SCCombatClearedPacket,1,quest_accept_and_turnin,0.3333,1,3
CSUpdateActionSlotPacket,SCCombatFirstHitPacket,1,quest_accept_and_turnin,0.3333,1,3
CSUpdateActionSlotPacket,SCDoodadCreatedPacket,1,quest_accept_and_turnin,0.3333,1,3
CSUpdateActionSlotPacket,SCDoodadRemovedPacket,1,quest_accept_and_turnin,0.5,1,2
CSUpdateActionSlotPacket,SCDoodadsCreatedPacket,1,quest_accept_and_turnin,0.25,1,4
CSUpdateActionSlotPacket,SCDoodadsRemovedPacket,1,quest_accept_and_turnin,0.25,1,4
CSUpdateActionSlotPacket,SCErrorMsgPacket,1,quest_accept_and_turnin,0.3333,1,3
CSUpdateActionSlotPacket,SCExpChangedPacket,1,quest_accept_and_turnin,0.3333,1,3
CSUpdateActionSlotPacket,SCICSCashPointPacket,1,quest_accept_and_turnin,0.5,1,2
CSUpdateActionSlotPacket,SCItemTaskSuccessPacket,1,quest_accept_and_turnin,0.1,1,10
CSUpdateActionSlotPacket,SCMateSpawnedPacket,1,quest_accept_and_turnin,0.3333,1,3
CSUpdateActionSlotPacket,SCMateStatePacket,1,quest_accept_and_turnin,0.3333,1,3
CSUpdateActionSlotPacket,SCNpcChatMessagePacket,1,quest_accept_and_turnin,1.0,1,1
CSUpdateActionSlotPacket,SCNpcInteractionSkillListPacket,1,quest_accept_and_turnin,0.1667,1,6
CSUpdateActionSlotPacket,SCOneUnitMovementPacket,1,quest_accept_and_turnin,0.0714,1,14
CSUpdateActionSlotPacket,SCPlaySoundPacket,1,quest_accept_and_turnin,1.0,1,1
CSUpdateActionSlotPacket,SCPlotEndedPacket,1,quest_accept_and_turnin,1.0,1,1
CSUpdateActionSlotPacket,SCQuestContextCompletedPacket,1,quest_accept_and_turnin,1.0,1,1
CSUpdateActionSlotPacket,SCQuestContextStartedPacket,1,quest_accept_and_turnin,0.5,1,2
CSUpdateActionSlotPacket,SCQuestContextUpdatedPacket,1,quest_accept_and_turnin,0.3333,1,3
CSUpdateActionSlotPacket,SCSkillEndedPacket,1,quest_accept_and_turnin,0.1,1,10
CSUpdateActionSlotPacket,SCSkillFiredPacket,1,quest_accept_and_turnin,0.1,1,10
CSUpdateActionSlotPacket,SCSkillStartedPacket,1,quest_accept_and_turnin,0.25,1,4
CSUpdateActionSlotPacket,SCTargetChangedPacket,1,quest_accept_and_turnin,0.0833,1,12
CSUpdateActionSlotPacket,SCTimeOfDayPacket,1,quest_accept_and_turnin,0.0769,1,13
CSUpdateActionSlotPacket,SCUnitAttachedPacket,1,quest_accept_and_turnin,0.5,1,2
CSUpdateActionSlotPacket,SCUnitDamagedPacket,1,quest_accept_and_turnin,0.5,1,2
CSUpdateActionSlotPacket,SCUnitDeathPacket,1,quest_accept_and_turnin,0.3333,1,3
CSUpdateActionSlotPacket,SCUnitDetachedPacket,1,quest_accept_and_turnin,0.5,1,2
CSUpdateActionSlotPacket,SCUnitHealedPacket,1,quest_accept_and_turnin,0.5,1,2
CSUpdateActionSlotPacket,SCUnitModelPostureChangedPacket,1,quest_accept_and_turnin,0.0714,1,14
CSUpdateActionSlotPacket,SCUnitPointsPacket,1,quest_accept_and_turnin,0.1,1,10
CSUpdateActionSlotPacket,SCUnitStatePacket,1,quest_accept_and_turnin,0.25,1,4
CSUpdateActionSlotPacket,SCUnitsRemovedPacket,1,quest_accept_and_turnin,0.3333,1,3
CSUpdateActionSlotPacket,lifecycle:trace_started,1,quest_accept_and_turnin,0.0714,1,14
CSUpdateActionSlotPacket,lifecycle:trace_stopped,1,quest_accept_and_turnin,0.0769,1,13
CSUpdateActionSlotPacket,movement:move_begin,1,quest_accept_and_turnin,0.1111,1,9
CSUpdateActionSlotPacket,movement:move_stop,1,quest_accept_and_turnin,0.1111,1,9
CSUpdateActionSlotPacket,movement:movement_update,1,quest_accept_and_turnin,0.2,1,5
CSUpdateActionSlotPacket,packet:packet_in,1,quest_accept_and_turnin,0.0714,1,14
CSUpdateActionSlotPacket,packet:packet_out,1,quest_accept_and_turnin,0.0714,1,14
CSUpdateActionSlotPacket,refusal:skill_refused,1,quest_accept_and_turnin,1.0,1,1
CSUpdateActionSlotPacket,resource:money_changed,1,quest_accept_and_turnin,0.25,1,4
CSUpdateActionSlotPacket,skill:instant_cast,1,quest_accept_and_turnin,0.1667,1,6
CSUpdateActionSlotPacket,skill:skill_requested,1,quest_accept_and_turnin,0.1111,1,9
CompressedGamePackets,SCBmPointPacket,1,quest_accept_and_turnin,0.2,4,2
CompressedGamePackets,SCCastingStoppedPacket,1,quest_accept_and_turnin,0.25,4,1
CompressedGamePackets,SCChatBubblePacket,1,quest_accept_and_turnin,0.25,4,1
CompressedGamePackets,SCDoodadCreatedPacket,1,quest_accept_and_turnin,0.1667,4,3
CompressedGamePackets,SCDoodadRemovedPacket,1,quest_accept_and_turnin,0.2,4,2
CompressedGamePackets,SCErrorMsgPacket,1,quest_accept_and_turnin,0.1667,4,3
CompressedGamePackets,SCExpChangedPacket,1,quest_accept_and_turnin,0.1667,4,3
CompressedGamePackets,SCICSCashPointPacket,1,quest_accept_and_turnin,0.2,4,2
CompressedGamePackets,SCMateSpawnedPacket,1,quest_accept_and_turnin,0.1667,4,3
CompressedGamePackets,SCMateStatePacket,1,quest_accept_and_turnin,0.1667,4,3
CompressedGamePackets,SCNpcChatMessagePacket,1,quest_accept_and_turnin,0.25,4,1
CompressedGamePackets,SCPlaySoundPacket,1,quest_accept_and_turnin,0.25,4,1
CompressedGamePackets,SCPlotEndedPacket,1,quest_accept_and_turnin,0.25,4,1
CompressedGamePackets,SCQuestContextCompletedPacket,1,quest_accept_and_turnin,0.25,4,1
CompressedGamePackets,SCSkillStartedPacket,1,quest_accept_and_turnin,0.1429,4,4
CompressedGamePackets,SCUnitAttachedPacket,1,quest_accept_and_turnin,0.2,4,2
CompressedGamePackets,SCUnitDetachedPacket,1,quest_accept_and_turnin,0.2,4,2
CompressedGamePackets,refusal:skill_refused,1,quest_accept_and_turnin,0.25,4,1
CompressedGamePackets,resource:money_changed,1,quest_accept_and_turnin,0.1429,4,4
FastPingPacket,SCBmPointPacket,1,quest_accept_and_turnin,0.25,3,2
FastPingPacket,SCCastingStoppedPacket,1,quest_accept_and_turnin,0.3333,3,1
FastPingPacket,SCChatBubblePacket,1,quest_accept_and_turnin,0.3333,3,1
FastPingPacket,SCDoodadCreatedPacket,1,quest_accept_and_turnin,0.2,3,3
FastPingPacket,SCDoodadRemovedPacket,1,quest_accept_and_turnin,0.25,3,2
FastPingPacket,SCErrorMsgPacket,1,quest_accept_and_turnin,0.2,3,3
FastPingPacket,SCExpChangedPacket,1,quest_accept_and_turnin,0.2,3,3
FastPingPacket,SCICSCashPointPacket,1,quest_accept_and_turnin,0.25,3,2
FastPingPacket,SCItemTaskSuccessPacket,1,quest_accept_and_turnin,0.0833,3,10
FastPingPacket,SCMateSpawnedPacket,1,quest_accept_and_turnin,0.2,3,3
FastPingPacket,SCMateStatePacket,1,quest_accept_and_turnin,0.2,3,3
FastPingPacket,SCNpcChatMessagePacket,1,quest_accept_and_turnin,0.3333,3,1
FastPingPacket,SCPlaySoundPacket,1,quest_accept_and_turnin,0.3333,3,1
FastPingPacket,SCPlotEndedPacket,1,quest_accept_and_turnin,0.3333,3,1
FastPingPacket,SCQuestContextCompletedPacket,1,quest_accept_and_turnin,0.3333,3,1
FastPingPacket,SCSkillStartedPacket,1,quest_accept_and_turnin,0.1667,3,4
FastPingPacket,SCUnitAttachedPacket,1,quest_accept_and_turnin,0.25,3,2
FastPingPacket,SCUnitDetachedPacket,1,quest_accept_and_turnin,0.25,3,2
FastPingPacket,SCUnitStatePacket,1,quest_accept_and_turnin,0.1667,3,4
FastPingPacket,refusal:skill_refused,1,quest_accept_and_turnin,0.3333,3,1
FastPingPacket,resource:money_changed,1,quest_accept_and_turnin,0.1667,3,4
FastPongPacket,SCBmPointPacket,1,quest_accept_and_turnin,0.25,3,2
FastPongPacket,SCCastingStoppedPacket,1,quest_accept_and_turnin,0.3333,3,1
FastPongPacket,SCChatBubblePacket,1,quest_accept_and_turnin,0.3333,3,1
FastPongPacket,SCDoodadCreatedPacket,1,quest_accept_and_turnin,0.2,3,3
FastPongPacket,SCDoodadRemovedPacket,1,quest_accept_and_turnin,0.25,3,2
FastPongPacket,SCErrorMsgPacket,1,quest_accept_and_turnin,0.2,3,3
FastPongPacket,SCExpChangedPacket,1,quest_accept_and_turnin,0.2,3,3
FastPongPacket,SCICSCashPointPacket,1,quest_accept_and_turnin,0.25,3,2
FastPongPacket,SCItemTaskSuccessPacket,1,quest_accept_and_turnin,0.0833,3,10
FastPongPacket,SCMateSpawnedPacket,1,quest_accept_and_turnin,0.2,3,3
FastPongPacket,SCMateStatePacket,1,quest_accept_and_turnin,0.2,3,3
FastPongPacket,SCNpcChatMessagePacket,1,quest_accept_and_turnin,0.3333,3,1
FastPongPacket,SCPlaySoundPacket,1,quest_accept_and_turnin,0.3333,3,1
FastPongPacket,SCPlotEndedPacket,1,quest_accept_and_turnin,0.3333,3,1
FastPongPacket,SCQuestContextCompletedPacket,1,quest_accept_and_turnin,0.3333,3,1
FastPongPacket,SCSkillStartedPacket,1,quest_accept_and_turnin,0.1667,3,4
FastPongPacket,SCUnitAttachedPacket,1,quest_accept_and_turnin,0.25,3,2
FastPongPacket,SCUnitDetachedPacket,1,quest_accept_and_turnin,0.25,3,2
FastPongPacket,SCUnitStatePacket,1,quest_accept_and_turnin,0.1667,3,4
FastPongPacket,refusal:skill_refused,1,quest_accept_and_turnin,0.3333,3,1
FastPongPacket,resource:money_changed,1,quest_accept_and_turnin,0.1667,3,4
PingPacket,SCCastingStoppedPacket,1,quest_accept_and_turnin,0.0714,14,1
PingPacket,SCChatBubblePacket,1,quest_accept_and_turnin,0.0714,14,1
PingPacket,SCNpcChatMessagePacket,1,quest_accept_and_turnin,0.0714,14,1
PingPacket,SCPlaySoundPacket,1,quest_accept_and_turnin,0.0714,14,1
PingPacket,SCPlotEndedPacket,1,quest_accept_and_turnin,0.0714,14,1
PingPacket,SCQuestContextCompletedPacket,1,quest_accept_and_turnin,0.0714,14,1
PingPacket,refusal:skill_refused,1,quest_accept_and_turnin,0.0714,14,1
PongPacket,SCCastingStoppedPacket,1,quest_accept_and_turnin,0.0714,14,1
PongPacket,SCChatBubblePacket,1,quest_accept_and_turnin,0.0714,14,1
PongPacket,SCNpcChatMessagePacket,1,quest_accept_and_turnin,0.0714,14,1
PongPacket,SCPlaySoundPacket,1,quest_accept_and_turnin,0.0714,14,1
PongPacket,SCPlotEndedPacket,1,quest_accept_and_turnin,0.0714,14,1
PongPacket,SCQuestContextCompletedPacket,1,quest_accept_and_turnin,0.0714,14,1
PongPacket,refusal:skill_refused,1,quest_accept_and_turnin,0.0714,14,1
SCAggroTargetChangedPacket,SCBmPointPacket,1,quest_accept_and_turnin,0.25,3,2
SCAggroTargetChangedPacket,SCCastingStoppedPacket,1,quest_accept_and_turnin,0.3333,3,1
SCAggroTargetChangedPacket,SCChatBubblePacket,1,quest_accept_and_turnin,0.3333,3,1
SCAggroTargetChangedPacket,SCDoodadCreatedPacket,1,quest_accept_and_turnin,0.2,3,3
SCAggroTargetChangedPacket,SCDoodadRemovedPacket,1,quest_accept_and_turnin,0.25,3,2
SCAggroTargetChangedPacket,SCErrorMsgPacket,1,quest_accept_and_turnin,0.2,3,3
SCAggroTargetChangedPacket,SCExpChangedPacket,1,quest_accept_and_turnin,0.2,3,3
SCAggroTargetChangedPacket,SCICSCashPointPacket,1,quest_accept_and_turnin,0.25,3,2
SCAggroTargetChangedPacket,SCItemTaskSuccessPacket,1,quest_accept_and_turnin,0.0833,3,10
SCAggroTargetChangedPacket,SCMateSpawnedPacket,1,quest_accept_and_turnin,0.2,3,3
SCAggroTargetChangedPacket,SCMateStatePacket,1,quest_accept_and_turnin,0.2,3,3
SCAggroTargetChangedPacket,SCNpcChatMessagePacket,1,quest_accept_and_turnin,0.3333,3,1
SCAggroTargetChangedPacket,SCPlaySoundPacket,1,quest_accept_and_turnin,0.3333,3,1
SCAggroTargetChangedPacket,SCPlotEndedPacket,1,quest_accept_and_turnin,0.3333,3,1
SCAggroTargetChangedPacket,SCQuestContextCompletedPacket,1,quest_accept_and_turnin,0.3333,3,1
SCAggroTargetChangedPacket,SCSkillStartedPacket,1,quest_accept_and_turnin,0.1667,3,4
SCAggroTargetChangedPacket,SCUnitAttachedPacket,1,quest_accept_and_turnin,0.25,3,2
SCAggroTargetChangedPacket,SCUnitDetachedPacket,1,quest_accept_and_turnin,0.25,3,2
SCAggroTargetChangedPacket,SCUnitStatePacket,1,quest_accept_and_turnin,0.1667,3,4
SCAggroTargetChangedPacket,refusal:skill_refused,1,quest_accept_and_turnin,0.3333,3,1
SCAggroTargetChangedPacket,resource:money_changed,1,quest_accept_and_turnin,0.1667,3,4
SCAiAggroPacket,SCBmPointPacket,1,quest_accept_and_turnin,0.125,7,2
SCAiAggroPacket,SCCastingStoppedPacket,1,quest_accept_and_turnin,0.1429,7,1
SCAiAggroPacket,SCChatBubblePacket,1,quest_accept_and_turnin,0.1429,7,1
SCAiAggroPacket,SCDoodadRemovedPacket,1,quest_accept_and_turnin,0.125,7,2
SCAiAggroPacket,SCErrorMsgPacket,1,quest_accept_and_turnin,0.1111,7,3
SCAiAggroPacket,SCExpChangedPacket,1,quest_accept_and_turnin,0.1111,7,3
SCAiAggroPacket,SCICSCashPointPacket,1,quest_accept_and_turnin,0.125,7,2
SCAiAggroPacket,SCMateSpawnedPacket,1,quest_accept_and_turnin,0.1111,7,3
SCAiAggroPacket,SCMateStatePacket,1,quest_accept_and_turnin,0.1111,7,3
SCAiAggroPacket,SCNpcChatMessagePacket,1,quest_accept_and_turnin,0.1429,7,1
SCAiAggroPacket,SCPlaySoundPacket,1,quest_accept_and_turnin,0.1429,7,1
SCAiAggroPacket,SCPlotEndedPacket,1,quest_accept_and_turnin,0.1429,7,1
SCAiAggroPacket,SCQuestContextCompletedPacket,1,quest_accept_and_turnin,0.1429,7,1
SCAiAggroPacket,SCUnitAttachedPacket,1,quest_accept_and_turnin,0.125,7,2
SCAiAggroPacket,SCUnitDetachedPacket,1,quest_accept_and_turnin,0.125,7,2
SCAiAggroPacket,SCUnitStatePacket,1,quest_accept_and_turnin,0.1,7,4
SCAiAggroPacket,refusal:skill_refused,1,quest_accept_and_turnin,0.1429,7,1
SCBmPointPacket,SCBuffCreatedPacket,1,quest_accept_and_turnin,0.25,2,3
SCBmPointPacket,SCBuffRemovedPacket,1,quest_accept_and_turnin,0.25,2,3
SCBmPointPacket,SCCastingStoppedPacket,1,quest_accept_and_turnin,0.5,2,1
SCBmPointPacket,SCChatBubblePacket,1,quest_accept_and_turnin,0.5,2,1
SCBmPointPacket,SCCombatClearedPacket,1,quest_accept_and_turnin,0.25,2,3
SCBmPointPacket,SCCombatFirstHitPacket,1,quest_accept_and_turnin,0.25,2,3
SCBmPointPacket,SCDoodadCreatedPacket,1,quest_accept_and_turnin,0.25,2,3
SCBmPointPacket,SCMateSpawnedPacket,1,quest_accept_and_turnin,0.25,2,3
SCBmPointPacket,SCMateStatePacket,1,quest_accept_and_turnin,0.25,2,3
SCBmPointPacket,SCNpcChatMessagePacket,1,quest_accept_and_turnin,0.5,2,1
SCBmPointPacket,SCNpcInteractionSkillListPacket,1,quest_accept_and_turnin,0.1429,2,6
SCBmPointPacket,SCPlaySoundPacket,1,quest_accept_and_turnin,0.5,2,1
SCBmPointPacket,SCPlotEndedPacket,1,quest_accept_and_turnin,0.5,2,1
SCBmPointPacket,SCQuestContextCompletedPacket,1,quest_accept_and_turnin,0.5,2,1
SCBmPointPacket,SCQuestContextStartedPacket,1,quest_accept_and_turnin,0.3333,2,2
SCBmPointPacket,SCQuestContextUpdatedPacket,1,quest_accept_and_turnin,0.25,2,3
SCBmPointPacket,SCUnitAttachedPacket,1,quest_accept_and_turnin,0.3333,2,2
SCBmPointPacket,SCUnitDamagedPacket,1,quest_accept_and_turnin,0.3333,2,2
SCBmPointPacket,SCUnitDeathPacket,1,quest_accept_and_turnin,0.25,2,3
SCBmPointPacket,SCUnitDetachedPacket,1,quest_accept_and_turnin,0.3333,2,2
SCBmPointPacket,SCUnitHealedPacket,1,quest_accept_and_turnin,0.3333,2,2
SCBmPointPacket,SCUnitStatePacket,1,quest_accept_and_turnin,0.2,2,4
SCBmPointPacket,SCUnitsRemovedPacket,1,quest_accept_and_turnin,0.25,2,3
SCBmPointPacket,refusal:skill_refused,1,quest_accept_and_turnin,0.5,2,1
SCBmPointPacket,resource:money_changed,1,quest_accept_and_turnin,0.2,2,4
SCBmPointPacket,skill:instant_cast,1,quest_accept_and_turnin,0.1429,2,6
SCBuffCreatedPacket,SCCastingStoppedPacket,1,quest_accept_and_turnin,0.3333,3,1
SCBuffCreatedPacket,SCChatBubblePacket,1,quest_accept_and_turnin,0.3333,3,1
SCBuffCreatedPacket,SCDoodadCreatedPacket,1,quest_accept_and_turnin,0.2,3,3
SCBuffCreatedPacket,SCDoodadRemovedPacket,1,quest_accept_and_turnin,0.25,3,2
SCBuffCreatedPacket,SCErrorMsgPacket,1,quest_accept_and_turnin,0.2,3,3
SCBuffCreatedPacket,SCExpChangedPacket,1,quest_accept_and_turnin,0.2,3,3
SCBuffCreatedPacket,SCICSCashPointPacket,1,quest_accept_and_turnin,0.25,3,2
SCBuffCreatedPacket,SCItemTaskSuccessPacket,1,quest_accept_and_turnin,0.0833,3,10
SCBuffCreatedPacket,SCMateSpawnedPacket,1,quest_accept_and_turnin,0.2,3,3
SCBuffCreatedPacket,SCMateStatePacket,1,quest_accept_and_turnin,0.2,3,3
SCBuffCreatedPacket,SCNpcChatMessagePacket,1,quest_accept_and_turnin,0.3333,3,1
SCBuffCreatedPacket,SCPlaySoundPacket,1,quest_accept_and_turnin,0.3333,3,1
SCBuffCreatedPacket,SCPlotEndedPacket,1,quest_accept_and_turnin,0.3333,3,1
SCBuffCreatedPacket,SCQuestContextCompletedPacket,1,quest_accept_and_turnin,0.3333,3,1
SCBuffCreatedPacket,SCSkillStartedPacket,1,quest_accept_and_turnin,0.1667,3,4
SCBuffCreatedPacket,SCUnitAttachedPacket,1,quest_accept_and_turnin,0.25,3,2
SCBuffCreatedPacket,SCUnitDetachedPacket,1,quest_accept_and_turnin,0.25,3,2
SCBuffCreatedPacket,SCUnitStatePacket,1,quest_accept_and_turnin,0.1667,3,4
SCBuffCreatedPacket,refusal:skill_refused,1,quest_accept_and_turnin,0.3333,3,1
SCBuffCreatedPacket,resource:money_changed,1,quest_accept_and_turnin,0.1667,3,4
SCBuffRemovedPacket,SCCastingStoppedPacket,1,quest_accept_and_turnin,0.3333,3,1
SCBuffRemovedPacket,SCChatBubblePacket,1,quest_accept_and_turnin,0.3333,3,1
SCBuffRemovedPacket,SCDoodadCreatedPacket,1,quest_accept_and_turnin,0.2,3,3
SCBuffRemovedPacket,SCDoodadRemovedPacket,1,quest_accept_and_turnin,0.25,3,2
SCBuffRemovedPacket,SCErrorMsgPacket,1,quest_accept_and_turnin,0.2,3,3
SCBuffRemovedPacket,SCExpChangedPacket,1,quest_accept_and_turnin,0.2,3,3
SCBuffRemovedPacket,SCICSCashPointPacket,1,quest_accept_and_turnin,0.25,3,2
SCBuffRemovedPacket,SCItemTaskSuccessPacket,1,quest_accept_and_turnin,0.0833,3,10
SCBuffRemovedPacket,SCMateSpawnedPacket,1,quest_accept_and_turnin,0.2,3,3
SCBuffRemovedPacket,SCMateStatePacket,1,quest_accept_and_turnin,0.2,3,3
SCBuffRemovedPacket,SCNpcChatMessagePacket,1,quest_accept_and_turnin,0.3333,3,1
SCBuffRemovedPacket,SCPlaySoundPacket,1,quest_accept_and_turnin,0.3333,3,1
SCBuffRemovedPacket,SCPlotEndedPacket,1,quest_accept_and_turnin,0.3333,3,1
SCBuffRemovedPacket,SCQuestContextCompletedPacket,1,quest_accept_and_turnin,0.3333,3,1
SCBuffRemovedPacket,SCSkillStartedPacket,1,quest_accept_and_turnin,0.1667,3,4
SCBuffRemovedPacket,SCUnitAttachedPacket,1,quest_accept_and_turnin,0.25,3,2
SCBuffRemovedPacket,SCUnitDetachedPacket,1,quest_accept_and_turnin,0.25,3,2
SCBuffRemovedPacket,SCUnitStatePacket,1,quest_accept_and_turnin,0.1667,3,4
SCBuffRemovedPacket,refusal:skill_refused,1,quest_accept_and_turnin,0.3333,3,1
SCBuffRemovedPacket,resource:money_changed,1,quest_accept_and_turnin,0.1667,3,4
SCCastingStoppedPacket,SCChatBubblePacket,1,quest_accept_and_turnin,1.0,1,1
SCCastingStoppedPacket,SCChatMessagePacket,1,quest_accept_and_turnin,0.0714,1,14
SCCastingStoppedPacket,SCCombatClearedPacket,1,quest_accept_and_turnin,0.3333,1,3
SCCastingStoppedPacket,SCCombatFirstHitPacket,1,quest_accept_and_turnin,0.3333,1,3
SCCastingStoppedPacket,SCDoodadCreatedPacket,1,quest_accept_and_turnin,0.3333,1,3
SCCastingStoppedPacket,SCDoodadRemovedPacket,1,quest_accept_and_turnin,0.5,1,2
SCCastingStoppedPacket,SCDoodadsCreatedPacket,1,quest_accept_and_turnin,0.25,1,4
SCCastingStoppedPacket,SCDoodadsRemovedPacket,1,quest_accept_and_turnin,0.25,1,4
SCCastingStoppedPacket,SCErrorMsgPacket,1,quest_accept_and_turnin,0.3333,1,3
SCCastingStoppedPacket,SCExpChangedPacket,1,quest_accept_and_turnin,0.3333,1,3
SCCastingStoppedPacket,SCICSCashPointPacket,1,quest_accept_and_turnin,0.5,1,2
SCCastingStoppedPacket,SCItemTaskSuccessPacket,1,quest_accept_and_turnin,0.1,1,10
SCCastingStoppedPacket,SCMateSpawnedPacket,1,quest_accept_and_turnin,0.3333,1,3
SCCastingStoppedPacket,SCMateStatePacket,1,quest_accept_and_turnin,0.3333,1,3
SCCastingStoppedPacket,SCNpcChatMessagePacket,1,quest_accept_and_turnin,1.0,1,1
SCCastingStoppedPacket,SCNpcInteractionSkillListPacket,1,quest_accept_and_turnin,0.1667,1,6
SCCastingStoppedPacket,SCOneUnitMovementPacket,1,quest_accept_and_turnin,0.0714,1,14
SCCastingStoppedPacket,SCPlaySoundPacket,1,quest_accept_and_turnin,1.0,1,1
SCCastingStoppedPacket,SCPlotEndedPacket,1,quest_accept_and_turnin,1.0,1,1
SCCastingStoppedPacket,SCQuestContextCompletedPacket,1,quest_accept_and_turnin,1.0,1,1
SCCastingStoppedPacket,SCQuestContextStartedPacket,1,quest_accept_and_turnin,0.5,1,2
SCCastingStoppedPacket,SCQuestContextUpdatedPacket,1,quest_accept_and_turnin,0.3333,1,3
SCCastingStoppedPacket,SCSkillEndedPacket,1,quest_accept_and_turnin,0.1,1,10
SCCastingStoppedPacket,SCSkillFiredPacket,1,quest_accept_and_turnin,0.1,1,10
SCCastingStoppedPacket,SCSkillStartedPacket,1,quest_accept_and_turnin,0.25,1,4
SCCastingStoppedPacket,SCTargetChangedPacket,1,quest_accept_and_turnin,0.0833,1,12
SCCastingStoppedPacket,SCTimeOfDayPacket,1,quest_accept_and_turnin,0.0769,1,13
SCCastingStoppedPacket,SCUnitAttachedPacket,1,quest_accept_and_turnin,0.5,1,2
SCCastingStoppedPacket,SCUnitDamagedPacket,1,quest_accept_and_turnin,0.5,1,2
SCCastingStoppedPacket,SCUnitDeathPacket,1,quest_accept_and_turnin,0.3333,1,3
SCCastingStoppedPacket,SCUnitDetachedPacket,1,quest_accept_and_turnin,0.5,1,2
SCCastingStoppedPacket,SCUnitHealedPacket,1,quest_accept_and_turnin,0.5,1,2
SCCastingStoppedPacket,SCUnitModelPostureChangedPacket,1,quest_accept_and_turnin,0.0714,1,14
SCCastingStoppedPacket,SCUnitPointsPacket,1,quest_accept_and_turnin,0.1,1,10
SCCastingStoppedPacket,SCUnitStatePacket,1,quest_accept_and_turnin,0.25,1,4
SCCastingStoppedPacket,SCUnitsRemovedPacket,1,quest_accept_and_turnin,0.3333,1,3
SCCastingStoppedPacket,lifecycle:trace_started,1,quest_accept_and_turnin,0.0714,1,14
SCCastingStoppedPacket,lifecycle:trace_stopped,1,quest_accept_and_turnin,0.0769,1,13
SCCastingStoppedPacket,movement:move_begin,1,quest_accept_and_turnin,0.1111,1,9
SCCastingStoppedPacket,movement:move_stop,1,quest_accept_and_turnin,0.1111,1,9
SCCastingStoppedPacket,movement:movement_update,1,quest_accept_and_turnin,0.2,1,5
SCCastingStoppedPacket,packet:packet_in,1,quest_accept_and_turnin,0.0714,1,14
SCCastingStoppedPacket,packet:packet_out,1,quest_accept_and_turnin,0.0714,1,14
SCCastingStoppedPacket,refusal:skill_refused,1,quest_accept_and_turnin,1.0,1,1
SCCastingStoppedPacket,resource:money_changed,1,quest_accept_and_turnin,0.25,1,4
SCCastingStoppedPacket,skill:instant_cast,1,quest_accept_and_turnin,0.1667,1,6
SCCastingStoppedPacket,skill:skill_requested,1,quest_accept_and_turnin,0.1111,1,9
SCChatBubblePacket,SCChatMessagePacket,1,quest_accept_and_turnin,0.0714,1,14
SCChatBubblePacket,SCCombatClearedPacket,1,quest_accept_and_turnin,0.3333,1,3
SCChatBubblePacket,SCCombatFirstHitPacket,1,quest_accept_and_turnin,0.3333,1,3
SCChatBubblePacket,SCDoodadCreatedPacket,1,quest_accept_and_turnin,0.3333,1,3
SCChatBubblePacket,SCDoodadRemovedPacket,1,quest_accept_and_turnin,0.5,1,2
SCChatBubblePacket,SCDoodadsCreatedPacket,1,quest_accept_and_turnin,0.25,1,4
SCChatBubblePacket,SCDoodadsRemovedPacket,1,quest_accept_and_turnin,0.25,1,4
SCChatBubblePacket,SCErrorMsgPacket,1,quest_accept_and_turnin,0.3333,1,3
SCChatBubblePacket,SCExpChangedPacket,1,quest_accept_and_turnin,0.3333,1,3
SCChatBubblePacket,SCICSCashPointPacket,1,quest_accept_and_turnin,0.5,1,2
SCChatBubblePacket,SCItemTaskSuccessPacket,1,quest_accept_and_turnin,0.1,1,10
SCChatBubblePacket,SCMateSpawnedPacket,1,quest_accept_and_turnin,0.3333,1,3
SCChatBubblePacket,SCMateStatePacket,1,quest_accept_and_turnin,0.3333,1,3
SCChatBubblePacket,SCNpcChatMessagePacket,1,quest_accept_and_turnin,1.0,1,1
SCChatBubblePacket,SCNpcInteractionSkillListPacket,1,quest_accept_and_turnin,0.1667,1,6
SCChatBubblePacket,SCOneUnitMovementPacket,1,quest_accept_and_turnin,0.0714,1,14
SCChatBubblePacket,SCPlaySoundPacket,1,quest_accept_and_turnin,1.0,1,1
SCChatBubblePacket,SCPlotEndedPacket,1,quest_accept_and_turnin,1.0,1,1
SCChatBubblePacket,SCQuestContextCompletedPacket,1,quest_accept_and_turnin,1.0,1,1
SCChatBubblePacket,SCQuestContextStartedPacket,1,quest_accept_and_turnin,0.5,1,2
SCChatBubblePacket,SCQuestContextUpdatedPacket,1,quest_accept_and_turnin,0.3333,1,3
SCChatBubblePacket,SCSkillEndedPacket,1,quest_accept_and_turnin,0.1,1,10
SCChatBubblePacket,SCSkillFiredPacket,1,quest_accept_and_turnin,0.1,1,10
SCChatBubblePacket,SCSkillStartedPacket,1,quest_accept_and_turnin,0.25,1,4
SCChatBubblePacket,SCTargetChangedPacket,1,quest_accept_and_turnin,0.0833,1,12
SCChatBubblePacket,SCTimeOfDayPacket,1,quest_accept_and_turnin,0.0769,1,13
SCChatBubblePacket,SCUnitAttachedPacket,1,quest_accept_and_turnin,0.5,1,2
SCChatBubblePacket,SCUnitDamagedPacket,1,quest_accept_and_turnin,0.5,1,2
SCChatBubblePacket,SCUnitDeathPacket,1,quest_accept_and_turnin,0.3333,1,3
SCChatBubblePacket,SCUnitDetachedPacket,1,quest_accept_and_turnin,0.5,1,2
SCChatBubblePacket,SCUnitHealedPacket,1,quest_accept_and_turnin,0.5,1,2
SCChatBubblePacket,SCUnitModelPostureChangedPacket,1,quest_accept_and_turnin,0.0714,1,14
SCChatBubblePacket,SCUnitPointsPacket,1,quest_accept_and_turnin,0.1,1,10
SCChatBubblePacket,SCUnitStatePacket,1,quest_accept_and_turnin,0.25,1,4
SCChatBubblePacket,SCUnitsRemovedPacket,1,quest_accept_and_turnin,0.3333,1,3
SCChatBubblePacket,lifecycle:trace_started,1,quest_accept_and_turnin,0.0714,1,14
SCChatBubblePacket,lifecycle:trace_stopped,1,quest_accept_and_turnin,0.0769,1,13
SCChatBubblePacket,movement:move_begin,1,quest_accept_and_turnin,0.1111,1,9
SCChatBubblePacket,movement:move_stop,1,quest_accept_and_turnin,0.1111,1,9
SCChatBubblePacket,movement:movement_update,1,quest_accept_and_turnin,0.2,1,5
SCChatBubblePacket,packet:packet_in,1,quest_accept_and_turnin,0.0714,1,14
SCChatBubblePacket,packet:packet_out,1,quest_accept_and_turnin,0.0714,1,14
SCChatBubblePacket,refusal:skill_refused,1,quest_accept_and_turnin,1.0,1,1
SCChatBubblePacket,resource:money_changed,1,quest_accept_and_turnin,0.25,1,4
SCChatBubblePacket,skill:instant_cast,1,quest_accept_and_turnin,0.1667,1,6
SCChatBubblePacket,skill:skill_requested,1,quest_accept_and_turnin,0.1111,1,9
SCChatMessagePacket,SCNpcChatMessagePacket,1,quest_accept_and_turnin,0.0714,14,1
SCChatMessagePacket,SCPlaySoundPacket,1,quest_accept_and_turnin,0.0714,14,1
SCChatMessagePacket,SCPlotEndedPacket,1,quest_accept_and_turnin,0.0714,14,1
SCChatMessagePacket,SCQuestContextCompletedPacket,1,quest_accept_and_turnin,0.0714,14,1
SCChatMessagePacket,refusal:skill_refused,1,quest_accept_and_turnin,0.0714,14,1
SCCombatClearedPacket,SCDoodadCreatedPacket,1,quest_accept_and_turnin,0.2,3,3
SCCombatClearedPacket,SCDoodadRemovedPacket,1,quest_accept_and_turnin,0.25,3,2
SCCombatClearedPacket,SCErrorMsgPacket,1,quest_accept_and_turnin,0.2,3,3
SCCombatClearedPacket,SCExpChangedPacket,1,quest_accept_and_turnin,0.2,3,3
SCCombatClearedPacket,SCICSCashPointPacket,1,quest_accept_and_turnin,0.25,3,2
SCCombatClearedPacket,SCItemTaskSuccessPacket,1,quest_accept_and_turnin,0.0833,3,10
SCCombatClearedPacket,SCMateSpawnedPacket,1,quest_accept_and_turnin,0.2,3,3
SCCombatClearedPacket,SCMateStatePacket,1,quest_accept_and_turnin,0.2,3,3
SCCombatClearedPacket,SCNpcChatMessagePacket,1,quest_accept_and_turnin,0.3333,3,1
SCCombatClearedPacket,SCPlaySoundPacket,1,quest_accept_and_turnin,0.3333,3,1
SCCombatClearedPacket,SCPlotEndedPacket,1,quest_accept_and_turnin,0.3333,3,1
SCCombatClearedPacket,SCQuestContextCompletedPacket,1,quest_accept_and_turnin,0.3333,3,1
SCCombatClearedPacket,SCSkillStartedPacket,1,quest_accept_and_turnin,0.1667,3,4
SCCombatClearedPacket,SCUnitAttachedPacket,1,quest_accept_and_turnin,0.25,3,2
SCCombatClearedPacket,SCUnitDetachedPacket,1,quest_accept_and_turnin,0.25,3,2
SCCombatClearedPacket,SCUnitStatePacket,1,quest_accept_and_turnin,0.1667,3,4
SCCombatClearedPacket,refusal:skill_refused,1,quest_accept_and_turnin,0.3333,3,1
SCCombatClearedPacket,resource:money_changed,1,quest_accept_and_turnin,0.1667,3,4
SCCombatFirstHitPacket,SCDoodadCreatedPacket,1,quest_accept_and_turnin,0.2,3,3
SCCombatFirstHitPacket,SCDoodadRemovedPacket,1,quest_accept_and_turnin,0.25,3,2
SCCombatFirstHitPacket,SCErrorMsgPacket,1,quest_accept_and_turnin,0.2,3,3
SCCombatFirstHitPacket,SCExpChangedPacket,1,quest_accept_and_turnin,0.2,3,3
SCCombatFirstHitPacket,SCICSCashPointPacket,1,quest_accept_and_turnin,0.25,3,2
SCCombatFirstHitPacket,SCItemTaskSuccessPacket,1,quest_accept_and_turnin,0.0833,3,10
SCCombatFirstHitPacket,SCMateSpawnedPacket,1,quest_accept_and_turnin,0.2,3,3
SCCombatFirstHitPacket,SCMateStatePacket,1,quest_accept_and_turnin,0.2,3,3
SCCombatFirstHitPacket,SCNpcChatMessagePacket,1,quest_accept_and_turnin,0.3333,3,1
SCCombatFirstHitPacket,SCPlaySoundPacket,1,quest_accept_and_turnin,0.3333,3,1
SCCombatFirstHitPacket,SCPlotEndedPacket,1,quest_accept_and_turnin,0.3333,3,1
SCCombatFirstHitPacket,SCQuestContextCompletedPacket,1,quest_accept_and_turnin,0.3333,3,1
SCCombatFirstHitPacket,SCSkillStartedPacket,1,quest_accept_and_turnin,0.1667,3,4
SCCombatFirstHitPacket,SCUnitAttachedPacket,1,quest_accept_and_turnin,0.25,3,2
SCCombatFirstHitPacket,SCUnitDetachedPacket,1,quest_accept_and_turnin,0.25,3,2
SCCombatFirstHitPacket,SCUnitStatePacket,1,quest_accept_and_turnin,0.1667,3,4
SCCombatFirstHitPacket,refusal:skill_refused,1,quest_accept_and_turnin,0.3333,3,1
SCCombatFirstHitPacket,resource:money_changed,1,quest_accept_and_turnin,0.1667,3,4
SCDoodadCreatedPacket,SCDoodadRemovedPacket,1,quest_accept_and_turnin,0.25,3,2
SCDoodadCreatedPacket,SCErrorMsgPacket,1,quest_accept_and_turnin,0.2,3,3
SCDoodadCreatedPacket,SCExpChangedPacket,1,quest_accept_and_turnin,0.2,3,3
SCDoodadCreatedPacket,SCICSCashPointPacket,1,quest_accept_and_turnin,0.25,3,2
SCDoodadCreatedPacket,SCMateSpawnedPacket,1,quest_accept_and_turnin,0.2,3,3
SCDoodadCreatedPacket,SCMateStatePacket,1,quest_accept_and_turnin,0.2,3,3
SCDoodadCreatedPacket,SCNpcChatMessagePacket,1,quest_accept_and_turnin,0.3333,3,1
SCDoodadCreatedPacket,SCPlaySoundPacket,1,quest_accept_and_turnin,0.3333,3,1
SCDoodadCreatedPacket,SCPlotEndedPacket,1,quest_accept_and_turnin,0.3333,3,1
SCDoodadCreatedPacket,SCQuestContextCompletedPacket,1,quest_accept_and_turnin,0.3333,3,1
SCDoodadCreatedPacket,SCQuestContextStartedPacket,1,quest_accept_and_turnin,0.25,3,2
SCDoodadCreatedPacket,SCQuestContextUpdatedPacket,1,quest_accept_and_turnin,0.2,3,3
SCDoodadCreatedPacket,SCUnitAttachedPacket,1,quest_accept_and_turnin,0.25,3,2
SCDoodadCreatedPacket,SCUnitDamagedPacket,1,quest_accept_and_turnin,0.25,3,2
SCDoodadCreatedPacket,SCUnitDeathPacket,1,quest_accept_and_turnin,0.2,3,3
SCDoodadCreatedPacket,SCUnitDetachedPacket,1,quest_accept_and_turnin,0.25,3,2
SCDoodadCreatedPacket,SCUnitHealedPacket,1,quest_accept_and_turnin,0.25,3,2
SCDoodadCreatedPacket,SCUnitStatePacket,1,quest_accept_and_turnin,0.1667,3,4
SCDoodadCreatedPacket,SCUnitsRemovedPacket,1,quest_accept_and_turnin,0.2,3,3
SCDoodadCreatedPacket,refusal:skill_refused,1,quest_accept_and_turnin,0.3333,3,1
SCDoodadCreatedPacket,skill:instant_cast,1,quest_accept_and_turnin,0.125,3,6
SCDoodadRemovedPacket,SCMateSpawnedPacket,1,quest_accept_and_turnin,0.25,2,3
SCDoodadRemovedPacket,SCMateStatePacket,1,quest_accept_and_turnin,0.25,2,3
SCDoodadRemovedPacket,SCNpcChatMessagePacket,1,quest_accept_and_turnin,0.5,2,1
SCDoodadRemovedPacket,SCNpcInteractionSkillListPacket,1,quest_accept_and_turnin,0.1429,2,6
SCDoodadRemovedPacket,SCPlaySoundPacket,1,quest_accept_and_turnin,0.5,2,1
SCDoodadRemovedPacket,SCPlotEndedPacket,1,quest_accept_and_turnin,0.5,2,1
SCDoodadRemovedPacket,SCQuestContextCompletedPacket,1,quest_accept_and_turnin,0.5,2,1
SCDoodadRemovedPacket,SCQuestContextStartedPacket,1,quest_accept_and_turnin,0.3333,2,2
SCDoodadRemovedPacket,SCQuestContextUpdatedPacket,1,quest_accept_and_turnin,0.25,2,3
SCDoodadRemovedPacket,SCUnitAttachedPacket,1,quest_accept_and_turnin,0.3333,2,2
SCDoodadRemovedPacket,SCUnitDamagedPacket,1,quest_accept_and_turnin,0.3333,2,2
SCDoodadRemovedPacket,SCUnitDeathPacket,1,quest_accept_and_turnin,0.25,2,3
SCDoodadRemovedPacket,SCUnitDetachedPacket,1,quest_accept_and_turnin,0.3333,2,2
SCDoodadRemovedPacket,SCUnitHealedPacket,1,quest_accept_and_turnin,0.3333,2,2
SCDoodadRemovedPacket,SCUnitStatePacket,1,quest_accept_and_turnin,0.2,2,4
SCDoodadRemovedPacket,SCUnitsRemovedPacket,1,quest_accept_and_turnin,0.25,2,3
SCDoodadRemovedPacket,refusal:skill_refused,1,quest_accept_and_turnin,0.5,2,1
SCDoodadRemovedPacket,resource:money_changed,1,quest_accept_and_turnin,0.2,2,4
SCDoodadRemovedPacket,skill:instant_cast,1,quest_accept_and_turnin,0.1429,2,6
SCDoodadsCreatedPacket,SCMateSpawnedPacket,1,quest_accept_and_turnin,0.1667,4,3
SCDoodadsCreatedPacket,SCMateStatePacket,1,quest_accept_and_turnin,0.1667,4,3
SCDoodadsCreatedPacket,SCNpcChatMessagePacket,1,quest_accept_and_turnin,0.25,4,1
SCDoodadsCreatedPacket,SCPlaySoundPacket,1,quest_accept_and_turnin,0.25,4,1
SCDoodadsCreatedPacket,SCPlotEndedPacket,1,quest_accept_and_turnin,0.25,4,1
SCDoodadsCreatedPacket,SCQuestContextCompletedPacket,1,quest_accept_and_turnin,0.25,4,1
SCDoodadsCreatedPacket,SCUnitAttachedPacket,1,quest_accept_and_turnin,0.2,4,2
SCDoodadsCreatedPacket,SCUnitDamagedPacket,1,quest_accept_and_turnin,0.2,4,2
SCDoodadsCreatedPacket,SCUnitDetachedPacket,1,quest_accept_and_turnin,0.2,4,2
SCDoodadsCreatedPacket,SCUnitStatePacket,1,quest_accept_and_turnin,0.1429,4,4
SCDoodadsCreatedPacket,refusal:skill_refused,1,quest_accept_and_turnin,0.25,4,1
SCDoodadsRemovedPacket,SCMateSpawnedPacket,1,quest_accept_and_turnin,0.1667,4,3
SCDoodadsRemovedPacket,SCMateStatePacket,1,quest_accept_and_turnin,0.1667,4,3
SCDoodadsRemovedPacket,SCNpcChatMessagePacket,1,quest_accept_and_turnin,0.25,4,1
SCDoodadsRemovedPacket,SCPlaySoundPacket,1,quest_accept_and_turnin,0.25,4,1
SCDoodadsRemovedPacket,SCPlotEndedPacket,1,quest_accept_and_turnin,0.25,4,1
SCDoodadsRemovedPacket,SCQuestContextCompletedPacket,1,quest_accept_and_turnin,0.25,4,1
SCDoodadsRemovedPacket,SCUnitAttachedPacket,1,quest_accept_and_turnin,0.2,4,2
SCDoodadsRemovedPacket,SCUnitDamagedPacket,1,quest_accept_and_turnin,0.2,4,2
SCDoodadsRemovedPacket,SCUnitDetachedPacket,1,quest_accept_and_turnin,0.2,4,2
SCDoodadsRemovedPacket,SCUnitStatePacket,1,quest_accept_and_turnin,0.1429,4,4
SCDoodadsRemovedPacket,refusal:skill_refused,1,quest_accept_and_turnin,0.25,4,1
SCErrorMsgPacket,SCMateSpawnedPacket,1,quest_accept_and_turnin,0.2,3,3
SCErrorMsgPacket,SCMateStatePacket,1,quest_accept_and_turnin,0.2,3,3
SCErrorMsgPacket,SCNpcChatMessagePacket,1,quest_accept_and_turnin,0.3333,3,1
SCErrorMsgPacket,SCNpcInteractionSkillListPacket,1,quest_accept_and_turnin,0.125,3,6
SCErrorMsgPacket,SCPlaySoundPacket,1,quest_accept_and_turnin,0.3333,3,1
SCErrorMsgPacket,SCPlotEndedPacket,1,quest_accept_and_turnin,0.3333,3,1
SCErrorMsgPacket,SCQuestContextCompletedPacket,1,quest_accept_and_turnin,0.3333,3,1
SCErrorMsgPacket,SCQuestContextStartedPacket,1,quest_accept_and_turnin,0.25,3,2
SCErrorMsgPacket,SCQuestContextUpdatedPacket,1,quest_accept_and_turnin,0.2,3,3
SCErrorMsgPacket,SCUnitAttachedPacket,1,quest_accept_and_turnin,0.25,3,2
SCErrorMsgPacket,SCUnitDamagedPacket,1,quest_accept_and_turnin,0.25,3,2
SCErrorMsgPacket,SCUnitDeathPacket,1,quest_accept_and_turnin,0.2,3,3
SCErrorMsgPacket,SCUnitDetachedPacket,1,quest_accept_and_turnin,0.25,3,2
SCErrorMsgPacket,SCUnitHealedPacket,1,quest_accept_and_turnin,0.25,3,2
SCErrorMsgPacket,SCUnitStatePacket,1,quest_accept_and_turnin,0.1667,3,4
SCErrorMsgPacket,SCUnitsRemovedPacket,1,quest_accept_and_turnin,0.2,3,3
SCErrorMsgPacket,refusal:skill_refused,1,quest_accept_and_turnin,0.3333,3,1
SCErrorMsgPacket,resource:money_changed,1,quest_accept_and_turnin,0.1667,3,4
SCErrorMsgPacket,skill:instant_cast,1,quest_accept_and_turnin,0.125,3,6
SCExpChangedPacket,SCMateSpawnedPacket,1,quest_accept_and_turnin,0.2,3,3
SCExpChangedPacket,SCMateStatePacket,1,quest_accept_and_turnin,0.2,3,3
SCExpChangedPacket,SCNpcChatMessagePacket,1,quest_accept_and_turnin,0.3333,3,1
SCExpChangedPacket,SCNpcInteractionSkillListPacket,1,quest_accept_and_turnin,0.125,3,6
SCExpChangedPacket,SCPlaySoundPacket,1,quest_accept_and_turnin,0.3333,3,1
SCExpChangedPacket,SCPlotEndedPacket,1,quest_accept_and_turnin,0.3333,3,1
SCExpChangedPacket,SCQuestContextCompletedPacket,1,quest_accept_and_turnin,0.3333,3,1
SCExpChangedPacket,SCQuestContextStartedPacket,1,quest_accept_and_turnin,0.25,3,2
SCExpChangedPacket,SCQuestContextUpdatedPacket,1,quest_accept_and_turnin,0.2,3,3
SCExpChangedPacket,SCUnitAttachedPacket,1,quest_accept_and_turnin,0.25,3,2
SCExpChangedPacket,SCUnitDamagedPacket,1,quest_accept_and_turnin,0.25,3,2
SCExpChangedPacket,SCUnitDeathPacket,1,quest_accept_and_turnin,0.2,3,3
SCExpChangedPacket,SCUnitDetachedPacket,1,quest_accept_and_turnin,0.25,3,2
SCExpChangedPacket,SCUnitHealedPacket,1,quest_accept_and_turnin,0.25,3,2
SCExpChangedPacket,SCUnitStatePacket,1,quest_accept_and_turnin,0.1667,3,4
SCExpChangedPacket,SCUnitsRemovedPacket,1,quest_accept_and_turnin,0.2,3,3
SCExpChangedPacket,refusal:skill_refused,1,quest_accept_and_turnin,0.3333,3,1
SCExpChangedPacket,resource:money_changed,1,quest_accept_and_turnin,0.1667,3,4
SCExpChangedPacket,skill:instant_cast,1,quest_accept_and_turnin,0.125,3,6
SCICSCashPointPacket,SCMateSpawnedPacket,1,quest_accept_and_turnin,0.25,2,3
SCICSCashPointPacket,SCMateStatePacket,1,quest_accept_and_turnin,0.25,2,3
SCICSCashPointPacket,SCNpcChatMessagePacket,1,quest_accept_and_turnin,0.5,2,1
SCICSCashPointPacket,SCNpcInteractionSkillListPacket,1,quest_accept_and_turnin,0.1429,2,6
SCICSCashPointPacket,SCPlaySoundPacket,1,quest_accept_and_turnin,0.5,2,1
SCICSCashPointPacket,SCPlotEndedPacket,1,quest_accept_and_turnin,0.5,2,1
SCICSCashPointPacket,SCQuestContextCompletedPacket,1,quest_accept_and_turnin,0.5,2,1
SCICSCashPointPacket,SCQuestContextStartedPacket,1,quest_accept_and_turnin,0.3333,2,2
SCICSCashPointPacket,SCQuestContextUpdatedPacket,1,quest_accept_and_turnin,0.25,2,3
SCICSCashPointPacket,SCUnitAttachedPacket,1,quest_accept_and_turnin,0.3333,2,2
SCICSCashPointPacket,SCUnitDamagedPacket,1,quest_accept_and_turnin,0.3333,2,2
SCICSCashPointPacket,SCUnitDeathPacket,1,quest_accept_and_turnin,0.25,2,3
SCICSCashPointPacket,SCUnitDetachedPacket,1,quest_accept_and_turnin,0.3333,2,2
SCICSCashPointPacket,SCUnitHealedPacket,1,quest_accept_and_turnin,0.3333,2,2
SCICSCashPointPacket,SCUnitStatePacket,1,quest_accept_and_turnin,0.2,2,4
SCICSCashPointPacket,SCUnitsRemovedPacket,1,quest_accept_and_turnin,0.25,2,3
SCICSCashPointPacket,refusal:skill_refused,1,quest_accept_and_turnin,0.5,2,1
SCICSCashPointPacket,resource:money_changed,1,quest_accept_and_turnin,0.2,2,4
SCICSCashPointPacket,skill:instant_cast,1,quest_accept_and_turnin,0.1429,2,6
SCItemTaskSuccessPacket,SCNpcChatMessagePacket,1,quest_accept_and_turnin,0.1,10,1
SCItemTaskSuccessPacket,SCPlaySoundPacket,1,quest_accept_and_turnin,0.1,10,1
SCItemTaskSuccessPacket,SCPlotEndedPacket,1,quest_accept_and_turnin,0.1,10,1
SCItemTaskSuccessPacket,SCQuestContextCompletedPacket,1,quest_accept_and_turnin,0.1,10,1
SCItemTaskSuccessPacket,SCQuestContextStartedPacket,1,quest_accept_and_turnin,0.0909,10,2
SCItemTaskSuccessPacket,SCQuestContextUpdatedPacket,1,quest_accept_and_turnin,0.0833,10,3
SCItemTaskSuccessPacket,SCUnitDamagedPacket,1,quest_accept_and_turnin,0.0909,10,2
SCItemTaskSuccessPacket,SCUnitDeathPacket,1,quest_accept_and_turnin,0.0833,10,3
SCItemTaskSuccessPacket,SCUnitDetachedPacket,1,quest_accept_and_turnin,0.0909,10,2
SCItemTaskSuccessPacket,SCUnitHealedPacket,1,quest_accept_and_turnin,0.0909,10,2
SCItemTaskSuccessPacket,refusal:skill_refused,1,quest_accept_and_turnin,0.1,10,1
SCMateSpawnedPacket,SCNpcChatMessagePacket,1,quest_accept_and_turnin,0.3333,3,1
SCMateSpawnedPacket,SCNpcInteractionSkillListPacket,1,quest_accept_and_turnin,0.125,3,6
SCMateSpawnedPacket,SCPlaySoundPacket,1,quest_accept_and_turnin,0.3333,3,1
SCMateSpawnedPacket,SCPlotEndedPacket,1,quest_accept_and_turnin,0.3333,3,1
SCMateSpawnedPacket,SCQuestContextCompletedPacket,1,quest_accept_and_turnin,0.3333,3,1
SCMateSpawnedPacket,SCQuestContextStartedPacket,1,quest_accept_and_turnin,0.25,3,2
SCMateSpawnedPacket,SCQuestContextUpdatedPacket,1,quest_accept_and_turnin,0.2,3,3
SCMateSpawnedPacket,SCSkillStartedPacket,1,quest_accept_and_turnin,0.1667,3,4
SCMateSpawnedPacket,SCUnitDamagedPacket,1,quest_accept_and_turnin,0.25,3,2
SCMateSpawnedPacket,SCUnitDeathPacket,1,quest_accept_and_turnin,0.2,3,3
SCMateSpawnedPacket,SCUnitDetachedPacket,1,quest_accept_and_turnin,0.25,3,2
SCMateSpawnedPacket,SCUnitHealedPacket,1,quest_accept_and_turnin,0.25,3,2
SCMateSpawnedPacket,movement:movement_update,1,quest_accept_and_turnin,0.1429,3,5
SCMateSpawnedPacket,refusal:skill_refused,1,quest_accept_and_turnin,0.3333,3,1
SCMateSpawnedPacket,resource:money_changed,1,quest_accept_and_turnin,0.1667,3,4
SCMateStatePacket,SCNpcChatMessagePacket,1,quest_accept_and_turnin,0.3333,3,1
SCMateStatePacket,SCNpcInteractionSkillListPacket,1,quest_accept_and_turnin,0.125,3,6
SCMateStatePacket,SCPlaySoundPacket,1,quest_accept_and_turnin,0.3333,3,1
SCMateStatePacket,SCPlotEndedPacket,1,quest_accept_and_turnin,0.3333,3,1
SCMateStatePacket,SCQuestContextCompletedPacket,1,quest_accept_and_turnin,0.3333,3,1
SCMateStatePacket,SCQuestContextStartedPacket,1,quest_accept_and_turnin,0.25,3,2
SCMateStatePacket,SCQuestContextUpdatedPacket,1,quest_accept_and_turnin,0.2,3,3
SCMateStatePacket,SCSkillStartedPacket,1,quest_accept_and_turnin,0.1667,3,4
SCMateStatePacket,SCUnitDamagedPacket,1,quest_accept_and_turnin,0.25,3,2
SCMateStatePacket,SCUnitDeathPacket,1,quest_accept_and_turnin,0.2,3,3
SCMateStatePacket,SCUnitDetachedPacket,1,quest_accept_and_turnin,0.25,3,2
SCMateStatePacket,SCUnitHealedPacket,1,quest_accept_and_turnin,0.25,3,2
SCMateStatePacket,movement:movement_update,1,quest_accept_and_turnin,0.1429,3,5
SCMateStatePacket,refusal:skill_refused,1,quest_accept_and_turnin,0.3333,3,1
SCMateStatePacket,resource:money_changed,1,quest_accept_and_turnin,0.1667,3,4
SCNpcChatMessagePacket,SCNpcInteractionSkillListPacket,1,quest_accept_and_turnin,0.1667,1,6
SCNpcChatMessagePacket,SCOneUnitMovementPacket,1,quest_accept_and_turnin,0.0714,1,14
SCNpcChatMessagePacket,SCPlaySoundPacket,1,quest_accept_and_turnin,1.0,1,1
SCNpcChatMessagePacket,SCPlotEndedPacket,1,quest_accept_and_turnin,1.0,1,1
SCNpcChatMessagePacket,SCQuestContextCompletedPacket,1,quest_accept_and_turnin,1.0,1,1
SCNpcChatMessagePacket,SCQuestContextStartedPacket,1,quest_accept_and_turnin,0.5,1,2
SCNpcChatMessagePacket,SCQuestContextUpdatedPacket,1,quest_accept_and_turnin,0.3333,1,3
SCNpcChatMessagePacket,SCSkillEndedPacket,1,quest_accept_and_turnin,0.1,1,10
SCNpcChatMessagePacket,SCSkillFiredPacket,1,quest_accept_and_turnin,0.1,1,10
SCNpcChatMessagePacket,SCSkillStartedPacket,1,quest_accept_and_turnin,0.25,1,4
SCNpcChatMessagePacket,SCTargetChangedPacket,1,quest_accept_and_turnin,0.0833,1,12
SCNpcChatMessagePacket,SCTimeOfDayPacket,1,quest_accept_and_turnin,0.0769,1,13
SCNpcChatMessagePacket,SCUnitAttachedPacket,1,quest_accept_and_turnin,0.5,1,2
SCNpcChatMessagePacket,SCUnitDamagedPacket,1,quest_accept_and_turnin,0.5,1,2
SCNpcChatMessagePacket,SCUnitDeathPacket,1,quest_accept_and_turnin,0.3333,1,3
SCNpcChatMessagePacket,SCUnitDetachedPacket,1,quest_accept_and_turnin,0.5,1,2
SCNpcChatMessagePacket,SCUnitHealedPacket,1,quest_accept_and_turnin,0.5,1,2
SCNpcChatMessagePacket,SCUnitModelPostureChangedPacket,1,quest_accept_and_turnin,0.0714,1,14
SCNpcChatMessagePacket,SCUnitPointsPacket,1,quest_accept_and_turnin,0.1,1,10
SCNpcChatMessagePacket,SCUnitStatePacket,1,quest_accept_and_turnin,0.25,1,4
SCNpcChatMessagePacket,SCUnitsRemovedPacket,1,quest_accept_and_turnin,0.3333,1,3
SCNpcChatMessagePacket,lifecycle:trace_started,1,quest_accept_and_turnin,0.0714,1,14
SCNpcChatMessagePacket,lifecycle:trace_stopped,1,quest_accept_and_turnin,0.0769,1,13
SCNpcChatMessagePacket,movement:move_begin,1,quest_accept_and_turnin,0.1111,1,9
SCNpcChatMessagePacket,movement:move_stop,1,quest_accept_and_turnin,0.1111,1,9
SCNpcChatMessagePacket,movement:movement_update,1,quest_accept_and_turnin,0.2,1,5
SCNpcChatMessagePacket,packet:packet_in,1,quest_accept_and_turnin,0.0714,1,14
SCNpcChatMessagePacket,packet:packet_out,1,quest_accept_and_turnin,0.0714,1,14
SCNpcChatMessagePacket,refusal:skill_refused,1,quest_accept_and_turnin,1.0,1,1
SCNpcChatMessagePacket,resource:money_changed,1,quest_accept_and_turnin,0.25,1,4
SCNpcChatMessagePacket,skill:instant_cast,1,quest_accept_and_turnin,0.1667,1,6
SCNpcChatMessagePacket,skill:skill_requested,1,quest_accept_and_turnin,0.1111,1,9
SCNpcInteractionSkillListPacket,SCPlaySoundPacket,1,quest_accept_and_turnin,0.1667,6,1
SCNpcInteractionSkillListPacket,SCPlotEndedPacket,1,quest_accept_and_turnin,0.1667,6,1
SCNpcInteractionSkillListPacket,SCQuestContextCompletedPacket,1,quest_accept_and_turnin,0.1667,6,1
SCNpcInteractionSkillListPacket,SCUnitAttachedPacket,1,quest_accept_and_turnin,0.1429,6,2
SCNpcInteractionSkillListPacket,SCUnitDamagedPacket,1,quest_accept_and_turnin,0.1429,6,2
SCNpcInteractionSkillListPacket,SCUnitDetachedPacket,1,quest_accept_and_turnin,0.1429,6,2
SCNpcInteractionSkillListPacket,SCUnitStatePacket,1,quest_accept_and_turnin,0.1111,6,4
SCNpcInteractionSkillListPacket,refusal:skill_refused,1,quest_accept_and_turnin,0.1667,6,1
SCOneUnitMovementPacket,SCPlaySoundPacket,1,quest_accept_and_turnin,0.0714,14,1
SCOneUnitMovementPacket,SCPlotEndedPacket,1,quest_accept_and_turnin,0.0714,14,1
SCOneUnitMovementPacket,SCQuestContextCompletedPacket,1,quest_accept_and_turnin,0.0714,14,1
SCOneUnitMovementPacket,refusal:skill_refused,1,quest_accept_and_turnin,0.0714,14,1
SCPlaySoundPacket,SCPlotEndedPacket,1,quest_accept_and_turnin,1.0,1,1
SCPlaySoundPacket,SCQuestContextCompletedPacket,1,quest_accept_and_turnin,1.0,1,1
SCPlaySoundPacket,SCQuestContextStartedPacket,1,quest_accept_and_turnin,0.5,1,2
SCPlaySoundPacket,SCQuestContextUpdatedPacket,1,quest_accept_and_turnin,0.3333,1,3
SCPlaySoundPacket,SCSkillEndedPacket,1,quest_accept_and_turnin,0.1,1,10
SCPlaySoundPacket,SCSkillFiredPacket,1,quest_accept_and_turnin,0.1,1,10
SCPlaySoundPacket,SCSkillStartedPacket,1,quest_accept_and_turnin,0.25,1,4
SCPlaySoundPacket,SCTargetChangedPacket,1,quest_accept_and_turnin,0.0833,1,12
SCPlaySoundPacket,SCTimeOfDayPacket,1,quest_accept_and_turnin,0.0769,1,13
SCPlaySoundPacket,SCUnitAttachedPacket,1,quest_accept_and_turnin,0.5,1,2
SCPlaySoundPacket,SCUnitDamagedPacket,1,quest_accept_and_turnin,0.5,1,2
SCPlaySoundPacket,SCUnitDeathPacket,1,quest_accept_and_turnin,0.3333,1,3
SCPlaySoundPacket,SCUnitDetachedPacket,1,quest_accept_and_turnin,0.5,1,2
SCPlaySoundPacket,SCUnitHealedPacket,1,quest_accept_and_turnin,0.5,1,2
SCPlaySoundPacket,SCUnitModelPostureChangedPacket,1,quest_accept_and_turnin,0.0714,1,14
SCPlaySoundPacket,SCUnitPointsPacket,1,quest_accept_and_turnin,0.1,1,10
SCPlaySoundPacket,SCUnitStatePacket,1,quest_accept_and_turnin,0.25,1,4
SCPlaySoundPacket,SCUnitsRemovedPacket,1,quest_accept_and_turnin,0.3333,1,3
SCPlaySoundPacket,lifecycle:trace_started,1,quest_accept_and_turnin,0.0714,1,14
SCPlaySoundPacket,lifecycle:trace_stopped,1,quest_accept_and_turnin,0.0769,1,13
SCPlaySoundPacket,movement:move_begin,1,quest_accept_and_turnin,0.1111,1,9
SCPlaySoundPacket,movement:move_stop,1,quest_accept_and_turnin,0.1111,1,9
SCPlaySoundPacket,movement:movement_update,1,quest_accept_and_turnin,0.2,1,5
SCPlaySoundPacket,packet:packet_in,1,quest_accept_and_turnin,0.0714,1,14
SCPlaySoundPacket,packet:packet_out,1,quest_accept_and_turnin,0.0714,1,14
SCPlaySoundPacket,refusal:skill_refused,1,quest_accept_and_turnin,1.0,1,1
SCPlaySoundPacket,resource:money_changed,1,quest_accept_and_turnin,0.25,1,4
SCPlaySoundPacket,skill:instant_cast,1,quest_accept_and_turnin,0.1667,1,6
SCPlaySoundPacket,skill:skill_requested,1,quest_accept_and_turnin,0.1111,1,9
SCPlotEndedPacket,SCQuestContextCompletedPacket,1,quest_accept_and_turnin,1.0,1,1
SCPlotEndedPacket,SCQuestContextStartedPacket,1,quest_accept_and_turnin,0.5,1,2
SCPlotEndedPacket,SCQuestContextUpdatedPacket,1,quest_accept_and_turnin,0.3333,1,3
SCPlotEndedPacket,SCSkillEndedPacket,1,quest_accept_and_turnin,0.1,1,10
SCPlotEndedPacket,SCSkillFiredPacket,1,quest_accept_and_turnin,0.1,1,10
SCPlotEndedPacket,SCSkillStartedPacket,1,quest_accept_and_turnin,0.25,1,4
SCPlotEndedPacket,SCTargetChangedPacket,1,quest_accept_and_turnin,0.0833,1,12
SCPlotEndedPacket,SCTimeOfDayPacket,1,quest_accept_and_turnin,0.0769,1,13
SCPlotEndedPacket,SCUnitAttachedPacket,1,quest_accept_and_turnin,0.5,1,2
SCPlotEndedPacket,SCUnitDamagedPacket,1,quest_accept_and_turnin,0.5,1,2
SCPlotEndedPacket,SCUnitDeathPacket,1,quest_accept_and_turnin,0.3333,1,3
SCPlotEndedPacket,SCUnitDetachedPacket,1,quest_accept_and_turnin,0.5,1,2
SCPlotEndedPacket,SCUnitHealedPacket,1,quest_accept_and_turnin,0.5,1,2
SCPlotEndedPacket,SCUnitModelPostureChangedPacket,1,quest_accept_and_turnin,0.0714,1,14
SCPlotEndedPacket,SCUnitPointsPacket,1,quest_accept_and_turnin,0.1,1,10
SCPlotEndedPacket,SCUnitStatePacket,1,quest_accept_and_turnin,0.25,1,4
SCPlotEndedPacket,SCUnitsRemovedPacket,1,quest_accept_and_turnin,0.3333,1,3
SCPlotEndedPacket,lifecycle:trace_started,1,quest_accept_and_turnin,0.0714,1,14
SCPlotEndedPacket,lifecycle:trace_stopped,1,quest_accept_and_turnin,0.0769,1,13
SCPlotEndedPacket,movement:move_begin,1,quest_accept_and_turnin,0.1111,1,9
SCPlotEndedPacket,movement:move_stop,1,quest_accept_and_turnin,0.1111,1,9
SCPlotEndedPacket,movement:movement_update,1,quest_accept_and_turnin,0.2,1,5
SCPlotEndedPacket,packet:packet_in,1,quest_accept_and_turnin,0.0714,1,14
SCPlotEndedPacket,packet:packet_out,1,quest_accept_and_turnin,0.0714,1,14
SCPlotEndedPacket,refusal:skill_refused,1,quest_accept_and_turnin,1.0,1,1
SCPlotEndedPacket,resource:money_changed,1,quest_accept_and_turnin,0.25,1,4
SCPlotEndedPacket,skill:instant_cast,1,quest_accept_and_turnin,0.1667,1,6
SCPlotEndedPacket,skill:skill_requested,1,quest_accept_and_turnin,0.1111,1,9
SCQuestContextCompletedPacket,SCQuestContextStartedPacket,1,quest_accept_and_turnin,0.5,1,2
SCQuestContextCompletedPacket,SCQuestContextUpdatedPacket,1,quest_accept_and_turnin,0.3333,1,3
SCQuestContextCompletedPacket,SCSkillEndedPacket,1,quest_accept_and_turnin,0.1,1,10
SCQuestContextCompletedPacket,SCSkillFiredPacket,1,quest_accept_and_turnin,0.1,1,10
SCQuestContextCompletedPacket,SCSkillStartedPacket,1,quest_accept_and_turnin,0.25,1,4
SCQuestContextCompletedPacket,SCTargetChangedPacket,1,quest_accept_and_turnin,0.0833,1,12
SCQuestContextCompletedPacket,SCTimeOfDayPacket,1,quest_accept_and_turnin,0.0769,1,13
SCQuestContextCompletedPacket,SCUnitAttachedPacket,1,quest_accept_and_turnin,0.5,1,2
SCQuestContextCompletedPacket,SCUnitDamagedPacket,1,quest_accept_and_turnin,0.5,1,2
SCQuestContextCompletedPacket,SCUnitDeathPacket,1,quest_accept_and_turnin,0.3333,1,3
SCQuestContextCompletedPacket,SCUnitDetachedPacket,1,quest_accept_and_turnin,0.5,1,2
SCQuestContextCompletedPacket,SCUnitHealedPacket,1,quest_accept_and_turnin,0.5,1,2
SCQuestContextCompletedPacket,SCUnitModelPostureChangedPacket,1,quest_accept_and_turnin,0.0714,1,14
SCQuestContextCompletedPacket,SCUnitPointsPacket,1,quest_accept_and_turnin,0.1,1,10
SCQuestContextCompletedPacket,SCUnitStatePacket,1,quest_accept_and_turnin,0.25,1,4
SCQuestContextCompletedPacket,SCUnitsRemovedPacket,1,quest_accept_and_turnin,0.3333,1,3
SCQuestContextCompletedPacket,lifecycle:trace_started,1,quest_accept_and_turnin,0.0714,1,14
SCQuestContextCompletedPacket,lifecycle:trace_stopped,1,quest_accept_and_turnin,0.0769,1,13
SCQuestContextCompletedPacket,movement:move_begin,1,quest_accept_and_turnin,0.1111,1,9
SCQuestContextCompletedPacket,movement:move_stop,1,quest_accept_and_turnin,0.1111,1,9
SCQuestContextCompletedPacket,movement:movement_update,1,quest_accept_and_turnin,0.2,1,5
SCQuestContextCompletedPacket,packet:packet_in,1,quest_accept_and_turnin,0.0714,1,14
SCQuestContextCompletedPacket,packet:packet_out,1,quest_accept_and_turnin,0.0714,1,14
SCQuestContextCompletedPacket,refusal:skill_refused,1,quest_accept_and_turnin,1.0,1,1
SCQuestContextCompletedPacket,resource:money_changed,1,quest_accept_and_turnin,0.25,1,4
SCQuestContextCompletedPacket,skill:instant_cast,1,quest_accept_and_turnin,0.1667,1,6
SCQuestContextCompletedPacket,skill:skill_requested,1,quest_accept_and_turnin,0.1111,1,9
SCQuestContextStartedPacket,SCSkillStartedPacket,1,quest_accept_and_turnin,0.2,2,4
SCQuestContextStartedPacket,SCUnitAttachedPacket,1,quest_accept_and_turnin,0.3333,2,2
SCQuestContextStartedPacket,SCUnitDamagedPacket,1,quest_accept_and_turnin,0.3333,2,2
SCQuestContextStartedPacket,SCUnitDetachedPacket,1,quest_accept_and_turnin,0.3333,2,2
SCQuestContextStartedPacket,SCUnitStatePacket,1,quest_accept_and_turnin,0.2,2,4
SCQuestContextStartedPacket,refusal:skill_refused,1,quest_accept_and_turnin,0.5,2,1
SCQuestContextStartedPacket,resource:money_changed,1,quest_accept_and_turnin,0.2,2,4
SCQuestContextUpdatedPacket,SCSkillStartedPacket,1,quest_accept_and_turnin,0.1667,3,4
SCQuestContextUpdatedPacket,SCUnitAttachedPacket,1,quest_accept_and_turnin,0.25,3,2
SCQuestContextUpdatedPacket,SCUnitDetachedPacket,1,quest_accept_and_turnin,0.25,3,2
SCQuestContextUpdatedPacket,SCUnitStatePacket,1,quest_accept_and_turnin,0.1667,3,4
SCQuestContextUpdatedPacket,refusal:skill_refused,1,quest_accept_and_turnin,0.3333,3,1
SCQuestContextUpdatedPacket,resource:money_changed,1,quest_accept_and_turnin,0.1667,3,4
SCSkillEndedPacket,refusal:skill_refused,1,quest_accept_and_turnin,0.1,10,1
SCSkillFiredPacket,refusal:skill_refused,1,quest_accept_and_turnin,0.1,10,1
SCSkillStartedPacket,SCUnitAttachedPacket,1,quest_accept_and_turnin,0.2,4,2
SCSkillStartedPacket,SCUnitDamagedPacket,1,quest_accept_and_turnin,0.2,4,2
SCSkillStartedPacket,SCUnitDeathPacket,1,quest_accept_and_turnin,0.1667,4,3
SCSkillStartedPacket,SCUnitDetachedPacket,1,quest_accept_and_turnin,0.2,4,2
SCSkillStartedPacket,SCUnitHealedPacket,1,quest_accept_and_turnin,0.2,4,2
SCSkillStartedPacket,SCUnitStatePacket,1,quest_accept_and_turnin,0.1429,4,4
SCSkillStartedPacket,SCUnitsRemovedPacket,1,quest_accept_and_turnin,0.1667,4,3
SCSkillStartedPacket,refusal:skill_refused,1,quest_accept_and_turnin,0.25,4,1
SCSkillStartedPacket,skill:instant_cast,1,quest_accept_and_turnin,0.1111,4,6
SCTargetChangedPacket,refusal:skill_refused,1,quest_accept_and_turnin,0.0833,12,1
SCTimeOfDayPacket,refusal:skill_refused,1,quest_accept_and_turnin,0.0769,13,1
SCUnitAttachedPacket,SCUnitDamagedPacket,1,quest_accept_and_turnin,0.3333,2,2
SCUnitAttachedPacket,SCUnitDeathPacket,1,quest_accept_and_turnin,0.25,2,3
SCUnitAttachedPacket,SCUnitDetachedPacket,1,quest_accept_and_turnin,0.3333,2,2
SCUnitAttachedPacket,SCUnitHealedPacket,1,quest_accept_and_turnin,0.3333,2,2
SCUnitAttachedPacket,SCUnitsRemovedPacket,1,quest_accept_and_turnin,0.25,2,3
SCUnitAttachedPacket,movement:move_begin,1,quest_accept_and_turnin,0.1,2,9
SCUnitAttachedPacket,movement:move_stop,1,quest_accept_and_turnin,0.1,2,9
SCUnitAttachedPacket,movement:movement_update,1,quest_accept_and_turnin,0.1667,2,5
SCUnitAttachedPacket,refusal:skill_refused,1,quest_accept_and_turnin,0.5,2,1
SCUnitAttachedPacket,resource:money_changed,1,quest_accept_and_turnin,0.2,2,4
SCUnitDamagedPacket,SCUnitDetachedPacket,1,quest_accept_and_turnin,0.3333,2,2
SCUnitDamagedPacket,SCUnitHealedPacket,1,quest_accept_and_turnin,0.3333,2,2
SCUnitDamagedPacket,SCUnitStatePacket,1,quest_accept_and_turnin,0.2,2,4
SCUnitDamagedPacket,SCUnitsRemovedPacket,1,quest_accept_and_turnin,0.25,2,3
SCUnitDamagedPacket,movement:move_begin,1,quest_accept_and_turnin,0.1,2,9
SCUnitDamagedPacket,movement:move_stop,1,quest_accept_and_turnin,0.1,2,9
SCUnitDamagedPacket,movement:movement_update,1,quest_accept_and_turnin,0.1667,2,5
SCUnitDamagedPacket,refusal:skill_refused,1,quest_accept_and_turnin,0.5,2,1
SCUnitDamagedPacket,resource:money_changed,1,quest_accept_and_turnin,0.2,2,4
SCUnitDeathPacket,SCUnitDetachedPacket,1,quest_accept_and_turnin,0.25,3,2
SCUnitDeathPacket,SCUnitStatePacket,1,quest_accept_and_turnin,0.1667,3,4
SCUnitDeathPacket,refusal:skill_refused,1,quest_accept_and_turnin,0.3333,3,1
SCUnitDeathPacket,resource:money_changed,1,quest_accept_and_turnin,0.1667,3,4
SCUnitDetachedPacket,SCUnitHealedPacket,1,quest_accept_and_turnin,0.3333,2,2
SCUnitDetachedPacket,SCUnitStatePacket,1,quest_accept_and_turnin,0.2,2,4
SCUnitDetachedPacket,SCUnitsRemovedPacket,1,quest_accept_and_turnin,0.25,2,3
SCUnitDetachedPacket,refusal:skill_refused,1,quest_accept_and_turnin,0.5,2,1
SCUnitDetachedPacket,resource:money_changed,1,quest_accept_and_turnin,0.2,2,4
SCUnitDetachedPacket,skill:instant_cast,1,quest_accept_and_turnin,0.1429,2,6
SCUnitDetachedPacket,skill:skill_requested,1,quest_accept_and_turnin,0.1,2,9
SCUnitHealedPacket,SCUnitStatePacket,1,quest_accept_and_turnin,0.2,2,4
SCUnitHealedPacket,refusal:skill_refused,1,quest_accept_and_turnin,0.5,2,1
SCUnitHealedPacket,resource:money_changed,1,quest_accept_and_turnin,0.2,2,4
SCUnitModelPostureChangedPacket,refusal:skill_refused,1,quest_accept_and_turnin,0.0714,14,1
SCUnitPointsPacket,refusal:skill_refused,1,quest_accept_and_turnin,0.1,10,1
SCUnitStatePacket,movement:movement_update,1,quest_accept_and_turnin,0.125,4,5
SCUnitStatePacket,refusal:skill_refused,1,quest_accept_and_turnin,0.25,4,1
SCUnitStatePacket,resource:money_changed,1,quest_accept_and_turnin,0.1429,4,4
SCUnitsRemovedPacket,refusal:skill_refused,1,quest_accept_and_turnin,0.3333,3,1
SCUnitsRemovedPacket,resource:money_changed,1,quest_accept_and_turnin,0.1667,3,4
lifecycle:trace_started,refusal:skill_refused,1,quest_accept_and_turnin,0.0714,14,1
lifecycle:trace_stopped,refusal:skill_refused,1,quest_accept_and_turnin,0.0769,13,1
movement:move_begin,refusal:skill_refused,1,quest_accept_and_turnin,0.1111,9,1
movement:move_stop,refusal:skill_refused,1,quest_accept_and_turnin,0.1111,9,1
movement:movement_update,refusal:skill_refused,1,quest_accept_and_turnin,0.2,5,1
packet:packet_in,refusal:skill_refused,1,quest_accept_and_turnin,0.0714,14,1
packet:packet_out,refusal:skill_refused,1,quest_accept_and_turnin,0.0714,14,1
refusal:skill_refused,resource:money_changed,1,quest_accept_and_turnin,0.25,1,4
refusal:skill_refused,skill:instant_cast,1,quest_accept_and_turnin,0.1667,1,6
refusal:skill_refused,skill:skill_requested,1,quest_accept_and_turnin,0.1111,1,9
resource:money_changed,skill:instant_cast,1,quest_accept_and_turnin,0.1111,4,6
CSCreateDoodadPacket,lifecycle:trace_stopped,1,place_chick,0.0714,2,13
lifecycle:trace_stopped,world:doodad_created,1,place_chick,0.0714,13,2
CSSendChatMessagePacket,CSUnMountMatePacket,1,dismount_horse,0.0909,10,2
CSSendChatMessagePacket,SCUnitDetachedPacket,1,dismount_horse,0.0909,10,2
CSMountMatePacket,CSSendChatMessagePacket,1,mount_horse,0.0909,2,10
CSSendChatMessagePacket,SCUnitAttachedPacket,1,mount_horse,0.0909,10,2
